2026-03-23 12:22:57,054 [INFO] uvicorn.error: Started server process [54718]
2026-03-23 12:22:57,054 [INFO] uvicorn.error: Waiting for application startup.
2026-03-23 12:22:57,054 [TRACE] uvicorn.asgi: ASGI [1] Started scope={'type': 'lifespan', 'asgi': {'version': '3.0', 'spec_version': '2.0'}, 'state': {}}
2026-03-23 12:22:57,054 [TRACE] uvicorn.asgi: ASGI [1] Receive {'type': 'lifespan.startup'}
2026-03-23 12:22:57,056 [INFO] mcp.server.streamable_http_manager: StreamableHTTP session manager started
2026-03-23 12:22:57,056 [TRACE] uvicorn.asgi: ASGI [1] Send {'type': 'lifespan.startup.complete'}
2026-03-23 12:22:57,056 [INFO] uvicorn.error: Application startup complete.
2026-03-23 12:22:57,061 [INFO] uvicorn.error: Uvicorn running on http://localhost:8003 (Press CTRL+C to quit)
2026-03-23 12:23:04,096 [TRACE] uvicorn.error: ::1:54117 - HTTP connection made
2026-03-23 12:23:04,098 [TRACE] uvicorn.asgi: ::1:54117 - ASGI [2] Started scope={'type': 'http', 'asgi': {'version': '3.0', 'spec_version': '2.3'}, 'http_version': '1.1', 'server': ('::1', 8003), 'client': ('::1', 54117), 'scheme': 'http', 'method': 'POST', 'root_path': '', 'path': '/mcp', 'raw_path': b'/mcp', 'query_string': b'', 'headers': '<...>', 'state': {}}
2026-03-23 12:23:04,102 [TRACE] uvicorn.asgi: ::1:54117 - ASGI [2] Send {'type': 'http.response.start', 'status': 307, 'headers': '<...>'}
2026-03-23 12:23:04,102 [INFO] uvicorn.access: ::1:54117 - "POST /mcp HTTP/1.1" 307
2026-03-23 12:23:04,103 [TRACE] uvicorn.asgi: ::1:54117 - ASGI [2] Send {'type': 'http.response.body', 'body': '<0 bytes>'}
2026-03-23 12:23:04,103 [TRACE] uvicorn.asgi: ::1:54117 - ASGI [2] Completed
2026-03-23 12:23:04,106 [TRACE] uvicorn.error: ::1:54117 - HTTP connection lost
2026-03-23 12:23:04,107 [TRACE] uvicorn.error: ::1:54118 - HTTP connection made
2026-03-23 12:23:04,107 [TRACE] uvicorn.asgi: ::1:54118 - ASGI [3] Started scope={'type': 'http', 'asgi': {'version': '3.0', 'spec_version': '2.3'}, 'http_version': '1.1', 'server': ('::1', 8003), 'client': ('::1', 54118), 'scheme': 'http', 'method': 'POST', 'root_path': '', 'path': '/mcp/', 'raw_path': b'/mcp/', 'query_string': b'', 'headers': '<...>', 'state': {}}
2026-03-23 12:23:04,108 [INFO] mcp.server.streamable_http_manager: Created new transport with session ID: 30b4c18d76014146afc9808123697bfd
2026-03-23 12:23:04,109 [TRACE] uvicorn.asgi: ::1:54118 - ASGI [3] Receive {'type': 'http.request', 'body': '<330 bytes>', 'more_body': False}
2026-03-23 12:23:04,110 [TRACE] uvicorn.asgi: ::1:54118 - ASGI [3] Send {'type': 'http.response.start', 'status': 200, 'headers': '<...>'}
2026-03-23 12:23:04,110 [INFO] uvicorn.access: ::1:54118 - "POST /mcp/ HTTP/1.1" 200
2026-03-23 12:23:04,111 [TRACE] uvicorn.asgi: ::1:54118 - ASGI [3] Send {'type': 'http.response.body', 'body': '<431 bytes>', 'more_body': True}
2026-03-23 12:23:04,111 [TRACE] uvicorn.asgi: ::1:54118 - ASGI [3] Send {'type': 'http.response.body', 'body': '<0 bytes>', 'more_body': False}
2026-03-23 12:23:04,111 [TRACE] uvicorn.asgi: ::1:54118 - ASGI [3] Receive {'type': 'http.disconnect'}
2026-03-23 12:23:04,111 [TRACE] uvicorn.asgi: ::1:54118 - ASGI [3] Completed
2026-03-23 12:23:04,121 [TRACE] uvicorn.asgi: ::1:54118 - ASGI [4] Started scope={'type': 'http', 'asgi': {'version': '3.0', 'spec_version': '2.3'}, 'http_version': '1.1', 'server': ('::1', 8003), 'client': ('::1', 54118), 'scheme': 'http', 'method': 'POST', 'root_path': '', 'path': '/mcp', 'raw_path': b'/mcp', 'query_string': b'', 'headers': '<...>', 'state': {}}
2026-03-23 12:23:04,121 [TRACE] uvicorn.asgi: ::1:54118 - ASGI [4] Send {'type': 'http.response.start', 'status': 307, 'headers': '<...>'}
2026-03-23 12:23:04,121 [INFO] uvicorn.access: ::1:54118 - "POST /mcp HTTP/1.1" 307
2026-03-23 12:23:04,122 [TRACE] uvicorn.asgi: ::1:54118 - ASGI [4] Send {'type': 'http.response.body', 'body': '<0 bytes>'}
2026-03-23 12:23:04,122 [TRACE] uvicorn.asgi: ::1:54118 - ASGI [4] Completed
2026-03-23 12:23:04,123 [TRACE] uvicorn.error: ::1:54118 - HTTP connection lost
2026-03-23 12:23:04,123 [TRACE] uvicorn.error: ::1:54119 - HTTP connection made
2026-03-23 12:23:04,125 [TRACE] uvicorn.asgi: ::1:54119 - ASGI [5] Started scope={'type': 'http', 'asgi': {'version': '3.0', 'spec_version': '2.3'}, 'http_version': '1.1', 'server': ('::1', 8003), 'client': ('::1', 54119), 'scheme': 'http', 'method': 'POST', 'root_path': '', 'path': '/mcp/', 'raw_path': b'/mcp/', 'query_string': b'', 'headers': '<...>', 'state': {}}
2026-03-23 12:23:04,125 [TRACE] uvicorn.asgi: ::1:54119 - ASGI [5] Receive {'type': 'http.request', 'body': '<54 bytes>', 'more_body': False}
2026-03-23 12:23:04,125 [TRACE] uvicorn.asgi: ::1:54119 - ASGI [5] Send {'type': 'http.response.start', 'status': <HTTPStatus.ACCEPTED: 202>, 'headers': '<...>'}
2026-03-23 12:23:04,125 [INFO] uvicorn.access: ::1:54119 - "POST /mcp/ HTTP/1.1" 202
2026-03-23 12:23:04,125 [TRACE] uvicorn.asgi: ::1:54119 - ASGI [5] Send {'type': 'http.response.body', 'body': '<0 bytes>'}
2026-03-23 12:23:04,125 [TRACE] uvicorn.asgi: ::1:54119 - ASGI [5] Completed
2026-03-23 12:23:04,127 [TRACE] uvicorn.asgi: ::1:54119 - ASGI [6] Started scope={'type': 'http', 'asgi': {'version': '3.0', 'spec_version': '2.3'}, 'http_version': '1.1', 'server': ('::1', 8003), 'client': ('::1', 54119), 'scheme': 'http', 'method': 'GET', 'root_path': '', 'path': '/mcp', 'raw_path': b'/mcp', 'query_string': b'', 'headers': '<...>', 'state': {}}
2026-03-23 12:23:04,127 [TRACE] uvicorn.asgi: ::1:54119 - ASGI [6] Send {'type': 'http.response.start', 'status': 307, 'headers': '<...>'}
2026-03-23 12:23:04,127 [INFO] uvicorn.access: ::1:54119 - "GET /mcp HTTP/1.1" 307
2026-03-23 12:23:04,127 [TRACE] uvicorn.asgi: ::1:54119 - ASGI [6] Send {'type': 'http.response.body', 'body': '<0 bytes>'}
2026-03-23 12:23:04,127 [TRACE] uvicorn.asgi: ::1:54119 - ASGI [6] Completed
2026-03-23 12:23:04,128 [TRACE] uvicorn.error: ::1:54119 - HTTP connection lost
2026-03-23 12:23:04,128 [TRACE] uvicorn.error: ::1:54120 - HTTP connection made
2026-03-23 12:23:04,128 [TRACE] uvicorn.asgi: ::1:54120 - ASGI [7] Started scope={'type': 'http', 'asgi': {'version': '3.0', 'spec_version': '2.3'}, 'http_version': '1.1', 'server': ('::1', 8003), 'client': ('::1', 54120), 'scheme': 'http', 'method': 'GET', 'root_path': '', 'path': '/mcp/', 'raw_path': b'/mcp/', 'query_string': b'', 'headers': '<...>', 'state': {}}
2026-03-23 12:23:04,129 [TRACE] uvicorn.asgi: ::1:54120 - ASGI [7] Send {'type': 'http.response.start', 'status': 200, 'headers': '<...>'}
2026-03-23 12:23:04,129 [INFO] uvicorn.access: ::1:54120 - "GET /mcp/ HTTP/1.1" 200
2026-03-23 12:23:04,129 [TRACE] uvicorn.asgi: ::1:54120 - ASGI [7] Receive {'type': 'http.request', 'body': '<0 bytes>', 'more_body': False}
2026-03-23 12:23:05,528 [TRACE] uvicorn.error: ::1:54122 - HTTP connection made
2026-03-23 12:23:05,529 [TRACE] uvicorn.asgi: ::1:54122 - ASGI [8] Started scope={'type': 'http', 'asgi': {'version': '3.0', 'spec_version': '2.3'}, 'http_version': '1.1', 'server': ('::1', 8003), 'client': ('::1', 54122), 'scheme': 'http', 'method': 'POST', 'root_path': '', 'path': '/mcp', 'raw_path': b'/mcp', 'query_string': b'', 'headers': '<...>', 'state': {}}
2026-03-23 12:23:05,529 [TRACE] uvicorn.asgi: ::1:54122 - ASGI [8] Send {'type': 'http.response.start', 'status': 307, 'headers': '<...>'}
2026-03-23 12:23:05,529 [INFO] uvicorn.access: ::1:54122 - "POST /mcp HTTP/1.1" 307
2026-03-23 12:23:05,530 [TRACE] uvicorn.asgi: ::1:54122 - ASGI [8] Send {'type': 'http.response.body', 'body': '<0 bytes>'}
2026-03-23 12:23:05,530 [TRACE] uvicorn.asgi: ::1:54122 - ASGI [8] Completed
2026-03-23 12:23:05,531 [TRACE] uvicorn.error: ::1:54122 - HTTP connection lost
2026-03-23 12:23:05,531 [TRACE] uvicorn.error: ::1:54123 - HTTP connection made
2026-03-23 12:23:05,532 [TRACE] uvicorn.asgi: ::1:54123 - ASGI [9] Started scope={'type': 'http', 'asgi': {'version': '3.0', 'spec_version': '2.3'}, 'http_version': '1.1', 'server': ('::1', 8003), 'client': ('::1', 54123), 'scheme': 'http', 'method': 'POST', 'root_path': '', 'path': '/mcp/', 'raw_path': b'/mcp/', 'query_string': b'', 'headers': '<...>', 'state': {}}
2026-03-23 12:23:05,532 [TRACE] uvicorn.asgi: ::1:54123 - ASGI [9] Receive {'type': 'http.request', 'body': '<89 bytes>', 'more_body': False}
2026-03-23 12:23:05,533 [TRACE] uvicorn.asgi: ::1:54123 - ASGI [9] Send {'type': 'http.response.start', 'status': 200, 'headers': '<...>'}
2026-03-23 12:23:05,533 [INFO] uvicorn.access: ::1:54123 - "POST /mcp/ HTTP/1.1" 200
2026-03-23 12:23:05,534 [INFO] mcp.server.lowlevel.server: Processing request of type ListResourcesRequest
2026-03-23 12:23:05,537 [TRACE] uvicorn.asgi: ::1:54123 - ASGI [9] Send {'type': 'http.response.body', 'body': '<623 bytes>', 'more_body': True}
2026-03-23 12:23:05,538 [TRACE] uvicorn.asgi: ::1:54123 - ASGI [9] Send {'type': 'http.response.body', 'body': '<0 bytes>', 'more_body': False}
2026-03-23 12:23:05,538 [TRACE] uvicorn.asgi: ::1:54123 - ASGI [9] Receive {'type': 'http.disconnect'}
2026-03-23 12:23:05,538 [TRACE] uvicorn.asgi: ::1:54123 - ASGI [9] Completed
2026-03-23 12:23:06,570 [TRACE] uvicorn.asgi: ::1:54123 - ASGI [10] Started scope={'type': 'http', 'asgi': {'version': '3.0', 'spec_version': '2.3'}, 'http_version': '1.1', 'server': ('::1', 8003), 'client': ('::1', 54123), 'scheme': 'http', 'method': 'POST', 'root_path': '', 'path': '/mcp', 'raw_path': b'/mcp', 'query_string': b'', 'headers': '<...>', 'state': {}}
2026-03-23 12:23:06,571 [TRACE] uvicorn.asgi: ::1:54123 - ASGI [10] Send {'type': 'http.response.start', 'status': 307, 'headers': '<...>'}
2026-03-23 12:23:06,571 [INFO] uvicorn.access: ::1:54123 - "POST /mcp HTTP/1.1" 307
2026-03-23 12:23:06,571 [TRACE] uvicorn.asgi: ::1:54123 - ASGI [10] Send {'type': 'http.response.body', 'body': '<0 bytes>'}
2026-03-23 12:23:06,572 [TRACE] uvicorn.asgi: ::1:54123 - ASGI [10] Completed
2026-03-23 12:23:06,573 [TRACE] uvicorn.error: ::1:54123 - HTTP connection lost
2026-03-23 12:23:06,574 [TRACE] uvicorn.error: ::1:54125 - HTTP connection made
2026-03-23 12:23:06,574 [TRACE] uvicorn.asgi: ::1:54125 - ASGI [11] Started scope={'type': 'http', 'asgi': {'version': '3.0', 'spec_version': '2.3'}, 'http_version': '1.1', 'server': ('::1', 8003), 'client': ('::1', 54125), 'scheme': 'http', 'method': 'POST', 'root_path': '', 'path': '/mcp/', 'raw_path': b'/mcp/', 'query_string': b'', 'headers': '<...>', 'state': {}}
2026-03-23 12:23:06,575 [TRACE] uvicorn.asgi: ::1:54125 - ASGI [11] Receive {'type': 'http.request', 'body': '<123 bytes>', 'more_body': False}
2026-03-23 12:23:06,575 [TRACE] uvicorn.asgi: ::1:54125 - ASGI [11] Send {'type': 'http.response.start', 'status': 200, 'headers': '<...>'}
2026-03-23 12:23:06,575 [INFO] uvicorn.access: ::1:54125 - "POST /mcp/ HTTP/1.1" 200
2026-03-23 12:23:06,576 [INFO] mcp.server.lowlevel.server: Processing request of type ReadResourceRequest
2026-03-23 12:23:06,587 [TRACE] uvicorn.asgi: ::1:54125 - ASGI [11] Send {'type': 'http.response.body', 'body': '<197 bytes>', 'more_body': True}
2026-03-23 12:23:06,587 [TRACE] uvicorn.asgi: ::1:54125 - ASGI [11] Send {'type': 'http.response.body', 'body': '<0 bytes>', 'more_body': False}
2026-03-23 12:23:06,587 [TRACE] uvicorn.asgi: ::1:54125 - ASGI [11] Receive {'type': 'http.disconnect'}
2026-03-23 12:23:06,588 [TRACE] uvicorn.asgi: ::1:54125 - ASGI [11] Completed
2026-03-23 12:23:11,588 [TRACE] uvicorn.error: ::1:54125 - HTTP connection lost
2026-03-23 12:23:19,130 [TRACE] uvicorn.asgi: ::1:54120 - ASGI [7] Send {'type': 'http.response.body', 'body': '<45 bytes>', 'more_body': True}
2026-03-23 12:23:34,131 [TRACE] uvicorn.asgi: ::1:54120 - ASGI [7] Send {'type': 'http.response.body', 'body': '<45 bytes>', 'more_body': True}
2026-03-23 12:23:49,132 [TRACE] uvicorn.asgi: ::1:54120 - ASGI [7] Send {'type': 'http.response.body', 'body': '<45 bytes>', 'more_body': True}
2026-03-23 12:24:04,134 [TRACE] uvicorn.asgi: ::1:54120 - ASGI [7] Send {'type': 'http.response.body', 'body': '<45 bytes>', 'more_body': True}
2026-03-23 12:24:19,134 [TRACE] uvicorn.asgi: ::1:54120 - ASGI [7] Send {'type': 'http.response.body', 'body': '<45 bytes>', 'more_body': True}
2026-03-23 12:24:34,135 [TRACE] uvicorn.asgi: ::1:54120 - ASGI [7] Send {'type': 'http.response.body', 'body': '<45 bytes>', 'more_body': True}
2026-03-23 12:24:49,136 [TRACE] uvicorn.asgi: ::1:54120 - ASGI [7] Send {'type': 'http.response.body', 'body': '<45 bytes>', 'more_body': True}
2026-03-23 12:25:04,137 [TRACE] uvicorn.asgi: ::1:54120 - ASGI [7] Send {'type': 'http.response.body', 'body': '<45 bytes>', 'more_body': True}
2026-03-23 12:25:19,138 [TRACE] uvicorn.asgi: ::1:54120 - ASGI [7] Send {'type': 'http.response.body', 'body': '<45 bytes>', 'more_body': True}
2026-03-23 12:25:34,139 [TRACE] uvicorn.asgi: ::1:54120 - ASGI [7] Send {'type': 'http.response.body', 'body': '<45 bytes>', 'more_body': True}
2026-03-23 12:25:49,140 [TRACE] uvicorn.asgi: ::1:54120 - ASGI [7] Send {'type': 'http.response.body', 'body': '<45 bytes>', 'more_body': True}
2026-03-23 12:26:04,140 [TRACE] uvicorn.asgi: ::1:54120 - ASGI [7] Send {'type': 'http.response.body', 'body': '<45 bytes>', 'more_body': True}
2026-03-23 12:26:19,141 [TRACE] uvicorn.asgi: ::1:54120 - ASGI [7] Send {'type': 'http.response.body', 'body': '<45 bytes>', 'more_body': True}
2026-03-23 12:26:34,141 [TRACE] uvicorn.asgi: ::1:54120 - ASGI [7] Send {'type': 'http.response.body', 'body': '<45 bytes>', 'more_body': True}
2026-03-23 12:26:49,142 [TRACE] uvicorn.asgi: ::1:54120 - ASGI [7] Send {'type': 'http.response.body', 'body': '<45 bytes>', 'more_body': True}
2026-03-23 12:27:04,143 [TRACE] uvicorn.asgi: ::1:54120 - ASGI [7] Send {'type': 'http.response.body', 'body': '<45 bytes>', 'more_body': True}
2026-03-23 12:27:19,143 [TRACE] uvicorn.asgi: ::1:54120 - ASGI [7] Send {'type': 'http.response.body', 'body': '<45 bytes>', 'more_body': True}
2026-03-23 12:27:34,144 [TRACE] uvicorn.asgi: ::1:54120 - ASGI [7] Send {'type': 'http.response.body', 'body': '<45 bytes>', 'more_body': True}
2026-03-23 12:27:49,145 [TRACE] uvicorn.asgi: ::1:54120 - ASGI [7] Send {'type': 'http.response.body', 'body': '<45 bytes>', 'more_body': True}
2026-03-23 12:28:04,146 [TRACE] uvicorn.asgi: ::1:54120 - ASGI [7] Send {'type': 'http.response.body', 'body': '<45 bytes>', 'more_body': True}
2026-03-23 12:28:19,147 [TRACE] uvicorn.asgi: ::1:54120 - ASGI [7] Send {'type': 'http.response.body', 'body': '<45 bytes>', 'more_body': True}
2026-03-23 12:28:34,148 [TRACE] uvicorn.asgi: ::1:54120 - ASGI [7] Send {'type': 'http.response.body', 'body': '<45 bytes>', 'more_body': True}
2026-03-23 12:28:49,150 [TRACE] uvicorn.asgi: ::1:54120 - ASGI [7] Send {'type': 'http.response.body', 'body': '<45 bytes>', 'more_body': True}
2026-03-23 12:29:04,151 [TRACE] uvicorn.asgi: ::1:54120 - ASGI [7] Send {'type': 'http.response.body', 'body': '<45 bytes>', 'more_body': True}
2026-03-23 12:29:19,151 [TRACE] uvicorn.asgi: ::1:54120 - ASGI [7] Send {'type': 'http.response.body', 'body': '<45 bytes>', 'more_body': True}
2026-03-23 12:29:34,152 [TRACE] uvicorn.asgi: ::1:54120 - ASGI [7] Send {'type': 'http.response.body', 'body': '<45 bytes>', 'more_body': True}
2026-03-23 12:29:49,153 [TRACE] uvicorn.asgi: ::1:54120 - ASGI [7] Send {'type': 'http.response.body', 'body': '<45 bytes>', 'more_body': True}
2026-03-23 12:30:01,439 [INFO] uvicorn.error: Shutting down
2026-03-23 12:30:01,470 [TRACE] uvicorn.asgi: ::1:54120 - ASGI [7] Completed
2026-03-23 12:30:01,470 [ERROR] uvicorn.error: ASGI callable returned without completing response.
2026-03-23 12:30:01,470 [TRACE] uvicorn.error: ::1:54120 - HTTP connection lost
2026-03-23 12:30:01,540 [INFO] uvicorn.error: Waiting for application shutdown.
2026-03-23 12:30:01,540 [TRACE] uvicorn.asgi: ASGI [1] Receive {'type': 'lifespan.shutdown'}
2026-03-23 12:30:01,540 [INFO] mcp.server.streamable_http_manager: StreamableHTTP session manager shutting down
2026-03-23 12:30:01,540 [TRACE] uvicorn.asgi: ASGI [1] Send {'type': 'lifespan.shutdown.complete'}
2026-03-23 12:30:01,540 [TRACE] uvicorn.asgi: ASGI [1] Completed
2026-03-23 12:30:01,541 [INFO] uvicorn.error: Application shutdown complete.
2026-03-23 12:30:01,541 [INFO] uvicorn.error: Finished server process [54718]
2026-03-23 12:32:15,367 [INFO] uvicorn.error: Started server process [58054]
2026-03-23 12:32:15,368 [INFO] uvicorn.error: Waiting for application startup.
2026-03-23 12:32:15,368 [TRACE] uvicorn.asgi: ASGI [1] Started scope={'type': 'lifespan', 'asgi': {'version': '3.0', 'spec_version': '2.0'}, 'state': {}}
2026-03-23 12:32:15,368 [TRACE] uvicorn.asgi: ASGI [1] Receive {'type': 'lifespan.startup'}
2026-03-23 12:32:15,370 [INFO] mcp.server.streamable_http_manager: StreamableHTTP session manager started
2026-03-23 12:32:15,371 [TRACE] uvicorn.asgi: ASGI [1] Send {'type': 'lifespan.startup.complete'}
2026-03-23 12:32:15,371 [INFO] uvicorn.error: Application startup complete.
2026-03-23 12:32:15,373 [INFO] uvicorn.error: Uvicorn running on http://localhost:8003 (Press CTRL+C to quit)
2026-03-23 12:35:10,452 [INFO] uvicorn.error: Shutting down
2026-03-23 12:35:10,554 [INFO] uvicorn.error: Waiting for application shutdown.
2026-03-23 12:35:10,554 [TRACE] uvicorn.asgi: ASGI [1] Receive {'type': 'lifespan.shutdown'}
2026-03-23 12:35:10,554 [INFO] mcp.server.streamable_http_manager: StreamableHTTP session manager shutting down
2026-03-23 12:35:10,555 [TRACE] uvicorn.asgi: ASGI [1] Send {'type': 'lifespan.shutdown.complete'}
2026-03-23 12:35:10,555 [TRACE] uvicorn.asgi: ASGI [1] Completed
2026-03-23 12:35:10,555 [INFO] uvicorn.error: Application shutdown complete.
2026-03-23 12:35:10,555 [INFO] uvicorn.error: Finished server process [58054]
2026-03-23 12:35:13,399 [INFO] uvicorn.error: Started server process [59179]
2026-03-23 12:35:13,399 [INFO] uvicorn.error: Waiting for application startup.
2026-03-23 12:35:13,399 [TRACE] uvicorn.asgi: ASGI [1] Started scope={'type': 'lifespan', 'asgi': {'version': '3.0', 'spec_version': '2.0'}, 'state': {}}
2026-03-23 12:35:13,400 [TRACE] uvicorn.asgi: ASGI [1] Receive {'type': 'lifespan.startup'}
2026-03-23 12:35:13,402 [INFO] mcp.server.streamable_http_manager: StreamableHTTP session manager started
2026-03-23 12:35:13,402 [TRACE] uvicorn.asgi: ASGI [1] Send {'type': 'lifespan.startup.complete'}
2026-03-23 12:35:13,402 [INFO] uvicorn.error: Application startup complete.
2026-03-23 12:35:13,404 [INFO] uvicorn.error: Uvicorn running on http://localhost:8003 (Press CTRL+C to quit)
2026-03-23 12:35:22,150 [TRACE] uvicorn.error: ::1:54244 - HTTP connection made
2026-03-23 12:35:22,150 [TRACE] uvicorn.asgi: ::1:54244 - ASGI [2] Started scope={'type': 'http', 'asgi': {'version': '3.0', 'spec_version': '2.3'}, 'http_version': '1.1', 'server': ('::1', 8003), 'client': ('::1', 54244), 'scheme': 'http', 'method': 'POST', 'root_path': '', 'path': '/mcp', 'raw_path': b'/mcp', 'query_string': b'', 'headers': '<...>', 'state': {}}
2026-03-23 12:35:22,151 [TRACE] uvicorn.asgi: ::1:54244 - ASGI [2] Send {'type': 'http.response.start', 'status': 307, 'headers': '<...>'}
2026-03-23 12:35:22,151 [INFO] uvicorn.access: ::1:54244 - "POST /mcp HTTP/1.1" 307
2026-03-23 12:35:22,151 [TRACE] uvicorn.asgi: ::1:54244 - ASGI [2] Send {'type': 'http.response.body', 'body': '<0 bytes>'}
2026-03-23 12:35:22,151 [TRACE] uvicorn.asgi: ::1:54244 - ASGI [2] Completed
2026-03-23 12:35:22,151 [TRACE] uvicorn.error: ::1:54244 - HTTP connection lost
2026-03-23 12:35:22,152 [TRACE] uvicorn.error: ::1:54245 - HTTP connection made
2026-03-23 12:35:22,152 [TRACE] uvicorn.asgi: ::1:54245 - ASGI [3] Started scope={'type': 'http', 'asgi': {'version': '3.0', 'spec_version': '2.3'}, 'http_version': '1.1', 'server': ('::1', 8003), 'client': ('::1', 54245), 'scheme': 'http', 'method': 'POST', 'root_path': '', 'path': '/mcp/', 'raw_path': b'/mcp/', 'query_string': b'', 'headers': '<...>', 'state': {}}
2026-03-23 12:35:22,153 [TRACE] uvicorn.asgi: ::1:54245 - ASGI [3] Send {'type': 'http.response.start', 'status': <HTTPStatus.NOT_FOUND: 404>, 'headers': '<...>'}
2026-03-23 12:35:22,153 [INFO] uvicorn.access: ::1:54245 - "POST /mcp/ HTTP/1.1" 404
2026-03-23 12:35:22,153 [TRACE] uvicorn.asgi: ::1:54245 - ASGI [3] Send {'type': 'http.response.body', 'body': '<91 bytes>'}
2026-03-23 12:35:22,153 [TRACE] uvicorn.asgi: ::1:54245 - ASGI [3] Completed
2026-03-23 12:35:27,154 [TRACE] uvicorn.error: ::1:54245 - HTTP connection lost
2026-03-23 12:35:48,666 [TRACE] uvicorn.error: ::1:54254 - HTTP connection made
2026-03-23 12:35:48,667 [TRACE] uvicorn.asgi: ::1:54254 - ASGI [4] Started scope={'type': 'http', 'asgi': {'version': '3.0', 'spec_version': '2.3'}, 'http_version': '1.1', 'server': ('::1', 8003), 'client': ('::1', 54254), 'scheme': 'http', 'method': 'POST', 'root_path': '', 'path': '/mcp', 'raw_path': b'/mcp', 'query_string': b'', 'headers': '<...>', 'state': {}}
2026-03-23 12:35:48,667 [TRACE] uvicorn.asgi: ::1:54254 - ASGI [4] Send {'type': 'http.response.start', 'status': 307, 'headers': '<...>'}
2026-03-23 12:35:48,667 [INFO] uvicorn.access: ::1:54254 - "POST /mcp HTTP/1.1" 307
2026-03-23 12:35:48,667 [TRACE] uvicorn.asgi: ::1:54254 - ASGI [4] Send {'type': 'http.response.body', 'body': '<0 bytes>'}
2026-03-23 12:35:48,667 [TRACE] uvicorn.asgi: ::1:54254 - ASGI [4] Completed
2026-03-23 12:35:48,668 [TRACE] uvicorn.error: ::1:54254 - HTTP connection lost
2026-03-23 12:35:48,669 [TRACE] uvicorn.error: ::1:54255 - HTTP connection made
2026-03-23 12:35:48,669 [TRACE] uvicorn.asgi: ::1:54255 - ASGI [5] Started scope={'type': 'http', 'asgi': {'version': '3.0', 'spec_version': '2.3'}, 'http_version': '1.1', 'server': ('::1', 8003), 'client': ('::1', 54255), 'scheme': 'http', 'method': 'POST', 'root_path': '', 'path': '/mcp/', 'raw_path': b'/mcp/', 'query_string': b'', 'headers': '<...>', 'state': {}}
2026-03-23 12:35:48,670 [INFO] mcp.server.streamable_http_manager: Created new transport with session ID: 23b7f174f0e341a2a34ba75437055024
2026-03-23 12:35:48,670 [TRACE] uvicorn.asgi: ::1:54255 - ASGI [5] Receive {'type': 'http.request', 'body': '<330 bytes>', 'more_body': False}
2026-03-23 12:35:48,671 [TRACE] uvicorn.asgi: ::1:54255 - ASGI [5] Send {'type': 'http.response.start', 'status': 200, 'headers': '<...>'}
2026-03-23 12:35:48,671 [INFO] uvicorn.access: ::1:54255 - "POST /mcp/ HTTP/1.1" 200
2026-03-23 12:35:48,671 [TRACE] uvicorn.asgi: ::1:54255 - ASGI [5] Send {'type': 'http.response.body', 'body': '<431 bytes>', 'more_body': True}
2026-03-23 12:35:48,672 [TRACE] uvicorn.asgi: ::1:54255 - ASGI [5] Send {'type': 'http.response.body', 'body': '<0 bytes>', 'more_body': False}
2026-03-23 12:35:48,672 [TRACE] uvicorn.asgi: ::1:54255 - ASGI [5] Receive {'type': 'http.disconnect'}
2026-03-23 12:35:48,672 [TRACE] uvicorn.asgi: ::1:54255 - ASGI [5] Completed
2026-03-23 12:35:48,682 [TRACE] uvicorn.asgi: ::1:54255 - ASGI [6] Started scope={'type': 'http', 'asgi': {'version': '3.0', 'spec_version': '2.3'}, 'http_version': '1.1', 'server': ('::1', 8003), 'client': ('::1', 54255), 'scheme': 'http', 'method': 'POST', 'root_path': '', 'path': '/mcp', 'raw_path': b'/mcp', 'query_string': b'', 'headers': '<...>', 'state': {}}
2026-03-23 12:35:48,682 [TRACE] uvicorn.asgi: ::1:54255 - ASGI [6] Send {'type': 'http.response.start', 'status': 307, 'headers': '<...>'}
2026-03-23 12:35:48,683 [INFO] uvicorn.access: ::1:54255 - "POST /mcp HTTP/1.1" 307
2026-03-23 12:35:48,683 [TRACE] uvicorn.asgi: ::1:54255 - ASGI [6] Send {'type': 'http.response.body', 'body': '<0 bytes>'}
2026-03-23 12:35:48,683 [TRACE] uvicorn.asgi: ::1:54255 - ASGI [6] Completed
2026-03-23 12:35:48,683 [TRACE] uvicorn.error: ::1:54255 - HTTP connection lost
2026-03-23 12:35:48,684 [TRACE] uvicorn.error: ::1:54256 - HTTP connection made
2026-03-23 12:35:48,684 [TRACE] uvicorn.asgi: ::1:54256 - ASGI [7] Started scope={'type': 'http', 'asgi': {'version': '3.0', 'spec_version': '2.3'}, 'http_version': '1.1', 'server': ('::1', 8003), 'client': ('::1', 54256), 'scheme': 'http', 'method': 'POST', 'root_path': '', 'path': '/mcp/', 'raw_path': b'/mcp/', 'query_string': b'', 'headers': '<...>', 'state': {}}
2026-03-23 12:35:48,684 [TRACE] uvicorn.asgi: ::1:54256 - ASGI [7] Receive {'type': 'http.request', 'body': '<54 bytes>', 'more_body': False}
2026-03-23 12:35:48,684 [TRACE] uvicorn.asgi: ::1:54256 - ASGI [7] Send {'type': 'http.response.start', 'status': <HTTPStatus.ACCEPTED: 202>, 'headers': '<...>'}
2026-03-23 12:35:48,684 [INFO] uvicorn.access: ::1:54256 - "POST /mcp/ HTTP/1.1" 202
2026-03-23 12:35:48,684 [TRACE] uvicorn.asgi: ::1:54256 - ASGI [7] Send {'type': 'http.response.body', 'body': '<0 bytes>'}
2026-03-23 12:35:48,684 [TRACE] uvicorn.asgi: ::1:54256 - ASGI [7] Completed
2026-03-23 12:35:48,685 [TRACE] uvicorn.asgi: ::1:54256 - ASGI [8] Started scope={'type': 'http', 'asgi': {'version': '3.0', 'spec_version': '2.3'}, 'http_version': '1.1', 'server': ('::1', 8003), 'client': ('::1', 54256), 'scheme': 'http', 'method': 'GET', 'root_path': '', 'path': '/mcp', 'raw_path': b'/mcp', 'query_string': b'', 'headers': '<...>', 'state': {}}
2026-03-23 12:35:48,685 [TRACE] uvicorn.asgi: ::1:54256 - ASGI [8] Send {'type': 'http.response.start', 'status': 307, 'headers': '<...>'}
2026-03-23 12:35:48,685 [INFO] uvicorn.access: ::1:54256 - "GET /mcp HTTP/1.1" 307
2026-03-23 12:35:48,685 [TRACE] uvicorn.asgi: ::1:54256 - ASGI [8] Send {'type': 'http.response.body', 'body': '<0 bytes>'}
2026-03-23 12:35:48,686 [TRACE] uvicorn.asgi: ::1:54256 - ASGI [8] Completed
2026-03-23 12:35:48,687 [TRACE] uvicorn.error: ::1:54256 - HTTP connection lost
2026-03-23 12:35:48,687 [TRACE] uvicorn.error: ::1:54257 - HTTP connection made
2026-03-23 12:35:48,687 [TRACE] uvicorn.asgi: ::1:54257 - ASGI [9] Started scope={'type': 'http', 'asgi': {'version': '3.0', 'spec_version': '2.3'}, 'http_version': '1.1', 'server': ('::1', 8003), 'client': ('::1', 54257), 'scheme': 'http', 'method': 'GET', 'root_path': '', 'path': '/mcp/', 'raw_path': b'/mcp/', 'query_string': b'', 'headers': '<...>', 'state': {}}
2026-03-23 12:35:48,688 [TRACE] uvicorn.asgi: ::1:54257 - ASGI [9] Send {'type': 'http.response.start', 'status': 200, 'headers': '<...>'}
2026-03-23 12:35:48,688 [INFO] uvicorn.access: ::1:54257 - "GET /mcp/ HTTP/1.1" 200
2026-03-23 12:35:48,688 [TRACE] uvicorn.asgi: ::1:54257 - ASGI [9] Receive {'type': 'http.request', 'body': '<0 bytes>', 'more_body': False}
2026-03-23 12:35:50,043 [TRACE] uvicorn.error: ::1:54259 - HTTP connection made
2026-03-23 12:35:50,043 [TRACE] uvicorn.asgi: ::1:54259 - ASGI [10] Started scope={'type': 'http', 'asgi': {'version': '3.0', 'spec_version': '2.3'}, 'http_version': '1.1', 'server': ('::1', 8003), 'client': ('::1', 54259), 'scheme': 'http', 'method': 'POST', 'root_path': '', 'path': '/mcp', 'raw_path': b'/mcp', 'query_string': b'', 'headers': '<...>', 'state': {}}
2026-03-23 12:35:50,044 [TRACE] uvicorn.asgi: ::1:54259 - ASGI [10] Send {'type': 'http.response.start', 'status': 307, 'headers': '<...>'}
2026-03-23 12:35:50,044 [INFO] uvicorn.access: ::1:54259 - "POST /mcp HTTP/1.1" 307
2026-03-23 12:35:50,044 [TRACE] uvicorn.asgi: ::1:54259 - ASGI [10] Send {'type': 'http.response.body', 'body': '<0 bytes>'}
2026-03-23 12:35:50,044 [TRACE] uvicorn.asgi: ::1:54259 - ASGI [10] Completed
2026-03-23 12:35:50,046 [TRACE] uvicorn.error: ::1:54259 - HTTP connection lost
2026-03-23 12:35:50,047 [TRACE] uvicorn.error: ::1:54260 - HTTP connection made
2026-03-23 12:35:50,048 [TRACE] uvicorn.asgi: ::1:54260 - ASGI [11] Started scope={'type': 'http', 'asgi': {'version': '3.0', 'spec_version': '2.3'}, 'http_version': '1.1', 'server': ('::1', 8003), 'client': ('::1', 54260), 'scheme': 'http', 'method': 'POST', 'root_path': '', 'path': '/mcp/', 'raw_path': b'/mcp/', 'query_string': b'', 'headers': '<...>', 'state': {}}
2026-03-23 12:35:50,048 [TRACE] uvicorn.asgi: ::1:54260 - ASGI [11] Receive {'type': 'http.request', 'body': '<89 bytes>', 'more_body': False}
2026-03-23 12:35:50,048 [TRACE] uvicorn.asgi: ::1:54260 - ASGI [11] Send {'type': 'http.response.start', 'status': 200, 'headers': '<...>'}
2026-03-23 12:35:50,048 [INFO] uvicorn.access: ::1:54260 - "POST /mcp/ HTTP/1.1" 200
2026-03-23 12:35:50,050 [INFO] mcp.server.lowlevel.server: Processing request of type ListResourcesRequest
2026-03-23 12:35:50,051 [TRACE] uvicorn.asgi: ::1:54260 - ASGI [11] Send {'type': 'http.response.body', 'body': '<76 bytes>', 'more_body': True}
2026-03-23 12:35:50,051 [TRACE] uvicorn.asgi: ::1:54260 - ASGI [11] Send {'type': 'http.response.body', 'body': '<0 bytes>', 'more_body': False}
2026-03-23 12:35:50,051 [TRACE] uvicorn.asgi: ::1:54260 - ASGI [11] Receive {'type': 'http.disconnect'}
2026-03-23 12:35:50,052 [TRACE] uvicorn.asgi: ::1:54260 - ASGI [11] Completed
2026-03-23 12:35:52,097 [TRACE] uvicorn.asgi: ::1:54260 - ASGI [12] Started scope={'type': 'http', 'asgi': {'version': '3.0', 'spec_version': '2.3'}, 'http_version': '1.1', 'server': ('::1', 8003), 'client': ('::1', 54260), 'scheme': 'http', 'method': 'POST', 'root_path': '', 'path': '/mcp', 'raw_path': b'/mcp', 'query_string': b'', 'headers': '<...>', 'state': {}}
2026-03-23 12:35:52,097 [TRACE] uvicorn.asgi: ::1:54260 - ASGI [12] Send {'type': 'http.response.start', 'status': 307, 'headers': '<...>'}
2026-03-23 12:35:52,097 [INFO] uvicorn.access: ::1:54260 - "POST /mcp HTTP/1.1" 307
2026-03-23 12:35:52,097 [TRACE] uvicorn.asgi: ::1:54260 - ASGI [12] Send {'type': 'http.response.body', 'body': '<0 bytes>'}
2026-03-23 12:35:52,097 [TRACE] uvicorn.asgi: ::1:54260 - ASGI [12] Completed
2026-03-23 12:35:52,098 [TRACE] uvicorn.error: ::1:54260 - HTTP connection lost
2026-03-23 12:35:52,098 [TRACE] uvicorn.error: ::1:54261 - HTTP connection made
2026-03-23 12:35:52,099 [TRACE] uvicorn.asgi: ::1:54261 - ASGI [13] Started scope={'type': 'http', 'asgi': {'version': '3.0', 'spec_version': '2.3'}, 'http_version': '1.1', 'server': ('::1', 8003), 'client': ('::1', 54261), 'scheme': 'http', 'method': 'POST', 'root_path': '', 'path': '/mcp/', 'raw_path': b'/mcp/', 'query_string': b'', 'headers': '<...>', 'state': {}}
2026-03-23 12:35:52,099 [TRACE] uvicorn.asgi: ::1:54261 - ASGI [13] Receive {'type': 'http.request', 'body': '<89 bytes>', 'more_body': False}
2026-03-23 12:35:52,099 [TRACE] uvicorn.asgi: ::1:54261 - ASGI [13] Send {'type': 'http.response.start', 'status': 200, 'headers': '<...>'}
2026-03-23 12:35:52,099 [INFO] uvicorn.access: ::1:54261 - "POST /mcp/ HTTP/1.1" 200
2026-03-23 12:35:52,100 [INFO] mcp.server.lowlevel.server: Processing request of type ListResourcesRequest
2026-03-23 12:35:52,100 [TRACE] uvicorn.asgi: ::1:54261 - ASGI [13] Send {'type': 'http.response.body', 'body': '<76 bytes>', 'more_body': True}
2026-03-23 12:35:52,100 [TRACE] uvicorn.asgi: ::1:54261 - ASGI [13] Send {'type': 'http.response.body', 'body': '<0 bytes>', 'more_body': False}
2026-03-23 12:35:52,100 [TRACE] uvicorn.asgi: ::1:54261 - ASGI [13] Receive {'type': 'http.disconnect'}
2026-03-23 12:35:52,101 [TRACE] uvicorn.asgi: ::1:54261 - ASGI [13] Completed
2026-03-23 12:35:57,101 [TRACE] uvicorn.error: ::1:54261 - HTTP connection lost
2026-03-23 12:36:01,593 [TRACE] uvicorn.error: ::1:54263 - HTTP connection made
2026-03-23 12:36:01,593 [TRACE] uvicorn.asgi: ::1:54263 - ASGI [14] Started scope={'type': 'http', 'asgi': {'version': '3.0', 'spec_version': '2.3'}, 'http_version': '1.1', 'server': ('::1', 8003), 'client': ('::1', 54263), 'scheme': 'http', 'method': 'POST', 'root_path': '', 'path': '/mcp', 'raw_path': b'/mcp', 'query_string': b'', 'headers': '<...>', 'state': {}}
2026-03-23 12:36:01,593 [TRACE] uvicorn.asgi: ::1:54263 - ASGI [14] Send {'type': 'http.response.start', 'status': 307, 'headers': '<...>'}
2026-03-23 12:36:01,593 [INFO] uvicorn.access: ::1:54263 - "POST /mcp HTTP/1.1" 307
2026-03-23 12:36:01,593 [TRACE] uvicorn.asgi: ::1:54263 - ASGI [14] Send {'type': 'http.response.body', 'body': '<0 bytes>'}
2026-03-23 12:36:01,593 [TRACE] uvicorn.asgi: ::1:54263 - ASGI [14] Completed
2026-03-23 12:36:01,594 [TRACE] uvicorn.error: ::1:54263 - HTTP connection lost
2026-03-23 12:36:01,594 [TRACE] uvicorn.error: ::1:54264 - HTTP connection made
2026-03-23 12:36:01,594 [TRACE] uvicorn.asgi: ::1:54264 - ASGI [15] Started scope={'type': 'http', 'asgi': {'version': '3.0', 'spec_version': '2.3'}, 'http_version': '1.1', 'server': ('::1', 8003), 'client': ('::1', 54264), 'scheme': 'http', 'method': 'POST', 'root_path': '', 'path': '/mcp/', 'raw_path': b'/mcp/', 'query_string': b'', 'headers': '<...>', 'state': {}}
2026-03-23 12:36:01,595 [TRACE] uvicorn.asgi: ::1:54264 - ASGI [15] Receive {'type': 'http.request', 'body': '<85 bytes>', 'more_body': False}
2026-03-23 12:36:01,595 [TRACE] uvicorn.asgi: ::1:54264 - ASGI [15] Send {'type': 'http.response.start', 'status': 200, 'headers': '<...>'}
2026-03-23 12:36:01,595 [INFO] uvicorn.access: ::1:54264 - "POST /mcp/ HTTP/1.1" 200
2026-03-23 12:36:01,595 [INFO] mcp.server.lowlevel.server: Processing request of type ListToolsRequest
2026-03-23 12:36:01,597 [TRACE] uvicorn.asgi: ::1:54264 - ASGI [15] Send {'type': 'http.response.body', 'body': '<2518 bytes>', 'more_body': True}
2026-03-23 12:36:01,597 [TRACE] uvicorn.asgi: ::1:54264 - ASGI [15] Send {'type': 'http.response.body', 'body': '<0 bytes>', 'more_body': False}
2026-03-23 12:36:01,597 [TRACE] uvicorn.asgi: ::1:54264 - ASGI [15] Receive {'type': 'http.disconnect'}
2026-03-23 12:36:01,598 [TRACE] uvicorn.asgi: ::1:54264 - ASGI [15] Completed
2026-03-23 12:36:03,688 [TRACE] uvicorn.asgi: ::1:54257 - ASGI [9] Send {'type': 'http.response.body', 'body': '<45 bytes>', 'more_body': True}
2026-03-23 12:36:06,598 [TRACE] uvicorn.error: ::1:54264 - HTTP connection lost
2026-03-23 12:36:18,689 [TRACE] uvicorn.asgi: ::1:54257 - ASGI [9] Send {'type': 'http.response.body', 'body': '<45 bytes>', 'more_body': True}
2026-03-23 12:36:33,690 [TRACE] uvicorn.asgi: ::1:54257 - ASGI [9] Send {'type': 'http.response.body', 'body': '<45 bytes>', 'more_body': True}
2026-03-23 12:36:48,691 [TRACE] uvicorn.asgi: ::1:54257 - ASGI [9] Send {'type': 'http.response.body', 'body': '<45 bytes>', 'more_body': True}
2026-03-23 12:37:03,692 [TRACE] uvicorn.asgi: ::1:54257 - ASGI [9] Send {'type': 'http.response.body', 'body': '<45 bytes>', 'more_body': True}
2026-03-23 12:37:18,693 [TRACE] uvicorn.asgi: ::1:54257 - ASGI [9] Send {'type': 'http.response.body', 'body': '<45 bytes>', 'more_body': True}
2026-03-23 12:37:33,694 [TRACE] uvicorn.asgi: ::1:54257 - ASGI [9] Send {'type': 'http.response.body', 'body': '<45 bytes>', 'more_body': True}
2026-03-23 12:37:48,694 [TRACE] uvicorn.asgi: ::1:54257 - ASGI [9] Send {'type': 'http.response.body', 'body': '<45 bytes>', 'more_body': True}
2026-03-23 12:38:03,695 [TRACE] uvicorn.asgi: ::1:54257 - ASGI [9] Send {'type': 'http.response.body', 'body': '<45 bytes>', 'more_body': True}
2026-03-23 12:38:17,902 [INFO] uvicorn.error: Shutting down
2026-03-23 12:38:17,975 [TRACE] uvicorn.asgi: ::1:54257 - ASGI [9] Completed
2026-03-23 12:38:17,975 [ERROR] uvicorn.error: ASGI callable returned without completing response.
2026-03-23 12:38:17,975 [TRACE] uvicorn.error: ::1:54257 - HTTP connection lost
2026-03-23 12:38:18,003 [INFO] uvicorn.error: Waiting for application shutdown.
2026-03-23 12:38:18,003 [TRACE] uvicorn.asgi: ASGI [1] Receive {'type': 'lifespan.shutdown'}
2026-03-23 12:38:18,003 [INFO] mcp.server.streamable_http_manager: StreamableHTTP session manager shutting down
2026-03-23 12:38:18,004 [TRACE] uvicorn.asgi: ASGI [1] Send {'type': 'lifespan.shutdown.complete'}
2026-03-23 12:38:18,004 [TRACE] uvicorn.asgi: ASGI [1] Completed
2026-03-23 12:38:18,004 [INFO] uvicorn.error: Application shutdown complete.
2026-03-23 12:38:18,004 [INFO] uvicorn.error: Finished server process [59179]
2026-03-23 12:39:37,203 [INFO] uvicorn.error: Started server process [61318]
2026-03-23 12:39:37,203 [INFO] uvicorn.error: Waiting for application startup.
2026-03-23 12:39:37,203 [TRACE] uvicorn.asgi: ASGI [1] Started scope={'type': 'lifespan', 'asgi': {'version': '3.0', 'spec_version': '2.0'}, 'state': {}}
2026-03-23 12:39:37,203 [TRACE] uvicorn.asgi: ASGI [1] Receive {'type': 'lifespan.startup'}
2026-03-23 12:39:37,206 [INFO] mcp.server.streamable_http_manager: StreamableHTTP session manager started
2026-03-23 12:39:37,206 [TRACE] uvicorn.asgi: ASGI [1] Send {'type': 'lifespan.startup.complete'}
2026-03-23 12:39:37,206 [INFO] uvicorn.error: Application startup complete.
2026-03-23 12:39:37,208 [INFO] uvicorn.error: Uvicorn running on http://localhost:8003 (Press CTRL+C to quit)
2026-03-23 12:39:42,621 [TRACE] uvicorn.error: ::1:54307 - HTTP connection made
2026-03-23 12:39:42,622 [TRACE] uvicorn.asgi: ::1:54307 - ASGI [2] Started scope={'type': 'http', 'asgi': {'version': '3.0', 'spec_version': '2.3'}, 'http_version': '1.1', 'server': ('::1', 8003), 'client': ('::1', 54307), 'scheme': 'http', 'method': 'POST', 'root_path': '', 'path': '/mcp', 'raw_path': b'/mcp', 'query_string': b'', 'headers': '<...>', 'state': {}}
2026-03-23 12:39:42,622 [TRACE] uvicorn.asgi: ::1:54307 - ASGI [2] Send {'type': 'http.response.start', 'status': 307, 'headers': '<...>'}
2026-03-23 12:39:42,622 [INFO] uvicorn.access: ::1:54307 - "POST /mcp HTTP/1.1" 307
2026-03-23 12:39:42,622 [TRACE] uvicorn.asgi: ::1:54307 - ASGI [2] Send {'type': 'http.response.body', 'body': '<0 bytes>'}
2026-03-23 12:39:42,622 [TRACE] uvicorn.asgi: ::1:54307 - ASGI [2] Completed
2026-03-23 12:39:42,623 [TRACE] uvicorn.error: ::1:54307 - HTTP connection lost
2026-03-23 12:39:42,623 [TRACE] uvicorn.error: ::1:54308 - HTTP connection made
2026-03-23 12:39:42,623 [TRACE] uvicorn.asgi: ::1:54308 - ASGI [3] Started scope={'type': 'http', 'asgi': {'version': '3.0', 'spec_version': '2.3'}, 'http_version': '1.1', 'server': ('::1', 8003), 'client': ('::1', 54308), 'scheme': 'http', 'method': 'POST', 'root_path': '', 'path': '/mcp/', 'raw_path': b'/mcp/', 'query_string': b'', 'headers': '<...>', 'state': {}}
2026-03-23 12:39:42,624 [TRACE] uvicorn.asgi: ::1:54308 - ASGI [3] Send {'type': 'http.response.start', 'status': <HTTPStatus.NOT_FOUND: 404>, 'headers': '<...>'}
2026-03-23 12:39:42,624 [INFO] uvicorn.access: ::1:54308 - "POST /mcp/ HTTP/1.1" 404
2026-03-23 12:39:42,624 [TRACE] uvicorn.asgi: ::1:54308 - ASGI [3] Send {'type': 'http.response.body', 'body': '<91 bytes>'}
2026-03-23 12:39:42,624 [TRACE] uvicorn.asgi: ::1:54308 - ASGI [3] Completed
2026-03-23 12:39:47,624 [TRACE] uvicorn.error: ::1:54308 - HTTP connection lost
2026-03-23 12:40:04,304 [TRACE] uvicorn.error: ::1:54321 - HTTP connection made
2026-03-23 12:40:04,304 [TRACE] uvicorn.asgi: ::1:54321 - ASGI [4] Started scope={'type': 'http', 'asgi': {'version': '3.0', 'spec_version': '2.3'}, 'http_version': '1.1', 'server': ('::1', 8003), 'client': ('::1', 54321), 'scheme': 'http', 'method': 'POST', 'root_path': '', 'path': '/mcp', 'raw_path': b'/mcp', 'query_string': b'', 'headers': '<...>', 'state': {}}
2026-03-23 12:40:04,304 [TRACE] uvicorn.asgi: ::1:54321 - ASGI [4] Send {'type': 'http.response.start', 'status': 307, 'headers': '<...>'}
2026-03-23 12:40:04,305 [INFO] uvicorn.access: ::1:54321 - "POST /mcp HTTP/1.1" 307
2026-03-23 12:40:04,305 [TRACE] uvicorn.asgi: ::1:54321 - ASGI [4] Send {'type': 'http.response.body', 'body': '<0 bytes>'}
2026-03-23 12:40:04,305 [TRACE] uvicorn.asgi: ::1:54321 - ASGI [4] Completed
2026-03-23 12:40:04,306 [TRACE] uvicorn.error: ::1:54321 - HTTP connection lost
2026-03-23 12:40:04,307 [TRACE] uvicorn.error: ::1:54322 - HTTP connection made
2026-03-23 12:40:04,307 [TRACE] uvicorn.asgi: ::1:54322 - ASGI [5] Started scope={'type': 'http', 'asgi': {'version': '3.0', 'spec_version': '2.3'}, 'http_version': '1.1', 'server': ('::1', 8003), 'client': ('::1', 54322), 'scheme': 'http', 'method': 'POST', 'root_path': '', 'path': '/mcp/', 'raw_path': b'/mcp/', 'query_string': b'', 'headers': '<...>', 'state': {}}
2026-03-23 12:40:04,307 [INFO] mcp.server.streamable_http_manager: Created new transport with session ID: 260cda52e63847a8aa42d1a89df6d671
2026-03-23 12:40:04,308 [TRACE] uvicorn.asgi: ::1:54322 - ASGI [5] Receive {'type': 'http.request', 'body': '<330 bytes>', 'more_body': False}
2026-03-23 12:40:04,309 [TRACE] uvicorn.asgi: ::1:54322 - ASGI [5] Send {'type': 'http.response.start', 'status': 200, 'headers': '<...>'}
2026-03-23 12:40:04,309 [INFO] uvicorn.access: ::1:54322 - "POST /mcp/ HTTP/1.1" 200
2026-03-23 12:40:04,309 [TRACE] uvicorn.asgi: ::1:54322 - ASGI [5] Send {'type': 'http.response.body', 'body': '<431 bytes>', 'more_body': True}
2026-03-23 12:40:04,309 [TRACE] uvicorn.asgi: ::1:54322 - ASGI [5] Send {'type': 'http.response.body', 'body': '<0 bytes>', 'more_body': False}
2026-03-23 12:40:04,310 [TRACE] uvicorn.asgi: ::1:54322 - ASGI [5] Receive {'type': 'http.disconnect'}
2026-03-23 12:40:04,310 [TRACE] uvicorn.asgi: ::1:54322 - ASGI [5] Completed
2026-03-23 12:40:04,321 [TRACE] uvicorn.asgi: ::1:54322 - ASGI [6] Started scope={'type': 'http', 'asgi': {'version': '3.0', 'spec_version': '2.3'}, 'http_version': '1.1', 'server': ('::1', 8003), 'client': ('::1', 54322), 'scheme': 'http', 'method': 'POST', 'root_path': '', 'path': '/mcp', 'raw_path': b'/mcp', 'query_string': b'', 'headers': '<...>', 'state': {}}
2026-03-23 12:40:04,321 [TRACE] uvicorn.asgi: ::1:54322 - ASGI [6] Send {'type': 'http.response.start', 'status': 307, 'headers': '<...>'}
2026-03-23 12:40:04,321 [INFO] uvicorn.access: ::1:54322 - "POST /mcp HTTP/1.1" 307
2026-03-23 12:40:04,321 [TRACE] uvicorn.asgi: ::1:54322 - ASGI [6] Send {'type': 'http.response.body', 'body': '<0 bytes>'}
2026-03-23 12:40:04,321 [TRACE] uvicorn.asgi: ::1:54322 - ASGI [6] Completed
2026-03-23 12:40:04,322 [TRACE] uvicorn.error: ::1:54322 - HTTP connection lost
2026-03-23 12:40:04,322 [TRACE] uvicorn.error: ::1:54323 - HTTP connection made
2026-03-23 12:40:04,322 [TRACE] uvicorn.asgi: ::1:54323 - ASGI [7] Started scope={'type': 'http', 'asgi': {'version': '3.0', 'spec_version': '2.3'}, 'http_version': '1.1', 'server': ('::1', 8003), 'client': ('::1', 54323), 'scheme': 'http', 'method': 'POST', 'root_path': '', 'path': '/mcp/', 'raw_path': b'/mcp/', 'query_string': b'', 'headers': '<...>', 'state': {}}
2026-03-23 12:40:04,322 [TRACE] uvicorn.asgi: ::1:54323 - ASGI [7] Receive {'type': 'http.request', 'body': '<54 bytes>', 'more_body': False}
2026-03-23 12:40:04,323 [TRACE] uvicorn.asgi: ::1:54323 - ASGI [7] Send {'type': 'http.response.start', 'status': <HTTPStatus.ACCEPTED: 202>, 'headers': '<...>'}
2026-03-23 12:40:04,323 [INFO] uvicorn.access: ::1:54323 - "POST /mcp/ HTTP/1.1" 202
2026-03-23 12:40:04,323 [TRACE] uvicorn.asgi: ::1:54323 - ASGI [7] Send {'type': 'http.response.body', 'body': '<0 bytes>'}
2026-03-23 12:40:04,323 [TRACE] uvicorn.asgi: ::1:54323 - ASGI [7] Completed
2026-03-23 12:40:04,324 [TRACE] uvicorn.asgi: ::1:54323 - ASGI [8] Started scope={'type': 'http', 'asgi': {'version': '3.0', 'spec_version': '2.3'}, 'http_version': '1.1', 'server': ('::1', 8003), 'client': ('::1', 54323), 'scheme': 'http', 'method': 'GET', 'root_path': '', 'path': '/mcp', 'raw_path': b'/mcp', 'query_string': b'', 'headers': '<...>', 'state': {}}
2026-03-23 12:40:04,324 [TRACE] uvicorn.asgi: ::1:54323 - ASGI [8] Send {'type': 'http.response.start', 'status': 307, 'headers': '<...>'}
2026-03-23 12:40:04,324 [INFO] uvicorn.access: ::1:54323 - "GET /mcp HTTP/1.1" 307
2026-03-23 12:40:04,324 [TRACE] uvicorn.asgi: ::1:54323 - ASGI [8] Send {'type': 'http.response.body', 'body': '<0 bytes>'}
2026-03-23 12:40:04,324 [TRACE] uvicorn.asgi: ::1:54323 - ASGI [8] Completed
2026-03-23 12:40:04,325 [TRACE] uvicorn.error: ::1:54323 - HTTP connection lost
2026-03-23 12:40:04,325 [TRACE] uvicorn.error: ::1:54324 - HTTP connection made
2026-03-23 12:40:04,325 [TRACE] uvicorn.asgi: ::1:54324 - ASGI [9] Started scope={'type': 'http', 'asgi': {'version': '3.0', 'spec_version': '2.3'}, 'http_version': '1.1', 'server': ('::1', 8003), 'client': ('::1', 54324), 'scheme': 'http', 'method': 'GET', 'root_path': '', 'path': '/mcp/', 'raw_path': b'/mcp/', 'query_string': b'', 'headers': '<...>', 'state': {}}
2026-03-23 12:40:04,325 [TRACE] uvicorn.asgi: ::1:54324 - ASGI [9] Send {'type': 'http.response.start', 'status': 200, 'headers': '<...>'}
2026-03-23 12:40:04,325 [INFO] uvicorn.access: ::1:54324 - "GET /mcp/ HTTP/1.1" 200
2026-03-23 12:40:04,326 [TRACE] uvicorn.asgi: ::1:54324 - ASGI [9] Receive {'type': 'http.request', 'body': '<0 bytes>', 'more_body': False}
2026-03-23 12:40:05,871 [TRACE] uvicorn.error: ::1:54326 - HTTP connection made
2026-03-23 12:40:05,871 [TRACE] uvicorn.asgi: ::1:54326 - ASGI [10] Started scope={'type': 'http', 'asgi': {'version': '3.0', 'spec_version': '2.3'}, 'http_version': '1.1', 'server': ('::1', 8003), 'client': ('::1', 54326), 'scheme': 'http', 'method': 'POST', 'root_path': '', 'path': '/mcp', 'raw_path': b'/mcp', 'query_string': b'', 'headers': '<...>', 'state': {}}
2026-03-23 12:40:05,872 [TRACE] uvicorn.asgi: ::1:54326 - ASGI [10] Send {'type': 'http.response.start', 'status': 307, 'headers': '<...>'}
2026-03-23 12:40:05,872 [INFO] uvicorn.access: ::1:54326 - "POST /mcp HTTP/1.1" 307
2026-03-23 12:40:05,872 [TRACE] uvicorn.asgi: ::1:54326 - ASGI [10] Send {'type': 'http.response.body', 'body': '<0 bytes>'}
2026-03-23 12:40:05,872 [TRACE] uvicorn.asgi: ::1:54326 - ASGI [10] Completed
2026-03-23 12:40:05,872 [TRACE] uvicorn.error: ::1:54326 - HTTP connection lost
2026-03-23 12:40:05,873 [TRACE] uvicorn.error: ::1:54327 - HTTP connection made
2026-03-23 12:40:05,873 [TRACE] uvicorn.asgi: ::1:54327 - ASGI [11] Started scope={'type': 'http', 'asgi': {'version': '3.0', 'spec_version': '2.3'}, 'http_version': '1.1', 'server': ('::1', 8003), 'client': ('::1', 54327), 'scheme': 'http', 'method': 'POST', 'root_path': '', 'path': '/mcp/', 'raw_path': b'/mcp/', 'query_string': b'', 'headers': '<...>', 'state': {}}
2026-03-23 12:40:05,873 [TRACE] uvicorn.asgi: ::1:54327 - ASGI [11] Receive {'type': 'http.request', 'body': '<89 bytes>', 'more_body': False}
2026-03-23 12:40:05,874 [TRACE] uvicorn.asgi: ::1:54327 - ASGI [11] Send {'type': 'http.response.start', 'status': 200, 'headers': '<...>'}
2026-03-23 12:40:05,874 [INFO] uvicorn.access: ::1:54327 - "POST /mcp/ HTTP/1.1" 200
2026-03-23 12:40:05,875 [INFO] mcp.server.lowlevel.server: Processing request of type ListResourcesRequest
2026-03-23 12:40:05,876 [TRACE] uvicorn.asgi: ::1:54327 - ASGI [11] Send {'type': 'http.response.body', 'body': '<358 bytes>', 'more_body': True}
2026-03-23 12:40:05,876 [TRACE] uvicorn.asgi: ::1:54327 - ASGI [11] Send {'type': 'http.response.body', 'body': '<0 bytes>', 'more_body': False}
2026-03-23 12:40:05,876 [TRACE] uvicorn.asgi: ::1:54327 - ASGI [11] Receive {'type': 'http.disconnect'}
2026-03-23 12:40:05,876 [TRACE] uvicorn.asgi: ::1:54327 - ASGI [11] Completed
2026-03-23 12:40:08,065 [TRACE] uvicorn.asgi: ::1:54327 - ASGI [12] Started scope={'type': 'http', 'asgi': {'version': '3.0', 'spec_version': '2.3'}, 'http_version': '1.1', 'server': ('::1', 8003), 'client': ('::1', 54327), 'scheme': 'http', 'method': 'POST', 'root_path': '', 'path': '/mcp', 'raw_path': b'/mcp', 'query_string': b'', 'headers': '<...>', 'state': {}}
2026-03-23 12:40:08,066 [TRACE] uvicorn.asgi: ::1:54327 - ASGI [12] Send {'type': 'http.response.start', 'status': 307, 'headers': '<...>'}
2026-03-23 12:40:08,066 [INFO] uvicorn.access: ::1:54327 - "POST /mcp HTTP/1.1" 307
2026-03-23 12:40:08,066 [TRACE] uvicorn.asgi: ::1:54327 - ASGI [12] Send {'type': 'http.response.body', 'body': '<0 bytes>'}
2026-03-23 12:40:08,066 [TRACE] uvicorn.asgi: ::1:54327 - ASGI [12] Completed
2026-03-23 12:40:08,066 [TRACE] uvicorn.error: ::1:54327 - HTTP connection lost
2026-03-23 12:40:08,067 [TRACE] uvicorn.error: ::1:54328 - HTTP connection made
2026-03-23 12:40:08,067 [TRACE] uvicorn.asgi: ::1:54328 - ASGI [13] Started scope={'type': 'http', 'asgi': {'version': '3.0', 'spec_version': '2.3'}, 'http_version': '1.1', 'server': ('::1', 8003), 'client': ('::1', 54328), 'scheme': 'http', 'method': 'POST', 'root_path': '', 'path': '/mcp/', 'raw_path': b'/mcp/', 'query_string': b'', 'headers': '<...>', 'state': {}}
2026-03-23 12:40:08,067 [TRACE] uvicorn.asgi: ::1:54328 - ASGI [13] Receive {'type': 'http.request', 'body': '<133 bytes>', 'more_body': False}
2026-03-23 12:40:08,068 [TRACE] uvicorn.asgi: ::1:54328 - ASGI [13] Send {'type': 'http.response.start', 'status': 200, 'headers': '<...>'}
2026-03-23 12:40:08,068 [INFO] uvicorn.access: ::1:54328 - "POST /mcp/ HTTP/1.1" 200
2026-03-23 12:40:08,068 [INFO] mcp.server.lowlevel.server: Processing request of type ReadResourceRequest
2026-03-23 12:40:08,071 [TRACE] uvicorn.asgi: ::1:54328 - ASGI [13] Send {'type': 'http.response.body', 'body': '<1232 bytes>', 'more_body': True}
2026-03-23 12:40:08,071 [TRACE] uvicorn.asgi: ::1:54328 - ASGI [13] Send {'type': 'http.response.body', 'body': '<0 bytes>', 'more_body': False}
2026-03-23 12:40:08,071 [TRACE] uvicorn.asgi: ::1:54328 - ASGI [13] Receive {'type': 'http.disconnect'}
2026-03-23 12:40:08,072 [TRACE] uvicorn.asgi: ::1:54328 - ASGI [13] Completed
2026-03-23 12:40:13,072 [TRACE] uvicorn.error: ::1:54328 - HTTP connection lost
2026-03-23 12:40:19,327 [TRACE] uvicorn.asgi: ::1:54324 - ASGI [9] Send {'type': 'http.response.body', 'body': '<45 bytes>', 'more_body': True}
2026-03-23 12:40:34,327 [TRACE] uvicorn.asgi: ::1:54324 - ASGI [9] Send {'type': 'http.response.body', 'body': '<45 bytes>', 'more_body': True}
2026-03-23 12:40:49,328 [TRACE] uvicorn.asgi: ::1:54324 - ASGI [9] Send {'type': 'http.response.body', 'body': '<45 bytes>', 'more_body': True}
2026-03-23 12:40:58,997 [TRACE] uvicorn.error: ::1:54497 - HTTP connection made
2026-03-23 12:40:58,998 [TRACE] uvicorn.asgi: ::1:54497 - ASGI [14] Started scope={'type': 'http', 'asgi': {'version': '3.0', 'spec_version': '2.3'}, 'http_version': '1.1', 'server': ('::1', 8003), 'client': ('::1', 54497), 'scheme': 'http', 'method': 'POST', 'root_path': '', 'path': '/mcp', 'raw_path': b'/mcp', 'query_string': b'', 'headers': '<...>', 'state': {}}
2026-03-23 12:40:58,998 [TRACE] uvicorn.asgi: ::1:54497 - ASGI [14] Send {'type': 'http.response.start', 'status': 307, 'headers': '<...>'}
2026-03-23 12:40:58,998 [INFO] uvicorn.access: ::1:54497 - "POST /mcp HTTP/1.1" 307
2026-03-23 12:40:58,998 [TRACE] uvicorn.asgi: ::1:54497 - ASGI [14] Send {'type': 'http.response.body', 'body': '<0 bytes>'}
2026-03-23 12:40:58,998 [TRACE] uvicorn.asgi: ::1:54497 - ASGI [14] Completed
2026-03-23 12:40:58,999 [TRACE] uvicorn.error: ::1:54497 - HTTP connection lost
2026-03-23 12:40:58,999 [TRACE] uvicorn.error: ::1:54498 - HTTP connection made
2026-03-23 12:40:58,999 [TRACE] uvicorn.asgi: ::1:54498 - ASGI [15] Started scope={'type': 'http', 'asgi': {'version': '3.0', 'spec_version': '2.3'}, 'http_version': '1.1', 'server': ('::1', 8003), 'client': ('::1', 54498), 'scheme': 'http', 'method': 'POST', 'root_path': '', 'path': '/mcp/', 'raw_path': b'/mcp/', 'query_string': b'', 'headers': '<...>', 'state': {}}
2026-03-23 12:40:58,999 [TRACE] uvicorn.asgi: ::1:54498 - ASGI [15] Receive {'type': 'http.request', 'body': '<89 bytes>', 'more_body': False}
2026-03-23 12:40:59,000 [TRACE] uvicorn.asgi: ::1:54498 - ASGI [15] Send {'type': 'http.response.start', 'status': 200, 'headers': '<...>'}
2026-03-23 12:40:59,000 [INFO] uvicorn.access: ::1:54498 - "POST /mcp/ HTTP/1.1" 200
2026-03-23 12:40:59,001 [INFO] mcp.server.lowlevel.server: Processing request of type ListResourcesRequest
2026-03-23 12:40:59,002 [TRACE] uvicorn.asgi: ::1:54498 - ASGI [15] Send {'type': 'http.response.body', 'body': '<358 bytes>', 'more_body': True}
2026-03-23 12:40:59,002 [TRACE] uvicorn.asgi: ::1:54498 - ASGI [15] Send {'type': 'http.response.body', 'body': '<0 bytes>', 'more_body': False}
2026-03-23 12:40:59,002 [TRACE] uvicorn.asgi: ::1:54498 - ASGI [15] Receive {'type': 'http.disconnect'}
2026-03-23 12:40:59,003 [TRACE] uvicorn.asgi: ::1:54498 - ASGI [15] Completed
2026-03-23 12:41:04,003 [TRACE] uvicorn.error: ::1:54498 - HTTP connection lost
2026-03-23 12:41:04,330 [TRACE] uvicorn.asgi: ::1:54324 - ASGI [9] Send {'type': 'http.response.body', 'body': '<45 bytes>', 'more_body': True}
2026-03-23 12:41:19,331 [TRACE] uvicorn.asgi: ::1:54324 - ASGI [9] Send {'type': 'http.response.body', 'body': '<45 bytes>', 'more_body': True}
2026-03-23 12:41:34,332 [TRACE] uvicorn.asgi: ::1:54324 - ASGI [9] Send {'type': 'http.response.body', 'body': '<45 bytes>', 'more_body': True}
2026-03-23 12:41:44,275 [TRACE] uvicorn.error: ::1:54680 - HTTP connection made
2026-03-23 12:41:44,275 [TRACE] uvicorn.asgi: ::1:54680 - ASGI [16] Started scope={'type': 'http', 'asgi': {'version': '3.0', 'spec_version': '2.3'}, 'http_version': '1.1', 'server': ('::1', 8003), 'client': ('::1', 54680), 'scheme': 'http', 'method': 'POST', 'root_path': '', 'path': '/mcp', 'raw_path': b'/mcp', 'query_string': b'', 'headers': '<...>', 'state': {}}
2026-03-23 12:41:44,275 [TRACE] uvicorn.asgi: ::1:54680 - ASGI [16] Send {'type': 'http.response.start', 'status': 307, 'headers': '<...>'}
2026-03-23 12:41:44,275 [INFO] uvicorn.access: ::1:54680 - "POST /mcp HTTP/1.1" 307
2026-03-23 12:41:44,275 [TRACE] uvicorn.asgi: ::1:54680 - ASGI [16] Send {'type': 'http.response.body', 'body': '<0 bytes>'}
2026-03-23 12:41:44,275 [TRACE] uvicorn.asgi: ::1:54680 - ASGI [16] Completed
2026-03-23 12:41:44,276 [TRACE] uvicorn.error: ::1:54680 - HTTP connection lost
2026-03-23 12:41:44,277 [TRACE] uvicorn.error: ::1:54681 - HTTP connection made
2026-03-23 12:41:44,277 [TRACE] uvicorn.asgi: ::1:54681 - ASGI [17] Started scope={'type': 'http', 'asgi': {'version': '3.0', 'spec_version': '2.3'}, 'http_version': '1.1', 'server': ('::1', 8003), 'client': ('::1', 54681), 'scheme': 'http', 'method': 'POST', 'root_path': '', 'path': '/mcp/', 'raw_path': b'/mcp/', 'query_string': b'', 'headers': '<...>', 'state': {}}
2026-03-23 12:41:44,277 [TRACE] uvicorn.asgi: ::1:54681 - ASGI [17] Receive {'type': 'http.request', 'body': '<89 bytes>', 'more_body': False}
2026-03-23 12:41:44,277 [TRACE] uvicorn.asgi: ::1:54681 - ASGI [17] Send {'type': 'http.response.start', 'status': 200, 'headers': '<...>'}
2026-03-23 12:41:44,278 [INFO] uvicorn.access: ::1:54681 - "POST /mcp/ HTTP/1.1" 200
2026-03-23 12:41:44,278 [INFO] mcp.server.lowlevel.server: Processing request of type ListResourcesRequest
2026-03-23 12:41:44,280 [TRACE] uvicorn.asgi: ::1:54681 - ASGI [17] Send {'type': 'http.response.body', 'body': '<358 bytes>', 'more_body': True}
2026-03-23 12:41:44,280 [TRACE] uvicorn.asgi: ::1:54681 - ASGI [17] Send {'type': 'http.response.body', 'body': '<0 bytes>', 'more_body': False}
2026-03-23 12:41:44,281 [TRACE] uvicorn.asgi: ::1:54681 - ASGI [17] Receive {'type': 'http.disconnect'}
2026-03-23 12:41:44,281 [TRACE] uvicorn.asgi: ::1:54681 - ASGI [17] Completed
2026-03-23 12:41:49,282 [TRACE] uvicorn.error: ::1:54681 - HTTP connection lost
2026-03-23 12:41:49,334 [TRACE] uvicorn.asgi: ::1:54324 - ASGI [9] Send {'type': 'http.response.body', 'body': '<45 bytes>', 'more_body': True}
2026-03-23 12:42:04,335 [TRACE] uvicorn.asgi: ::1:54324 - ASGI [9] Send {'type': 'http.response.body', 'body': '<45 bytes>', 'more_body': True}
2026-03-23 12:42:19,337 [TRACE] uvicorn.asgi: ::1:54324 - ASGI [9] Send {'type': 'http.response.body', 'body': '<45 bytes>', 'more_body': True}
2026-03-23 12:42:34,339 [TRACE] uvicorn.asgi: ::1:54324 - ASGI [9] Send {'type': 'http.response.body', 'body': '<45 bytes>', 'more_body': True}
2026-03-23 12:42:49,340 [TRACE] uvicorn.asgi: ::1:54324 - ASGI [9] Send {'type': 'http.response.body', 'body': '<45 bytes>', 'more_body': True}
2026-03-23 12:43:04,035 [TRACE] uvicorn.error: ::1:55000 - HTTP connection made
2026-03-23 12:43:04,036 [TRACE] uvicorn.asgi: ::1:55000 - ASGI [18] Started scope={'type': 'http', 'asgi': {'version': '3.0', 'spec_version': '2.3'}, 'http_version': '1.1', 'server': ('::1', 8003), 'client': ('::1', 55000), 'scheme': 'http', 'method': 'POST', 'root_path': '', 'path': '/mcp', 'raw_path': b'/mcp', 'query_string': b'', 'headers': '<...>', 'state': {}}
2026-03-23 12:43:04,036 [TRACE] uvicorn.asgi: ::1:55000 - ASGI [18] Send {'type': 'http.response.start', 'status': 307, 'headers': '<...>'}
2026-03-23 12:43:04,036 [INFO] uvicorn.access: ::1:55000 - "POST /mcp HTTP/1.1" 307
2026-03-23 12:43:04,036 [TRACE] uvicorn.asgi: ::1:55000 - ASGI [18] Send {'type': 'http.response.body', 'body': '<0 bytes>'}
2026-03-23 12:43:04,037 [TRACE] uvicorn.asgi: ::1:55000 - ASGI [18] Completed
2026-03-23 12:43:04,037 [TRACE] uvicorn.error: ::1:55000 - HTTP connection lost
2026-03-23 12:43:04,038 [TRACE] uvicorn.error: ::1:55001 - HTTP connection made
2026-03-23 12:43:04,038 [TRACE] uvicorn.asgi: ::1:55001 - ASGI [19] Started scope={'type': 'http', 'asgi': {'version': '3.0', 'spec_version': '2.3'}, 'http_version': '1.1', 'server': ('::1', 8003), 'client': ('::1', 55001), 'scheme': 'http', 'method': 'POST', 'root_path': '', 'path': '/mcp/', 'raw_path': b'/mcp/', 'query_string': b'', 'headers': '<...>', 'state': {}}
2026-03-23 12:43:04,038 [TRACE] uvicorn.asgi: ::1:55001 - ASGI [19] Receive {'type': 'http.request', 'body': '<89 bytes>', 'more_body': False}
2026-03-23 12:43:04,038 [TRACE] uvicorn.asgi: ::1:55001 - ASGI [19] Send {'type': 'http.response.start', 'status': 200, 'headers': '<...>'}
2026-03-23 12:43:04,038 [INFO] uvicorn.access: ::1:55001 - "POST /mcp/ HTTP/1.1" 200
2026-03-23 12:43:04,039 [INFO] mcp.server.lowlevel.server: Processing request of type ListResourcesRequest
2026-03-23 12:43:04,040 [TRACE] uvicorn.asgi: ::1:55001 - ASGI [19] Send {'type': 'http.response.body', 'body': '<358 bytes>', 'more_body': True}
2026-03-23 12:43:04,040 [TRACE] uvicorn.asgi: ::1:55001 - ASGI [19] Send {'type': 'http.response.body', 'body': '<0 bytes>', 'more_body': False}
2026-03-23 12:43:04,040 [TRACE] uvicorn.asgi: ::1:55001 - ASGI [19] Receive {'type': 'http.disconnect'}
2026-03-23 12:43:04,041 [TRACE] uvicorn.asgi: ::1:55001 - ASGI [19] Completed
2026-03-23 12:43:04,341 [TRACE] uvicorn.asgi: ::1:54324 - ASGI [9] Send {'type': 'http.response.body', 'body': '<45 bytes>', 'more_body': True}
2026-03-23 12:43:09,041 [TRACE] uvicorn.error: ::1:55001 - HTTP connection lost
2026-03-23 12:43:19,342 [TRACE] uvicorn.asgi: ::1:54324 - ASGI [9] Send {'type': 'http.response.body', 'body': '<45 bytes>', 'more_body': True}
2026-03-23 12:43:34,344 [TRACE] uvicorn.asgi: ::1:54324 - ASGI [9] Send {'type': 'http.response.body', 'body': '<45 bytes>', 'more_body': True}
2026-03-23 12:43:49,345 [TRACE] uvicorn.asgi: ::1:54324 - ASGI [9] Send {'type': 'http.response.body', 'body': '<45 bytes>', 'more_body': True}
2026-03-23 12:44:04,346 [TRACE] uvicorn.asgi: ::1:54324 - ASGI [9] Send {'type': 'http.response.body', 'body': '<45 bytes>', 'more_body': True}
2026-03-23 12:44:19,346 [TRACE] uvicorn.asgi: ::1:54324 - ASGI [9] Send {'type': 'http.response.body', 'body': '<45 bytes>', 'more_body': True}
2026-03-23 12:44:34,347 [TRACE] uvicorn.asgi: ::1:54324 - ASGI [9] Send {'type': 'http.response.body', 'body': '<45 bytes>', 'more_body': True}
2026-03-23 12:44:49,348 [TRACE] uvicorn.asgi: ::1:54324 - ASGI [9] Send {'type': 'http.response.body', 'body': '<45 bytes>', 'more_body': True}
2026-03-23 12:45:04,349 [TRACE] uvicorn.asgi: ::1:54324 - ASGI [9] Send {'type': 'http.response.body', 'body': '<45 bytes>', 'more_body': True}
2026-03-23 12:45:19,351 [TRACE] uvicorn.asgi: ::1:54324 - ASGI [9] Send {'type': 'http.response.body', 'body': '<45 bytes>', 'more_body': True}
2026-03-23 12:45:34,353 [TRACE] uvicorn.asgi: ::1:54324 - ASGI [9] Send {'type': 'http.response.body', 'body': '<45 bytes>', 'more_body': True}
2026-03-23 12:45:49,355 [TRACE] uvicorn.asgi: ::1:54324 - ASGI [9] Send {'type': 'http.response.body', 'body': '<45 bytes>', 'more_body': True}
2026-03-23 12:46:04,356 [TRACE] uvicorn.asgi: ::1:54324 - ASGI [9] Send {'type': 'http.response.body', 'body': '<45 bytes>', 'more_body': True}
2026-03-23 12:46:19,357 [TRACE] uvicorn.asgi: ::1:54324 - ASGI [9] Send {'type': 'http.response.body', 'body': '<45 bytes>', 'more_body': True}
2026-03-23 12:46:34,358 [TRACE] uvicorn.asgi: ::1:54324 - ASGI [9] Send {'type': 'http.response.body', 'body': '<45 bytes>', 'more_body': True}
2026-03-23 12:46:49,359 [TRACE] uvicorn.asgi: ::1:54324 - ASGI [9] Send {'type': 'http.response.body', 'body': '<45 bytes>', 'more_body': True}
2026-03-23 12:47:04,360 [TRACE] uvicorn.asgi: ::1:54324 - ASGI [9] Send {'type': 'http.response.body', 'body': '<45 bytes>', 'more_body': True}
2026-03-23 12:47:19,360 [TRACE] uvicorn.asgi: ::1:54324 - ASGI [9] Send {'type': 'http.response.body', 'body': '<45 bytes>', 'more_body': True}
2026-03-23 12:47:34,360 [TRACE] uvicorn.asgi: ::1:54324 - ASGI [9] Send {'type': 'http.response.body', 'body': '<45 bytes>', 'more_body': True}
2026-03-23 12:47:49,361 [TRACE] uvicorn.asgi: ::1:54324 - ASGI [9] Send {'type': 'http.response.body', 'body': '<45 bytes>', 'more_body': True}
2026-03-23 12:48:04,362 [TRACE] uvicorn.asgi: ::1:54324 - ASGI [9] Send {'type': 'http.response.body', 'body': '<45 bytes>', 'more_body': True}
2026-03-23 12:48:19,363 [TRACE] uvicorn.asgi: ::1:54324 - ASGI [9] Send {'type': 'http.response.body', 'body': '<45 bytes>', 'more_body': True}
2026-03-23 12:48:34,364 [TRACE] uvicorn.asgi: ::1:54324 - ASGI [9] Send {'type': 'http.response.body', 'body': '<45 bytes>', 'more_body': True}
2026-03-23 12:48:49,365 [TRACE] uvicorn.asgi: ::1:54324 - ASGI [9] Send {'type': 'http.response.body', 'body': '<45 bytes>', 'more_body': True}
2026-03-23 12:49:04,366 [TRACE] uvicorn.asgi: ::1:54324 - ASGI [9] Send {'type': 'http.response.body', 'body': '<45 bytes>', 'more_body': True}
2026-03-23 12:49:19,367 [TRACE] uvicorn.asgi: ::1:54324 - ASGI [9] Send {'type': 'http.response.body', 'body': '<45 bytes>', 'more_body': True}
2026-03-23 12:49:34,368 [TRACE] uvicorn.asgi: ::1:54324 - ASGI [9] Send {'type': 'http.response.body', 'body': '<45 bytes>', 'more_body': True}
2026-03-23 12:49:49,369 [TRACE] uvicorn.asgi: ::1:54324 - ASGI [9] Send {'type': 'http.response.body', 'body': '<45 bytes>', 'more_body': True}
2026-03-23 12:50:04,370 [TRACE] uvicorn.asgi: ::1:54324 - ASGI [9] Send {'type': 'http.response.body', 'body': '<45 bytes>', 'more_body': True}
2026-03-23 12:50:19,371 [TRACE] uvicorn.asgi: ::1:54324 - ASGI [9] Send {'type': 'http.response.body', 'body': '<45 bytes>', 'more_body': True}
2026-03-23 12:50:34,372 [TRACE] uvicorn.asgi: ::1:54324 - ASGI [9] Send {'type': 'http.response.body', 'body': '<45 bytes>', 'more_body': True}
2026-03-23 12:50:38,982 [TRACE] uvicorn.error: ::1:56879 - HTTP connection made
2026-03-23 12:50:38,982 [TRACE] uvicorn.asgi: ::1:56879 - ASGI [20] Started scope={'type': 'http', 'asgi': {'version': '3.0', 'spec_version': '2.3'}, 'http_version': '1.1', 'server': ('::1', 8003), 'client': ('::1', 56879), 'scheme': 'http', 'method': 'POST', 'root_path': '', 'path': '/mcp/', 'raw_path': b'/mcp/', 'query_string': b'', 'headers': '<...>', 'state': {}}
2026-03-23 12:50:38,982 [INFO] mcp.server.streamable_http_manager: Created new transport with session ID: 3ec0b8f16b35473bab5ba2e5a0efb627
2026-03-23 12:50:38,983 [TRACE] uvicorn.asgi: ::1:56879 - ASGI [20] Receive {'type': 'http.request', 'body': '<151 bytes>', 'more_body': False}
2026-03-23 12:50:38,984 [TRACE] uvicorn.asgi: ::1:56879 - ASGI [20] Send {'type': 'http.response.start', 'status': 200, 'headers': '<...>'}
2026-03-23 12:50:38,984 [INFO] uvicorn.access: ::1:56879 - "POST /mcp/ HTTP/1.1" 200
2026-03-23 12:50:38,984 [TRACE] uvicorn.asgi: ::1:56879 - ASGI [20] Send {'type': 'http.response.body', 'body': '<431 bytes>', 'more_body': True}
2026-03-23 12:50:38,984 [TRACE] uvicorn.asgi: ::1:56879 - ASGI [20] Send {'type': 'http.response.body', 'body': '<0 bytes>', 'more_body': False}
2026-03-23 12:50:38,984 [TRACE] uvicorn.asgi: ::1:56879 - ASGI [20] Receive {'type': 'http.disconnect'}
2026-03-23 12:50:38,984 [TRACE] uvicorn.error: ::1:56879 - HTTP connection lost
2026-03-23 12:50:38,985 [TRACE] uvicorn.asgi: ::1:56879 - ASGI [20] Completed
2026-03-23 12:50:49,373 [TRACE] uvicorn.asgi: ::1:54324 - ASGI [9] Send {'type': 'http.response.body', 'body': '<45 bytes>', 'more_body': True}
2026-03-23 12:51:04,374 [TRACE] uvicorn.asgi: ::1:54324 - ASGI [9] Send {'type': 'http.response.body', 'body': '<45 bytes>', 'more_body': True}
2026-03-23 12:51:16,707 [TRACE] uvicorn.error: ::1:57033 - HTTP connection made
2026-03-23 12:51:16,709 [TRACE] uvicorn.asgi: ::1:57033 - ASGI [21] Started scope={'type': 'http', 'asgi': {'version': '3.0', 'spec_version': '2.3'}, 'http_version': '1.1', 'server': ('::1', 8003), 'client': ('::1', 57033), 'scheme': 'http', 'method': 'POST', 'root_path': '', 'path': '/mcp/', 'raw_path': b'/mcp/', 'query_string': b'', 'headers': '<...>', 'state': {}}
2026-03-23 12:51:16,709 [INFO] mcp.server.streamable_http_manager: Created new transport with session ID: 7ba7fe91bea048caac1d3f6f466c26ce
2026-03-23 12:51:16,710 [TRACE] uvicorn.asgi: ::1:57033 - ASGI [21] Receive {'type': 'http.request', 'body': '<151 bytes>', 'more_body': False}
2026-03-23 12:51:16,711 [TRACE] uvicorn.asgi: ::1:57033 - ASGI [21] Send {'type': 'http.response.start', 'status': 200, 'headers': '<...>'}
2026-03-23 12:51:16,711 [INFO] uvicorn.access: ::1:57033 - "POST /mcp/ HTTP/1.1" 200
2026-03-23 12:51:16,713 [TRACE] uvicorn.asgi: ::1:57033 - ASGI [21] Send {'type': 'http.response.body', 'body': '<431 bytes>', 'more_body': True}
2026-03-23 12:51:16,714 [TRACE] uvicorn.asgi: ::1:57033 - ASGI [21] Send {'type': 'http.response.body', 'body': '<0 bytes>', 'more_body': False}
2026-03-23 12:51:16,715 [TRACE] uvicorn.asgi: ::1:57033 - ASGI [21] Receive {'type': 'http.disconnect'}
2026-03-23 12:51:16,716 [TRACE] uvicorn.error: ::1:57033 - HTTP connection lost
2026-03-23 12:51:16,716 [TRACE] uvicorn.asgi: ::1:57033 - ASGI [21] Completed
2026-03-23 12:51:19,376 [TRACE] uvicorn.asgi: ::1:54324 - ASGI [9] Send {'type': 'http.response.body', 'body': '<45 bytes>', 'more_body': True}
2026-03-23 12:51:28,453 [TRACE] uvicorn.error: ::1:57082 - HTTP connection made
2026-03-23 12:51:28,453 [TRACE] uvicorn.asgi: ::1:57082 - ASGI [22] Started scope={'type': 'http', 'asgi': {'version': '3.0', 'spec_version': '2.3'}, 'http_version': '1.1', 'server': ('::1', 8003), 'client': ('::1', 57082), 'scheme': 'http', 'method': 'POST', 'root_path': '', 'path': '/mcp/', 'raw_path': b'/mcp/', 'query_string': b'', 'headers': '<...>', 'state': {}}
2026-03-23 12:51:28,453 [TRACE] uvicorn.asgi: ::1:57082 - ASGI [22] Receive {'type': 'http.request', 'body': '<62 bytes>', 'more_body': False}
2026-03-23 12:51:28,453 [TRACE] uvicorn.asgi: ::1:57082 - ASGI [22] Send {'type': 'http.response.start', 'status': 200, 'headers': '<...>'}
2026-03-23 12:51:28,453 [INFO] uvicorn.access: ::1:57082 - "POST /mcp/ HTTP/1.1" 200
2026-03-23 12:51:28,454 [INFO] mcp.server.lowlevel.server: Processing request of type ListResourcesRequest
2026-03-23 12:51:28,454 [TRACE] uvicorn.asgi: ::1:57082 - ASGI [22] Send {'type': 'http.response.body', 'body': '<358 bytes>', 'more_body': True}
2026-03-23 12:51:28,455 [TRACE] uvicorn.asgi: ::1:57082 - ASGI [22] Send {'type': 'http.response.body', 'body': '<0 bytes>', 'more_body': False}
2026-03-23 12:51:28,455 [TRACE] uvicorn.asgi: ::1:57082 - ASGI [22] Receive {'type': 'http.disconnect'}
2026-03-23 12:51:28,455 [TRACE] uvicorn.error: ::1:57082 - HTTP connection lost
2026-03-23 12:51:28,455 [TRACE] uvicorn.asgi: ::1:57082 - ASGI [22] Completed
2026-03-23 12:51:34,377 [TRACE] uvicorn.asgi: ::1:54324 - ASGI [9] Send {'type': 'http.response.body', 'body': '<45 bytes>', 'more_body': True}
2026-03-23 12:51:38,075 [TRACE] uvicorn.error: ::1:57119 - HTTP connection made
2026-03-23 12:51:38,075 [TRACE] uvicorn.asgi: ::1:57119 - ASGI [23] Started scope={'type': 'http', 'asgi': {'version': '3.0', 'spec_version': '2.3'}, 'http_version': '1.1', 'server': ('::1', 8003), 'client': ('::1', 57119), 'scheme': 'http', 'method': 'POST', 'root_path': '', 'path': '/mcp/', 'raw_path': b'/mcp/', 'query_string': b'', 'headers': '<...>', 'state': {}}
2026-03-23 12:51:38,076 [TRACE] uvicorn.asgi: ::1:57119 - ASGI [23] Receive {'type': 'http.request', 'body': '<105 bytes>', 'more_body': False}
2026-03-23 12:51:38,076 [TRACE] uvicorn.asgi: ::1:57119 - ASGI [23] Send {'type': 'http.response.start', 'status': 200, 'headers': '<...>'}
2026-03-23 12:51:38,076 [INFO] uvicorn.access: ::1:57119 - "POST /mcp/ HTTP/1.1" 200
2026-03-23 12:51:38,076 [INFO] mcp.server.lowlevel.server: Processing request of type ReadResourceRequest
2026-03-23 12:51:38,077 [TRACE] uvicorn.asgi: ::1:57119 - ASGI [23] Send {'type': 'http.response.body', 'body': '<1232 bytes>', 'more_body': True}
2026-03-23 12:51:38,077 [TRACE] uvicorn.asgi: ::1:57119 - ASGI [23] Send {'type': 'http.response.body', 'body': '<0 bytes>', 'more_body': False}
2026-03-23 12:51:38,077 [TRACE] uvicorn.asgi: ::1:57119 - ASGI [23] Receive {'type': 'http.disconnect'}
2026-03-23 12:51:38,078 [TRACE] uvicorn.error: ::1:57119 - HTTP connection lost
2026-03-23 12:51:38,078 [TRACE] uvicorn.asgi: ::1:57119 - ASGI [23] Completed
2026-03-23 12:51:49,377 [TRACE] uvicorn.asgi: ::1:54324 - ASGI [9] Send {'type': 'http.response.body', 'body': '<45 bytes>', 'more_body': True}
2026-03-23 12:51:59,782 [INFO] uvicorn.error: Shutting down
2026-03-23 12:51:59,809 [TRACE] uvicorn.asgi: ::1:54324 - ASGI [9] Completed
2026-03-23 12:51:59,809 [ERROR] uvicorn.error: ASGI callable returned without completing response.
2026-03-23 12:51:59,809 [TRACE] uvicorn.error: ::1:54324 - HTTP connection lost
2026-03-23 12:51:59,883 [INFO] uvicorn.error: Waiting for application shutdown.
2026-03-23 12:51:59,884 [TRACE] uvicorn.asgi: ASGI [1] Receive {'type': 'lifespan.shutdown'}
2026-03-23 12:51:59,885 [INFO] mcp.server.streamable_http_manager: StreamableHTTP session manager shutting down
2026-03-23 12:51:59,888 [TRACE] uvicorn.asgi: ASGI [1] Send {'type': 'lifespan.shutdown.complete'}
2026-03-23 12:51:59,888 [TRACE] uvicorn.asgi: ASGI [1] Completed
2026-03-23 12:51:59,889 [INFO] uvicorn.error: Application shutdown complete.
2026-03-23 12:51:59,889 [INFO] uvicorn.error: Finished server process [61318]
2026-03-23 14:31:10,492 [INFO] uvicorn.error: Started server process [97120]
2026-03-23 14:31:10,492 [INFO] uvicorn.error: Waiting for application startup.
2026-03-23 14:31:10,492 [TRACE] uvicorn.asgi: ASGI [1] Started scope={'type': 'lifespan', 'asgi': {'version': '3.0', 'spec_version': '2.0'}, 'state': {}}
2026-03-23 14:31:10,492 [TRACE] uvicorn.asgi: ASGI [1] Receive {'type': 'lifespan.startup'}
2026-03-23 14:31:10,494 [INFO] mcp.server.streamable_http_manager: StreamableHTTP session manager started
2026-03-23 14:31:10,495 [TRACE] uvicorn.asgi: ASGI [1] Send {'type': 'lifespan.startup.complete'}
2026-03-23 14:31:10,495 [INFO] uvicorn.error: Application startup complete.
2026-03-23 14:31:10,497 [INFO] uvicorn.error: Uvicorn running on http://localhost:8003 (Press CTRL+C to quit)
2026-03-23 14:31:31,491 [TRACE] uvicorn.error: ::1:58431 - HTTP connection made
2026-03-23 14:31:31,492 [TRACE] uvicorn.asgi: ::1:58431 - ASGI [2] Started scope={'type': 'http', 'asgi': {'version': '3.0', 'spec_version': '2.3'}, 'http_version': '1.1', 'server': ('::1', 8003), 'client': ('::1', 58431), 'scheme': 'http', 'method': 'POST', 'root_path': '', 'path': '/mcp', 'raw_path': b'/mcp', 'query_string': b'', 'headers': '<...>', 'state': {}}
2026-03-23 14:31:31,492 [TRACE] uvicorn.asgi: ::1:58431 - ASGI [2] Send {'type': 'http.response.start', 'status': 307, 'headers': '<...>'}
2026-03-23 14:31:31,492 [INFO] uvicorn.access: ::1:58431 - "POST /mcp HTTP/1.1" 307
2026-03-23 14:31:31,492 [TRACE] uvicorn.asgi: ::1:58431 - ASGI [2] Send {'type': 'http.response.body', 'body': '<0 bytes>'}
2026-03-23 14:31:31,492 [TRACE] uvicorn.asgi: ::1:58431 - ASGI [2] Completed
2026-03-23 14:31:31,494 [TRACE] uvicorn.error: ::1:58431 - HTTP connection lost
2026-03-23 14:31:31,495 [TRACE] uvicorn.error: ::1:58432 - HTTP connection made
2026-03-23 14:31:31,495 [TRACE] uvicorn.asgi: ::1:58432 - ASGI [3] Started scope={'type': 'http', 'asgi': {'version': '3.0', 'spec_version': '2.3'}, 'http_version': '1.1', 'server': ('::1', 8003), 'client': ('::1', 58432), 'scheme': 'http', 'method': 'POST', 'root_path': '', 'path': '/mcp/', 'raw_path': b'/mcp/', 'query_string': b'', 'headers': '<...>', 'state': {}}
2026-03-23 14:31:31,496 [INFO] mcp.server.streamable_http_manager: Created new transport with session ID: 271926443d8f42139c98703839e11bae
2026-03-23 14:31:31,496 [TRACE] uvicorn.asgi: ::1:58432 - ASGI [3] Receive {'type': 'http.request', 'body': '<330 bytes>', 'more_body': False}
2026-03-23 14:31:31,497 [TRACE] uvicorn.asgi: ::1:58432 - ASGI [3] Send {'type': 'http.response.start', 'status': 200, 'headers': '<...>'}
2026-03-23 14:31:31,497 [INFO] uvicorn.access: ::1:58432 - "POST /mcp/ HTTP/1.1" 200
2026-03-23 14:31:31,498 [TRACE] uvicorn.asgi: ::1:58432 - ASGI [3] Send {'type': 'http.response.body', 'body': '<431 bytes>', 'more_body': True}
2026-03-23 14:31:31,498 [TRACE] uvicorn.asgi: ::1:58432 - ASGI [3] Send {'type': 'http.response.body', 'body': '<0 bytes>', 'more_body': False}
2026-03-23 14:31:31,498 [TRACE] uvicorn.asgi: ::1:58432 - ASGI [3] Receive {'type': 'http.disconnect'}
2026-03-23 14:31:31,498 [TRACE] uvicorn.asgi: ::1:58432 - ASGI [3] Completed
2026-03-23 14:31:31,508 [TRACE] uvicorn.asgi: ::1:58432 - ASGI [4] Started scope={'type': 'http', 'asgi': {'version': '3.0', 'spec_version': '2.3'}, 'http_version': '1.1', 'server': ('::1', 8003), 'client': ('::1', 58432), 'scheme': 'http', 'method': 'POST', 'root_path': '', 'path': '/mcp', 'raw_path': b'/mcp', 'query_string': b'', 'headers': '<...>', 'state': {}}
2026-03-23 14:31:31,509 [TRACE] uvicorn.asgi: ::1:58432 - ASGI [4] Send {'type': 'http.response.start', 'status': 307, 'headers': '<...>'}
2026-03-23 14:31:31,509 [INFO] uvicorn.access: ::1:58432 - "POST /mcp HTTP/1.1" 307
2026-03-23 14:31:31,509 [TRACE] uvicorn.asgi: ::1:58432 - ASGI [4] Send {'type': 'http.response.body', 'body': '<0 bytes>'}
2026-03-23 14:31:31,509 [TRACE] uvicorn.asgi: ::1:58432 - ASGI [4] Completed
2026-03-23 14:31:31,509 [TRACE] uvicorn.error: ::1:58432 - HTTP connection lost
2026-03-23 14:31:31,510 [TRACE] uvicorn.error: ::1:58433 - HTTP connection made
2026-03-23 14:31:31,511 [TRACE] uvicorn.asgi: ::1:58433 - ASGI [5] Started scope={'type': 'http', 'asgi': {'version': '3.0', 'spec_version': '2.3'}, 'http_version': '1.1', 'server': ('::1', 8003), 'client': ('::1', 58433), 'scheme': 'http', 'method': 'POST', 'root_path': '', 'path': '/mcp/', 'raw_path': b'/mcp/', 'query_string': b'', 'headers': '<...>', 'state': {}}
2026-03-23 14:31:31,511 [TRACE] uvicorn.asgi: ::1:58433 - ASGI [5] Receive {'type': 'http.request', 'body': '<54 bytes>', 'more_body': False}
2026-03-23 14:31:31,511 [TRACE] uvicorn.asgi: ::1:58433 - ASGI [5] Send {'type': 'http.response.start', 'status': <HTTPStatus.ACCEPTED: 202>, 'headers': '<...>'}
2026-03-23 14:31:31,511 [INFO] uvicorn.access: ::1:58433 - "POST /mcp/ HTTP/1.1" 202
2026-03-23 14:31:31,511 [TRACE] uvicorn.asgi: ::1:58433 - ASGI [5] Send {'type': 'http.response.body', 'body': '<0 bytes>'}
2026-03-23 14:31:31,511 [TRACE] uvicorn.asgi: ::1:58433 - ASGI [5] Completed
2026-03-23 14:31:31,512 [TRACE] uvicorn.asgi: ::1:58433 - ASGI [6] Started scope={'type': 'http', 'asgi': {'version': '3.0', 'spec_version': '2.3'}, 'http_version': '1.1', 'server': ('::1', 8003), 'client': ('::1', 58433), 'scheme': 'http', 'method': 'GET', 'root_path': '', 'path': '/mcp', 'raw_path': b'/mcp', 'query_string': b'', 'headers': '<...>', 'state': {}}
2026-03-23 14:31:31,512 [TRACE] uvicorn.asgi: ::1:58433 - ASGI [6] Send {'type': 'http.response.start', 'status': 307, 'headers': '<...>'}
2026-03-23 14:31:31,512 [INFO] uvicorn.access: ::1:58433 - "GET /mcp HTTP/1.1" 307
2026-03-23 14:31:31,512 [TRACE] uvicorn.asgi: ::1:58433 - ASGI [6] Send {'type': 'http.response.body', 'body': '<0 bytes>'}
2026-03-23 14:31:31,512 [TRACE] uvicorn.asgi: ::1:58433 - ASGI [6] Completed
2026-03-23 14:31:31,513 [TRACE] uvicorn.error: ::1:58433 - HTTP connection lost
2026-03-23 14:31:31,513 [TRACE] uvicorn.error: ::1:58434 - HTTP connection made
2026-03-23 14:31:31,513 [TRACE] uvicorn.asgi: ::1:58434 - ASGI [7] Started scope={'type': 'http', 'asgi': {'version': '3.0', 'spec_version': '2.3'}, 'http_version': '1.1', 'server': ('::1', 8003), 'client': ('::1', 58434), 'scheme': 'http', 'method': 'GET', 'root_path': '', 'path': '/mcp/', 'raw_path': b'/mcp/', 'query_string': b'', 'headers': '<...>', 'state': {}}
2026-03-23 14:31:31,514 [TRACE] uvicorn.asgi: ::1:58434 - ASGI [7] Send {'type': 'http.response.start', 'status': 200, 'headers': '<...>'}
2026-03-23 14:31:31,514 [INFO] uvicorn.access: ::1:58434 - "GET /mcp/ HTTP/1.1" 200
2026-03-23 14:31:31,514 [TRACE] uvicorn.asgi: ::1:58434 - ASGI [7] Receive {'type': 'http.request', 'body': '<0 bytes>', 'more_body': False}
2026-03-23 14:31:33,165 [TRACE] uvicorn.error: ::1:58437 - HTTP connection made
2026-03-23 14:31:33,165 [TRACE] uvicorn.asgi: ::1:58437 - ASGI [8] Started scope={'type': 'http', 'asgi': {'version': '3.0', 'spec_version': '2.3'}, 'http_version': '1.1', 'server': ('::1', 8003), 'client': ('::1', 58437), 'scheme': 'http', 'method': 'POST', 'root_path': '', 'path': '/mcp', 'raw_path': b'/mcp', 'query_string': b'', 'headers': '<...>', 'state': {}}
2026-03-23 14:31:33,165 [TRACE] uvicorn.asgi: ::1:58437 - ASGI [8] Send {'type': 'http.response.start', 'status': 307, 'headers': '<...>'}
2026-03-23 14:31:33,166 [INFO] uvicorn.access: ::1:58437 - "POST /mcp HTTP/1.1" 307
2026-03-23 14:31:33,166 [TRACE] uvicorn.asgi: ::1:58437 - ASGI [8] Send {'type': 'http.response.body', 'body': '<0 bytes>'}
2026-03-23 14:31:33,166 [TRACE] uvicorn.asgi: ::1:58437 - ASGI [8] Completed
2026-03-23 14:31:33,166 [TRACE] uvicorn.error: ::1:58437 - HTTP connection lost
2026-03-23 14:31:33,167 [TRACE] uvicorn.error: ::1:58438 - HTTP connection made
2026-03-23 14:31:33,167 [TRACE] uvicorn.asgi: ::1:58438 - ASGI [9] Started scope={'type': 'http', 'asgi': {'version': '3.0', 'spec_version': '2.3'}, 'http_version': '1.1', 'server': ('::1', 8003), 'client': ('::1', 58438), 'scheme': 'http', 'method': 'POST', 'root_path': '', 'path': '/mcp/', 'raw_path': b'/mcp/', 'query_string': b'', 'headers': '<...>', 'state': {}}
2026-03-23 14:31:33,167 [TRACE] uvicorn.asgi: ::1:58438 - ASGI [9] Receive {'type': 'http.request', 'body': '<89 bytes>', 'more_body': False}
2026-03-23 14:31:33,168 [TRACE] uvicorn.asgi: ::1:58438 - ASGI [9] Send {'type': 'http.response.start', 'status': 200, 'headers': '<...>'}
2026-03-23 14:31:33,168 [INFO] uvicorn.access: ::1:58438 - "POST /mcp/ HTTP/1.1" 200
2026-03-23 14:31:33,168 [INFO] mcp.server.lowlevel.server: Processing request of type ListResourcesRequest
2026-03-23 14:31:33,170 [TRACE] uvicorn.asgi: ::1:58438 - ASGI [9] Send {'type': 'http.response.body', 'body': '<358 bytes>', 'more_body': True}
2026-03-23 14:31:33,170 [TRACE] uvicorn.asgi: ::1:58438 - ASGI [9] Send {'type': 'http.response.body', 'body': '<0 bytes>', 'more_body': False}
2026-03-23 14:31:33,170 [TRACE] uvicorn.asgi: ::1:58438 - ASGI [9] Receive {'type': 'http.disconnect'}
2026-03-23 14:31:33,170 [TRACE] uvicorn.asgi: ::1:58438 - ASGI [9] Completed
2026-03-23 14:31:35,213 [TRACE] uvicorn.asgi: ::1:58438 - ASGI [10] Started scope={'type': 'http', 'asgi': {'version': '3.0', 'spec_version': '2.3'}, 'http_version': '1.1', 'server': ('::1', 8003), 'client': ('::1', 58438), 'scheme': 'http', 'method': 'POST', 'root_path': '', 'path': '/mcp', 'raw_path': b'/mcp', 'query_string': b'', 'headers': '<...>', 'state': {}}
2026-03-23 14:31:35,213 [TRACE] uvicorn.asgi: ::1:58438 - ASGI [10] Send {'type': 'http.response.start', 'status': 307, 'headers': '<...>'}
2026-03-23 14:31:35,213 [INFO] uvicorn.access: ::1:58438 - "POST /mcp HTTP/1.1" 307
2026-03-23 14:31:35,213 [TRACE] uvicorn.asgi: ::1:58438 - ASGI [10] Send {'type': 'http.response.body', 'body': '<0 bytes>'}
2026-03-23 14:31:35,213 [TRACE] uvicorn.asgi: ::1:58438 - ASGI [10] Completed
2026-03-23 14:31:35,214 [TRACE] uvicorn.error: ::1:58438 - HTTP connection lost
2026-03-23 14:31:35,215 [TRACE] uvicorn.error: ::1:58439 - HTTP connection made
2026-03-23 14:31:35,215 [TRACE] uvicorn.asgi: ::1:58439 - ASGI [11] Started scope={'type': 'http', 'asgi': {'version': '3.0', 'spec_version': '2.3'}, 'http_version': '1.1', 'server': ('::1', 8003), 'client': ('::1', 58439), 'scheme': 'http', 'method': 'POST', 'root_path': '', 'path': '/mcp/', 'raw_path': b'/mcp/', 'query_string': b'', 'headers': '<...>', 'state': {}}
2026-03-23 14:31:35,215 [TRACE] uvicorn.asgi: ::1:58439 - ASGI [11] Receive {'type': 'http.request', 'body': '<99 bytes>', 'more_body': False}
2026-03-23 14:31:35,215 [TRACE] uvicorn.asgi: ::1:58439 - ASGI [11] Send {'type': 'http.response.start', 'status': 200, 'headers': '<...>'}
2026-03-23 14:31:35,215 [INFO] uvicorn.access: ::1:58439 - "POST /mcp/ HTTP/1.1" 200
2026-03-23 14:31:35,216 [INFO] mcp.server.lowlevel.server: Processing request of type ListResourceTemplatesRequest
2026-03-23 14:31:35,216 [TRACE] uvicorn.asgi: ::1:58439 - ASGI [11] Send {'type': 'http.response.body', 'body': '<258 bytes>', 'more_body': True}
2026-03-23 14:31:35,216 [TRACE] uvicorn.asgi: ::1:58439 - ASGI [11] Send {'type': 'http.response.body', 'body': '<0 bytes>', 'more_body': False}
2026-03-23 14:31:35,216 [TRACE] uvicorn.asgi: ::1:58439 - ASGI [11] Receive {'type': 'http.disconnect'}
2026-03-23 14:31:35,217 [TRACE] uvicorn.asgi: ::1:58439 - ASGI [11] Completed
2026-03-23 14:31:40,217 [TRACE] uvicorn.error: ::1:58439 - HTTP connection lost
2026-03-23 14:31:46,515 [TRACE] uvicorn.asgi: ::1:58434 - ASGI [7] Send {'type': 'http.response.body', 'body': '<45 bytes>', 'more_body': True}
2026-03-23 14:31:55,550 [TRACE] uvicorn.error: ::1:58442 - HTTP connection made
2026-03-23 14:31:55,551 [TRACE] uvicorn.asgi: ::1:58442 - ASGI [12] Started scope={'type': 'http', 'asgi': {'version': '3.0', 'spec_version': '2.3'}, 'http_version': '1.1', 'server': ('::1', 8003), 'client': ('::1', 58442), 'scheme': 'http', 'method': 'POST', 'root_path': '', 'path': '/mcp', 'raw_path': b'/mcp', 'query_string': b'', 'headers': '<...>', 'state': {}}
2026-03-23 14:31:55,551 [TRACE] uvicorn.asgi: ::1:58442 - ASGI [12] Send {'type': 'http.response.start', 'status': 307, 'headers': '<...>'}
2026-03-23 14:31:55,551 [INFO] uvicorn.access: ::1:58442 - "POST /mcp HTTP/1.1" 307
2026-03-23 14:31:55,551 [TRACE] uvicorn.asgi: ::1:58442 - ASGI [12] Send {'type': 'http.response.body', 'body': '<0 bytes>'}
2026-03-23 14:31:55,551 [TRACE] uvicorn.asgi: ::1:58442 - ASGI [12] Completed
2026-03-23 14:31:55,551 [TRACE] uvicorn.error: ::1:58442 - HTTP connection lost
2026-03-23 14:31:55,552 [TRACE] uvicorn.error: ::1:58443 - HTTP connection made
2026-03-23 14:31:55,552 [TRACE] uvicorn.asgi: ::1:58443 - ASGI [13] Started scope={'type': 'http', 'asgi': {'version': '3.0', 'spec_version': '2.3'}, 'http_version': '1.1', 'server': ('::1', 8003), 'client': ('::1', 58443), 'scheme': 'http', 'method': 'POST', 'root_path': '', 'path': '/mcp/', 'raw_path': b'/mcp/', 'query_string': b'', 'headers': '<...>', 'state': {}}
2026-03-23 14:31:55,552 [TRACE] uvicorn.asgi: ::1:58443 - ASGI [13] Receive {'type': 'http.request', 'body': '<133 bytes>', 'more_body': False}
2026-03-23 14:31:55,552 [TRACE] uvicorn.asgi: ::1:58443 - ASGI [13] Send {'type': 'http.response.start', 'status': 200, 'headers': '<...>'}
2026-03-23 14:31:55,552 [INFO] uvicorn.access: ::1:58443 - "POST /mcp/ HTTP/1.1" 200
2026-03-23 14:31:55,553 [INFO] mcp.server.lowlevel.server: Processing request of type ReadResourceRequest
2026-03-23 14:31:55,558 [TRACE] uvicorn.asgi: ::1:58443 - ASGI [13] Send {'type': 'http.response.body', 'body': '<1232 bytes>', 'more_body': True}
2026-03-23 14:31:55,558 [TRACE] uvicorn.asgi: ::1:58443 - ASGI [13] Send {'type': 'http.response.body', 'body': '<0 bytes>', 'more_body': False}
2026-03-23 14:31:55,559 [TRACE] uvicorn.asgi: ::1:58443 - ASGI [13] Receive {'type': 'http.disconnect'}
2026-03-23 14:31:55,559 [TRACE] uvicorn.asgi: ::1:58443 - ASGI [13] Completed
2026-03-23 14:32:00,117 [TRACE] uvicorn.asgi: ::1:58443 - ASGI [14] Started scope={'type': 'http', 'asgi': {'version': '3.0', 'spec_version': '2.3'}, 'http_version': '1.1', 'server': ('::1', 8003), 'client': ('::1', 58443), 'scheme': 'http', 'method': 'POST', 'root_path': '', 'path': '/mcp', 'raw_path': b'/mcp', 'query_string': b'', 'headers': '<...>', 'state': {}}
2026-03-23 14:32:00,118 [TRACE] uvicorn.asgi: ::1:58443 - ASGI [14] Send {'type': 'http.response.start', 'status': 307, 'headers': '<...>'}
2026-03-23 14:32:00,118 [INFO] uvicorn.access: ::1:58443 - "POST /mcp HTTP/1.1" 307
2026-03-23 14:32:00,118 [TRACE] uvicorn.asgi: ::1:58443 - ASGI [14] Send {'type': 'http.response.body', 'body': '<0 bytes>'}
2026-03-23 14:32:00,118 [TRACE] uvicorn.asgi: ::1:58443 - ASGI [14] Completed
2026-03-23 14:32:00,118 [TRACE] uvicorn.error: ::1:58443 - HTTP connection lost
2026-03-23 14:32:00,119 [TRACE] uvicorn.error: ::1:58446 - HTTP connection made
2026-03-23 14:32:00,119 [TRACE] uvicorn.asgi: ::1:58446 - ASGI [15] Started scope={'type': 'http', 'asgi': {'version': '3.0', 'spec_version': '2.3'}, 'http_version': '1.1', 'server': ('::1', 8003), 'client': ('::1', 58446), 'scheme': 'http', 'method': 'POST', 'root_path': '', 'path': '/mcp/', 'raw_path': b'/mcp/', 'query_string': b'', 'headers': '<...>', 'state': {}}
2026-03-23 14:32:00,119 [TRACE] uvicorn.asgi: ::1:58446 - ASGI [15] Receive {'type': 'http.request', 'body': '<140 bytes>', 'more_body': False}
2026-03-23 14:32:00,119 [TRACE] uvicorn.asgi: ::1:58446 - ASGI [15] Send {'type': 'http.response.start', 'status': 200, 'headers': '<...>'}
2026-03-23 14:32:00,119 [INFO] uvicorn.access: ::1:58446 - "POST /mcp/ HTTP/1.1" 200
2026-03-23 14:32:00,120 [INFO] mcp.server.lowlevel.server: Processing request of type ReadResourceRequest
2026-03-23 14:32:00,120 [TRACE] uvicorn.asgi: ::1:58446 - ASGI [15] Send {'type': 'http.response.body', 'body': '<411 bytes>', 'more_body': True}
2026-03-23 14:32:00,120 [TRACE] uvicorn.asgi: ::1:58446 - ASGI [15] Send {'type': 'http.response.body', 'body': '<0 bytes>', 'more_body': False}
2026-03-23 14:32:00,121 [TRACE] uvicorn.asgi: ::1:58446 - ASGI [15] Receive {'type': 'http.disconnect'}
2026-03-23 14:32:00,121 [TRACE] uvicorn.asgi: ::1:58446 - ASGI [15] Completed
2026-03-23 14:32:01,517 [TRACE] uvicorn.asgi: ::1:58434 - ASGI [7] Send {'type': 'http.response.body', 'body': '<45 bytes>', 'more_body': True}
2026-03-23 14:32:05,122 [TRACE] uvicorn.error: ::1:58446 - HTTP connection lost
2026-03-23 14:32:08,694 [TRACE] uvicorn.error: ::1:58448 - HTTP connection made
2026-03-23 14:32:08,695 [TRACE] uvicorn.asgi: ::1:58448 - ASGI [16] Started scope={'type': 'http', 'asgi': {'version': '3.0', 'spec_version': '2.3'}, 'http_version': '1.1', 'server': ('::1', 8003), 'client': ('::1', 58448), 'scheme': 'http', 'method': 'POST', 'root_path': '', 'path': '/mcp', 'raw_path': b'/mcp', 'query_string': b'', 'headers': '<...>', 'state': {}}
2026-03-23 14:32:08,695 [TRACE] uvicorn.asgi: ::1:58448 - ASGI [16] Send {'type': 'http.response.start', 'status': 307, 'headers': '<...>'}
2026-03-23 14:32:08,695 [INFO] uvicorn.access: ::1:58448 - "POST /mcp HTTP/1.1" 307
2026-03-23 14:32:08,695 [TRACE] uvicorn.asgi: ::1:58448 - ASGI [16] Send {'type': 'http.response.body', 'body': '<0 bytes>'}
2026-03-23 14:32:08,695 [TRACE] uvicorn.asgi: ::1:58448 - ASGI [16] Completed
2026-03-23 14:32:08,695 [TRACE] uvicorn.error: ::1:58448 - HTTP connection lost
2026-03-23 14:32:08,696 [TRACE] uvicorn.error: ::1:58449 - HTTP connection made
2026-03-23 14:32:08,696 [TRACE] uvicorn.asgi: ::1:58449 - ASGI [17] Started scope={'type': 'http', 'asgi': {'version': '3.0', 'spec_version': '2.3'}, 'http_version': '1.1', 'server': ('::1', 8003), 'client': ('::1', 58449), 'scheme': 'http', 'method': 'POST', 'root_path': '', 'path': '/mcp/', 'raw_path': b'/mcp/', 'query_string': b'', 'headers': '<...>', 'state': {}}
2026-03-23 14:32:08,696 [TRACE] uvicorn.asgi: ::1:58449 - ASGI [17] Receive {'type': 'http.request', 'body': '<99 bytes>', 'more_body': False}
2026-03-23 14:32:08,696 [TRACE] uvicorn.asgi: ::1:58449 - ASGI [17] Send {'type': 'http.response.start', 'status': 200, 'headers': '<...>'}
2026-03-23 14:32:08,696 [INFO] uvicorn.access: ::1:58449 - "POST /mcp/ HTTP/1.1" 200
2026-03-23 14:32:08,697 [INFO] mcp.server.lowlevel.server: Processing request of type ListResourceTemplatesRequest
2026-03-23 14:32:08,697 [TRACE] uvicorn.asgi: ::1:58449 - ASGI [17] Send {'type': 'http.response.body', 'body': '<258 bytes>', 'more_body': True}
2026-03-23 14:32:08,698 [TRACE] uvicorn.asgi: ::1:58449 - ASGI [17] Send {'type': 'http.response.body', 'body': '<0 bytes>', 'more_body': False}
2026-03-23 14:32:08,698 [TRACE] uvicorn.asgi: ::1:58449 - ASGI [17] Receive {'type': 'http.disconnect'}
2026-03-23 14:32:08,698 [TRACE] uvicorn.asgi: ::1:58449 - ASGI [17] Completed
2026-03-23 14:32:13,699 [TRACE] uvicorn.error: ::1:58449 - HTTP connection lost
2026-03-23 14:32:16,519 [TRACE] uvicorn.asgi: ::1:58434 - ASGI [7] Send {'type': 'http.response.body', 'body': '<45 bytes>', 'more_body': True}
2026-03-23 14:32:31,520 [TRACE] uvicorn.asgi: ::1:58434 - ASGI [7] Send {'type': 'http.response.body', 'body': '<45 bytes>', 'more_body': True}
2026-03-23 14:32:46,523 [TRACE] uvicorn.asgi: ::1:58434 - ASGI [7] Send {'type': 'http.response.body', 'body': '<45 bytes>', 'more_body': True}
2026-03-23 14:33:01,524 [TRACE] uvicorn.asgi: ::1:58434 - ASGI [7] Send {'type': 'http.response.body', 'body': '<45 bytes>', 'more_body': True}
2026-03-23 14:33:16,526 [TRACE] uvicorn.asgi: ::1:58434 - ASGI [7] Send {'type': 'http.response.body', 'body': '<45 bytes>', 'more_body': True}
2026-03-23 14:33:31,529 [TRACE] uvicorn.asgi: ::1:58434 - ASGI [7] Send {'type': 'http.response.body', 'body': '<45 bytes>', 'more_body': True}
2026-03-23 14:33:34,273 [TRACE] uvicorn.error: ::1:58462 - HTTP connection made
2026-03-23 14:33:34,273 [TRACE] uvicorn.asgi: ::1:58462 - ASGI [18] Started scope={'type': 'http', 'asgi': {'version': '3.0', 'spec_version': '2.3'}, 'http_version': '1.1', 'server': ('::1', 8003), 'client': ('::1', 58462), 'scheme': 'http', 'method': 'POST', 'root_path': '', 'path': '/mcp/', 'raw_path': b'/mcp/', 'query_string': b'', 'headers': '<...>', 'state': {}}
2026-03-23 14:33:34,273 [INFO] mcp.server.streamable_http_manager: Created new transport with session ID: a6ec7f49935d4c5887865262fc45dea9
2026-03-23 14:33:34,274 [TRACE] uvicorn.asgi: ::1:58462 - ASGI [18] Receive {'type': 'http.request', 'body': '<151 bytes>', 'more_body': False}
2026-03-23 14:33:34,274 [TRACE] uvicorn.asgi: ::1:58462 - ASGI [18] Send {'type': 'http.response.start', 'status': 200, 'headers': '<...>'}
2026-03-23 14:33:34,274 [INFO] uvicorn.access: ::1:58462 - "POST /mcp/ HTTP/1.1" 200
2026-03-23 14:33:34,275 [TRACE] uvicorn.asgi: ::1:58462 - ASGI [18] Send {'type': 'http.response.body', 'body': '<431 bytes>', 'more_body': True}
2026-03-23 14:33:34,275 [TRACE] uvicorn.asgi: ::1:58462 - ASGI [18] Send {'type': 'http.response.body', 'body': '<0 bytes>', 'more_body': False}
2026-03-23 14:33:34,275 [TRACE] uvicorn.asgi: ::1:58462 - ASGI [18] Receive {'type': 'http.disconnect'}
2026-03-23 14:33:34,275 [TRACE] uvicorn.error: ::1:58462 - HTTP connection lost
2026-03-23 14:33:34,275 [TRACE] uvicorn.asgi: ::1:58462 - ASGI [18] Completed
2026-03-23 14:33:34,288 [TRACE] uvicorn.error: ::1:58463 - HTTP connection made
2026-03-23 14:33:34,288 [TRACE] uvicorn.asgi: ::1:58463 - ASGI [19] Started scope={'type': 'http', 'asgi': {'version': '3.0', 'spec_version': '2.3'}, 'http_version': '1.1', 'server': ('::1', 8003), 'client': ('::1', 58463), 'scheme': 'http', 'method': 'POST', 'root_path': '', 'path': '/mcp/', 'raw_path': b'/mcp/', 'query_string': b'', 'headers': '<...>', 'state': {}}
2026-03-23 14:33:34,288 [TRACE] uvicorn.asgi: ::1:58463 - ASGI [19] Receive {'type': 'http.request', 'body': '<62 bytes>', 'more_body': False}
2026-03-23 14:33:34,288 [TRACE] uvicorn.asgi: ::1:58463 - ASGI [19] Send {'type': 'http.response.start', 'status': 200, 'headers': '<...>'}
2026-03-23 14:33:34,288 [INFO] uvicorn.access: ::1:58463 - "POST /mcp/ HTTP/1.1" 200
2026-03-23 14:33:34,289 [INFO] mcp.server.lowlevel.server: Processing request of type ListResourcesRequest
2026-03-23 14:33:34,289 [TRACE] uvicorn.asgi: ::1:58463 - ASGI [19] Send {'type': 'http.response.body', 'body': '<358 bytes>', 'more_body': True}
2026-03-23 14:33:34,289 [TRACE] uvicorn.asgi: ::1:58463 - ASGI [19] Send {'type': 'http.response.body', 'body': '<0 bytes>', 'more_body': False}
2026-03-23 14:33:34,289 [TRACE] uvicorn.asgi: ::1:58463 - ASGI [19] Receive {'type': 'http.disconnect'}
2026-03-23 14:33:34,289 [TRACE] uvicorn.error: ::1:58463 - HTTP connection lost
2026-03-23 14:33:34,290 [TRACE] uvicorn.asgi: ::1:58463 - ASGI [19] Completed
2026-03-23 14:33:46,533 [TRACE] uvicorn.asgi: ::1:58434 - ASGI [7] Send {'type': 'http.response.body', 'body': '<45 bytes>', 'more_body': True}
2026-03-23 14:34:01,536 [TRACE] uvicorn.asgi: ::1:58434 - ASGI [7] Send {'type': 'http.response.body', 'body': '<45 bytes>', 'more_body': True}
2026-03-23 14:34:16,538 [TRACE] uvicorn.asgi: ::1:58434 - ASGI [7] Send {'type': 'http.response.body', 'body': '<45 bytes>', 'more_body': True}
2026-03-23 14:34:31,541 [TRACE] uvicorn.asgi: ::1:58434 - ASGI [7] Send {'type': 'http.response.body', 'body': '<45 bytes>', 'more_body': True}
2026-03-23 14:34:46,543 [TRACE] uvicorn.asgi: ::1:58434 - ASGI [7] Send {'type': 'http.response.body', 'body': '<45 bytes>', 'more_body': True}
2026-03-23 14:35:01,546 [TRACE] uvicorn.asgi: ::1:58434 - ASGI [7] Send {'type': 'http.response.body', 'body': '<45 bytes>', 'more_body': True}
2026-03-23 14:35:14,054 [TRACE] uvicorn.error: ::1:58473 - HTTP connection made
2026-03-23 14:35:14,063 [TRACE] uvicorn.asgi: ::1:58473 - ASGI [20] Started scope={'type': 'http', 'asgi': {'version': '3.0', 'spec_version': '2.3'}, 'http_version': '1.1', 'server': ('::1', 8003), 'client': ('::1', 58473), 'scheme': 'http', 'method': 'GET', 'root_path': '', 'path': '/resource://converter/unit_reference', 'raw_path': b'/resource://converter/unit_reference', 'query_string': b'', 'headers': '<...>', 'state': {}}
2026-03-23 14:35:14,064 [TRACE] uvicorn.asgi: ::1:58473 - ASGI [20] Send {'type': 'http.response.start', 'status': 404, 'headers': '<...>'}
2026-03-23 14:35:14,064 [INFO] uvicorn.access: ::1:58473 - "GET /resource%3A//converter/unit_reference HTTP/1.1" 404
2026-03-23 14:35:14,065 [TRACE] uvicorn.asgi: ::1:58473 - ASGI [20] Send {'type': 'http.response.body', 'body': '<22 bytes>'}
2026-03-23 14:35:14,065 [TRACE] uvicorn.asgi: ::1:58473 - ASGI [20] Completed
2026-03-23 14:35:14,072 [TRACE] uvicorn.error: ::1:58474 - HTTP connection made
2026-03-23 14:35:14,101 [TRACE] uvicorn.asgi: ::1:58473 - ASGI [21] Started scope={'type': 'http', 'asgi': {'version': '3.0', 'spec_version': '2.3'}, 'http_version': '1.1', 'server': ('::1', 8003), 'client': ('::1', 58473), 'scheme': 'http', 'method': 'GET', 'root_path': '', 'path': '/favicon.ico', 'raw_path': b'/favicon.ico', 'query_string': b'', 'headers': '<...>', 'state': {}}
2026-03-23 14:35:14,101 [TRACE] uvicorn.asgi: ::1:58473 - ASGI [21] Send {'type': 'http.response.start', 'status': 404, 'headers': '<...>'}
2026-03-23 14:35:14,101 [INFO] uvicorn.access: ::1:58473 - "GET /favicon.ico HTTP/1.1" 404
2026-03-23 14:35:14,102 [TRACE] uvicorn.asgi: ::1:58473 - ASGI [21] Send {'type': 'http.response.body', 'body': '<22 bytes>'}
2026-03-23 14:35:14,102 [TRACE] uvicorn.asgi: ::1:58473 - ASGI [21] Completed
2026-03-23 14:35:16,548 [TRACE] uvicorn.asgi: ::1:58434 - ASGI [7] Send {'type': 'http.response.body', 'body': '<45 bytes>', 'more_body': True}
2026-03-23 14:35:19,103 [TRACE] uvicorn.error: ::1:58473 - HTTP connection lost
2026-03-23 14:35:25,842 [TRACE] uvicorn.asgi: ::1:58474 - ASGI [22] Started scope={'type': 'http', 'asgi': {'version': '3.0', 'spec_version': '2.3'}, 'http_version': '1.1', 'server': ('::1', 8003), 'client': ('::1', 58474), 'scheme': 'http', 'method': 'GET', 'root_path': '', 'path': '/mcp/resource://converter/unit_reference', 'raw_path': b'/mcp/resource://converter/unit_reference', 'query_string': b'', 'headers': '<...>', 'state': {}}
2026-03-23 14:35:25,843 [TRACE] uvicorn.asgi: ::1:58474 - ASGI [22] Send {'type': 'http.response.start', 'status': 404, 'headers': '<...>'}
2026-03-23 14:35:25,843 [INFO] uvicorn.access: ::1:58474 - "GET /mcp/resource%3A//converter/unit_reference HTTP/1.1" 404
2026-03-23 14:35:25,843 [TRACE] uvicorn.asgi: ::1:58474 - ASGI [22] Send {'type': 'http.response.body', 'body': '<9 bytes>'}
2026-03-23 14:35:25,844 [TRACE] uvicorn.asgi: ::1:58474 - ASGI [22] Completed
2026-03-23 14:35:25,851 [TRACE] uvicorn.error: ::1:58478 - HTTP connection made
2026-03-23 14:35:30,845 [TRACE] uvicorn.error: ::1:58474 - HTTP connection lost
2026-03-23 14:35:31,550 [TRACE] uvicorn.asgi: ::1:58434 - ASGI [7] Send {'type': 'http.response.body', 'body': '<45 bytes>', 'more_body': True}
2026-03-23 14:35:46,552 [TRACE] uvicorn.asgi: ::1:58434 - ASGI [7] Send {'type': 'http.response.body', 'body': '<45 bytes>', 'more_body': True}
2026-03-23 14:36:01,554 [TRACE] uvicorn.asgi: ::1:58434 - ASGI [7] Send {'type': 'http.response.body', 'body': '<45 bytes>', 'more_body': True}
2026-03-23 14:36:16,557 [TRACE] uvicorn.asgi: ::1:58434 - ASGI [7] Send {'type': 'http.response.body', 'body': '<45 bytes>', 'more_body': True}
2026-03-23 14:36:31,559 [TRACE] uvicorn.asgi: ::1:58434 - ASGI [7] Send {'type': 'http.response.body', 'body': '<45 bytes>', 'more_body': True}
2026-03-23 14:36:46,561 [TRACE] uvicorn.asgi: ::1:58434 - ASGI [7] Send {'type': 'http.response.body', 'body': '<45 bytes>', 'more_body': True}
2026-03-23 14:37:01,563 [TRACE] uvicorn.asgi: ::1:58434 - ASGI [7] Send {'type': 'http.response.body', 'body': '<45 bytes>', 'more_body': True}
2026-03-23 14:37:16,565 [TRACE] uvicorn.asgi: ::1:58434 - ASGI [7] Send {'type': 'http.response.body', 'body': '<45 bytes>', 'more_body': True}
2026-03-23 14:37:31,567 [TRACE] uvicorn.asgi: ::1:58434 - ASGI [7] Send {'type': 'http.response.body', 'body': '<45 bytes>', 'more_body': True}
2026-03-25 09:20:03,195 [INFO] uvicorn.error: Started server process [7778]
2026-03-25 09:20:03,195 [INFO] uvicorn.error: Waiting for application startup.
2026-03-25 09:20:03,195 [TRACE] uvicorn.asgi: ASGI [1] Started scope={'type': 'lifespan', 'asgi': {'version': '3.0', 'spec_version': '2.0'}, 'state': {}}
2026-03-25 09:20:03,195 [TRACE] uvicorn.asgi: ASGI [1] Receive {'type': 'lifespan.startup'}
2026-03-25 09:20:03,197 [INFO] mcp.server.streamable_http_manager: StreamableHTTP session manager started
2026-03-25 09:20:03,197 [TRACE] uvicorn.asgi: ASGI [1] Send {'type': 'lifespan.startup.complete'}
2026-03-25 09:20:03,197 [INFO] uvicorn.error: Application startup complete.
2026-03-25 09:20:03,199 [INFO] uvicorn.error: Uvicorn running on http://localhost:8003 (Press CTRL+C to quit)
2026-03-25 09:20:07,244 [INFO] uvicorn.error: Shutting down
2026-03-25 09:20:07,346 [INFO] uvicorn.error: Waiting for application shutdown.
2026-03-25 09:20:07,347 [TRACE] uvicorn.asgi: ASGI [1] Receive {'type': 'lifespan.shutdown'}
2026-03-25 09:20:07,347 [INFO] mcp.server.streamable_http_manager: StreamableHTTP session manager shutting down
2026-03-25 09:20:07,347 [TRACE] uvicorn.asgi: ASGI [1] Send {'type': 'lifespan.shutdown.complete'}
2026-03-25 09:20:07,347 [TRACE] uvicorn.asgi: ASGI [1] Completed
2026-03-25 09:20:07,347 [INFO] uvicorn.error: Application shutdown complete.
2026-03-25 09:20:07,348 [INFO] uvicorn.error: Finished server process [7778]
2026-03-25 09:22:01,060 [INFO] uvicorn.error: Started server process [8773]
2026-03-25 09:22:01,060 [INFO] uvicorn.error: Waiting for application startup.
2026-03-25 09:22:01,060 [TRACE] uvicorn.asgi: ASGI [1] Started scope={'type': 'lifespan', 'asgi': {'version': '3.0', 'spec_version': '2.0'}, 'state': {}}
2026-03-25 09:22:01,060 [TRACE] uvicorn.asgi: ASGI [1] Receive {'type': 'lifespan.startup'}
2026-03-25 09:22:01,062 [INFO] mcp.server.streamable_http_manager: StreamableHTTP session manager started
2026-03-25 09:22:01,062 [TRACE] uvicorn.asgi: ASGI [1] Send {'type': 'lifespan.startup.complete'}
2026-03-25 09:22:01,062 [INFO] uvicorn.error: Application startup complete.
2026-03-25 09:22:01,064 [INFO] uvicorn.error: Uvicorn running on http://localhost:8003 (Press CTRL+C to quit)
2026-03-25 09:22:30,515 [TRACE] uvicorn.error: ::1:50020 - HTTP connection made
2026-03-25 09:22:30,515 [TRACE] uvicorn.asgi: ::1:50020 - ASGI [2] Started scope={'type': 'http', 'asgi': {'version': '3.0', 'spec_version': '2.3'}, 'http_version': '1.1', 'server': ('::1', 8003), 'client': ('::1', 50020), 'scheme': 'http', 'method': 'POST', 'root_path': '', 'path': '/mcp/', 'raw_path': b'/mcp/', 'query_string': b'', 'headers': '<...>', 'state': {}}
2026-03-25 09:22:30,515 [INFO] mcp.server.streamable_http_manager: Created new transport with session ID: de388a5a3aa4438da0e8950fecd792e6
2026-03-25 09:22:30,516 [TRACE] uvicorn.asgi: ::1:50020 - ASGI [2] Receive {'type': 'http.request', 'body': '<151 bytes>', 'more_body': False}
2026-03-25 09:22:30,516 [TRACE] uvicorn.asgi: ::1:50020 - ASGI [2] Send {'type': 'http.response.start', 'status': 200, 'headers': '<...>'}
2026-03-25 09:22:30,516 [INFO] uvicorn.access: ::1:50020 - "POST /mcp/ HTTP/1.1" 200
2026-03-25 09:22:30,517 [TRACE] uvicorn.asgi: ::1:50020 - ASGI [2] Send {'type': 'http.response.body', 'body': '<431 bytes>', 'more_body': True}
2026-03-25 09:22:30,517 [TRACE] uvicorn.asgi: ::1:50020 - ASGI [2] Send {'type': 'http.response.body', 'body': '<0 bytes>', 'more_body': False}
2026-03-25 09:22:30,517 [TRACE] uvicorn.asgi: ::1:50020 - ASGI [2] Receive {'type': 'http.disconnect'}
2026-03-25 09:22:30,517 [TRACE] uvicorn.error: ::1:50020 - HTTP connection lost
2026-03-25 09:22:30,517 [TRACE] uvicorn.asgi: ::1:50020 - ASGI [2] Completed
2026-03-25 09:22:38,123 [TRACE] uvicorn.error: ::1:50021 - HTTP connection made
2026-03-25 09:22:38,123 [TRACE] uvicorn.asgi: ::1:50021 - ASGI [3] Started scope={'type': 'http', 'asgi': {'version': '3.0', 'spec_version': '2.3'}, 'http_version': '1.1', 'server': ('::1', 8003), 'client': ('::1', 50021), 'scheme': 'http', 'method': 'POST', 'root_path': '', 'path': '/mcp/', 'raw_path': b'/mcp/', 'query_string': b'', 'headers': '<...>', 'state': {}}
2026-03-25 09:22:38,123 [TRACE] uvicorn.asgi: ::1:50021 - ASGI [3] Receive {'type': 'http.request', 'body': '<62 bytes>', 'more_body': False}
2026-03-25 09:22:38,124 [TRACE] uvicorn.asgi: ::1:50021 - ASGI [3] Send {'type': 'http.response.start', 'status': 200, 'headers': '<...>'}
2026-03-25 09:22:38,124 [INFO] uvicorn.access: ::1:50021 - "POST /mcp/ HTTP/1.1" 200
2026-03-25 09:22:38,124 [INFO] mcp.server.lowlevel.server: Processing request of type ListResourcesRequest
2026-03-25 09:22:38,125 [TRACE] uvicorn.asgi: ::1:50021 - ASGI [3] Send {'type': 'http.response.body', 'body': '<358 bytes>', 'more_body': True}
2026-03-25 09:22:38,125 [TRACE] uvicorn.asgi: ::1:50021 - ASGI [3] Send {'type': 'http.response.body', 'body': '<0 bytes>', 'more_body': False}
2026-03-25 09:22:38,126 [TRACE] uvicorn.asgi: ::1:50021 - ASGI [3] Receive {'type': 'http.disconnect'}
2026-03-25 09:22:38,126 [TRACE] uvicorn.error: ::1:50021 - HTTP connection lost
2026-03-25 09:22:38,126 [TRACE] uvicorn.asgi: ::1:50021 - ASGI [3] Completed
2026-03-25 09:22:49,837 [TRACE] uvicorn.error: ::1:50022 - HTTP connection made
2026-03-25 09:22:49,837 [TRACE] uvicorn.asgi: ::1:50022 - ASGI [4] Started scope={'type': 'http', 'asgi': {'version': '3.0', 'spec_version': '2.3'}, 'http_version': '1.1', 'server': ('::1', 8003), 'client': ('::1', 50022), 'scheme': 'http', 'method': 'POST', 'root_path': '', 'path': '/mcp/', 'raw_path': b'/mcp/', 'query_string': b'', 'headers': '<...>', 'state': {}}
2026-03-25 09:22:49,837 [TRACE] uvicorn.asgi: ::1:50022 - ASGI [4] Receive {'type': 'http.request', 'body': '<105 bytes>', 'more_body': False}
2026-03-25 09:22:49,838 [TRACE] uvicorn.asgi: ::1:50022 - ASGI [4] Send {'type': 'http.response.start', 'status': 200, 'headers': '<...>'}
2026-03-25 09:22:49,838 [INFO] uvicorn.access: ::1:50022 - "POST /mcp/ HTTP/1.1" 200
2026-03-25 09:22:49,838 [INFO] mcp.server.lowlevel.server: Processing request of type ReadResourceRequest
2026-03-25 09:22:49,839 [TRACE] uvicorn.asgi: ::1:50022 - ASGI [4] Send {'type': 'http.response.body', 'body': '<1232 bytes>', 'more_body': True}
2026-03-25 09:22:49,839 [TRACE] uvicorn.asgi: ::1:50022 - ASGI [4] Send {'type': 'http.response.body', 'body': '<0 bytes>', 'more_body': False}
2026-03-25 09:22:49,840 [TRACE] uvicorn.asgi: ::1:50022 - ASGI [4] Receive {'type': 'http.disconnect'}
2026-03-25 09:22:49,840 [TRACE] uvicorn.error: ::1:50022 - HTTP connection lost
2026-03-25 09:22:49,840 [TRACE] uvicorn.asgi: ::1:50022 - ASGI [4] Completed
2026-03-27 15:09:09,520 [INFO] uvicorn.error: Started server process [25695]
2026-03-27 15:09:09,523 [INFO] uvicorn.error: Waiting for application startup.
2026-03-27 15:09:09,523 [TRACE] uvicorn.asgi: ASGI [1] Started scope={'type': 'lifespan', 'asgi': {'version': '3.0', 'spec_version': '2.0'}, 'state': {}}
2026-03-27 15:09:09,523 [TRACE] uvicorn.asgi: ASGI [1] Receive {'type': 'lifespan.startup'}
2026-03-27 15:09:09,525 [INFO] mcp.server.streamable_http_manager: StreamableHTTP session manager started
2026-03-27 15:09:09,525 [TRACE] uvicorn.asgi: ASGI [1] Send {'type': 'lifespan.startup.complete'}
2026-03-27 15:09:09,525 [INFO] uvicorn.error: Application startup complete.
2026-03-27 15:09:09,528 [INFO] uvicorn.error: Uvicorn running on http://localhost:8003 (Press CTRL+C to quit)
2026-03-27 15:09:49,141 [TRACE] uvicorn.error: 127.0.0.1:54160 - HTTP connection made
2026-03-27 15:09:49,147 [TRACE] uvicorn.asgi: 127.0.0.1:54160 - ASGI [2] Started scope={'type': 'http', 'asgi': {'version': '3.0', 'spec_version': '2.3'}, 'http_version': '1.1', 'server': ('127.0.0.1', 8003), 'client': ('127.0.0.1', 54160), 'scheme': 'http', 'method': 'POST', 'root_path': '', 'path': '/mcp/celsius-to-fahrenheit', 'raw_path': b'/mcp/celsius-to-fahrenheit', 'query_string': b'', 'headers': '<...>', 'state': {}}
2026-03-27 15:09:49,147 [TRACE] uvicorn.asgi: 127.0.0.1:54160 - ASGI [2] Send {'type': 'http.response.start', 'status': 404, 'headers': '<...>'}
2026-03-27 15:09:49,147 [INFO] uvicorn.access: 127.0.0.1:54160 - "POST /mcp/celsius-to-fahrenheit HTTP/1.1" 404
2026-03-27 15:09:49,147 [TRACE] uvicorn.asgi: 127.0.0.1:54160 - ASGI [2] Send {'type': 'http.response.body', 'body': '<9 bytes>'}
2026-03-27 15:09:49,147 [TRACE] uvicorn.asgi: 127.0.0.1:54160 - ASGI [2] Completed
2026-03-27 15:09:54,149 [TRACE] uvicorn.error: 127.0.0.1:54160 - HTTP connection lost
2026-03-27 15:10:15,227 [TRACE] uvicorn.error: 127.0.0.1:54161 - HTTP connection made
2026-03-27 15:10:15,227 [TRACE] uvicorn.asgi: 127.0.0.1:54161 - ASGI [3] Started scope={'type': 'http', 'asgi': {'version': '3.0', 'spec_version': '2.3'}, 'http_version': '1.1', 'server': ('127.0.0.1', 8003), 'client': ('127.0.0.1', 54161), 'scheme': 'http', 'method': 'POST', 'root_path': '', 'path': '/mcp/', 'raw_path': b'/mcp/', 'query_string': b'', 'headers': '<...>', 'state': {}}
2026-03-27 15:10:15,227 [INFO] mcp.server.streamable_http_manager: Created new transport with session ID: 4cec28bebdef4341a92eaeff3658eb16
2026-03-27 15:10:15,228 [WARNING] mcp.server.transport_security: Missing Content-Type header in POST request
2026-03-27 15:10:15,228 [TRACE] uvicorn.asgi: 127.0.0.1:54161 - ASGI [3] Send {'type': 'http.response.start', 'status': 400, 'headers': '<...>'}
2026-03-27 15:10:15,228 [INFO] uvicorn.access: 127.0.0.1:54161 - "POST /mcp/ HTTP/1.1" 400
2026-03-27 15:10:15,228 [TRACE] uvicorn.asgi: 127.0.0.1:54161 - ASGI [3] Send {'type': 'http.response.body', 'body': '<27 bytes>'}
2026-03-27 15:10:15,229 [TRACE] uvicorn.asgi: 127.0.0.1:54161 - ASGI [3] Completed
2026-03-27 15:10:20,230 [TRACE] uvicorn.error: 127.0.0.1:54161 - HTTP connection lost
2026-03-27 15:14:28,736 [TRACE] uvicorn.error: 127.0.0.1:54198 - HTTP connection made
2026-03-27 15:14:28,737 [TRACE] uvicorn.asgi: 127.0.0.1:54198 - ASGI [4] Started scope={'type': 'http', 'asgi': {'version': '3.0', 'spec_version': '2.3'}, 'http_version': '1.1', 'server': ('127.0.0.1', 8003), 'client': ('127.0.0.1', 54198), 'scheme': 'http', 'method': 'POST', 'root_path': '', 'path': '/mcp', 'raw_path': b'/mcp', 'query_string': b'', 'headers': '<...>', 'state': {}}
2026-03-27 15:14:28,737 [TRACE] uvicorn.asgi: 127.0.0.1:54198 - ASGI [4] Send {'type': 'http.response.start', 'status': 307, 'headers': '<...>'}
2026-03-27 15:14:28,737 [INFO] uvicorn.access: 127.0.0.1:54198 - "POST /mcp HTTP/1.1" 307
2026-03-27 15:14:28,737 [TRACE] uvicorn.asgi: 127.0.0.1:54198 - ASGI [4] Send {'type': 'http.response.body', 'body': '<0 bytes>'}
2026-03-27 15:14:28,737 [TRACE] uvicorn.asgi: 127.0.0.1:54198 - ASGI [4] Completed
2026-03-27 15:14:28,738 [TRACE] uvicorn.error: 127.0.0.1:54198 - HTTP connection lost
2026-03-27 15:14:28,739 [TRACE] uvicorn.error: 127.0.0.1:54199 - HTTP connection made
2026-03-27 15:14:28,739 [TRACE] uvicorn.asgi: 127.0.0.1:54199 - ASGI [5] Started scope={'type': 'http', 'asgi': {'version': '3.0', 'spec_version': '2.3'}, 'http_version': '1.1', 'server': ('127.0.0.1', 8003), 'client': ('127.0.0.1', 54199), 'scheme': 'http', 'method': 'POST', 'root_path': '', 'path': '/mcp/', 'raw_path': b'/mcp/', 'query_string': b'', 'headers': '<...>', 'state': {}}
2026-03-27 15:14:28,740 [INFO] mcp.server.streamable_http_manager: Created new transport with session ID: c7af3468946146508b59cc482f29b4a8
2026-03-27 15:14:28,743 [TRACE] uvicorn.asgi: 127.0.0.1:54199 - ASGI [5] Receive {'type': 'http.request', 'body': '<330 bytes>', 'more_body': False}
2026-03-27 15:14:28,744 [TRACE] uvicorn.asgi: 127.0.0.1:54199 - ASGI [5] Send {'type': 'http.response.start', 'status': 200, 'headers': '<...>'}
2026-03-27 15:14:28,744 [INFO] uvicorn.access: 127.0.0.1:54199 - "POST /mcp/ HTTP/1.1" 200
2026-03-27 15:14:28,744 [TRACE] uvicorn.asgi: 127.0.0.1:54199 - ASGI [5] Send {'type': 'http.response.body', 'body': '<431 bytes>', 'more_body': True}
2026-03-27 15:14:28,744 [TRACE] uvicorn.asgi: 127.0.0.1:54199 - ASGI [5] Send {'type': 'http.response.body', 'body': '<0 bytes>', 'more_body': False}
2026-03-27 15:14:28,745 [TRACE] uvicorn.asgi: 127.0.0.1:54199 - ASGI [5] Receive {'type': 'http.disconnect'}
2026-03-27 15:14:28,745 [TRACE] uvicorn.asgi: 127.0.0.1:54199 - ASGI [5] Completed
2026-03-27 15:14:28,753 [TRACE] uvicorn.asgi: 127.0.0.1:54199 - ASGI [6] Started scope={'type': 'http', 'asgi': {'version': '3.0', 'spec_version': '2.3'}, 'http_version': '1.1', 'server': ('127.0.0.1', 8003), 'client': ('127.0.0.1', 54199), 'scheme': 'http', 'method': 'POST', 'root_path': '', 'path': '/mcp', 'raw_path': b'/mcp', 'query_string': b'', 'headers': '<...>', 'state': {}}
2026-03-27 15:14:28,753 [TRACE] uvicorn.asgi: 127.0.0.1:54199 - ASGI [6] Send {'type': 'http.response.start', 'status': 307, 'headers': '<...>'}
2026-03-27 15:14:28,753 [INFO] uvicorn.access: 127.0.0.1:54199 - "POST /mcp HTTP/1.1" 307
2026-03-27 15:14:28,753 [TRACE] uvicorn.asgi: 127.0.0.1:54199 - ASGI [6] Send {'type': 'http.response.body', 'body': '<0 bytes>'}
2026-03-27 15:14:28,753 [TRACE] uvicorn.asgi: 127.0.0.1:54199 - ASGI [6] Completed
2026-03-27 15:14:28,754 [TRACE] uvicorn.error: 127.0.0.1:54199 - HTTP connection lost
2026-03-27 15:14:28,755 [TRACE] uvicorn.error: 127.0.0.1:54200 - HTTP connection made
2026-03-27 15:14:28,755 [TRACE] uvicorn.asgi: 127.0.0.1:54200 - ASGI [7] Started scope={'type': 'http', 'asgi': {'version': '3.0', 'spec_version': '2.3'}, 'http_version': '1.1', 'server': ('127.0.0.1', 8003), 'client': ('127.0.0.1', 54200), 'scheme': 'http', 'method': 'POST', 'root_path': '', 'path': '/mcp/', 'raw_path': b'/mcp/', 'query_string': b'', 'headers': '<...>', 'state': {}}
2026-03-27 15:14:28,755 [TRACE] uvicorn.asgi: 127.0.0.1:54200 - ASGI [7] Receive {'type': 'http.request', 'body': '<54 bytes>', 'more_body': False}
2026-03-27 15:14:28,755 [TRACE] uvicorn.asgi: 127.0.0.1:54200 - ASGI [7] Send {'type': 'http.response.start', 'status': <HTTPStatus.ACCEPTED: 202>, 'headers': '<...>'}
2026-03-27 15:14:28,755 [INFO] uvicorn.access: 127.0.0.1:54200 - "POST /mcp/ HTTP/1.1" 202
2026-03-27 15:14:28,755 [TRACE] uvicorn.asgi: 127.0.0.1:54200 - ASGI [7] Send {'type': 'http.response.body', 'body': '<0 bytes>'}
2026-03-27 15:14:28,755 [TRACE] uvicorn.asgi: 127.0.0.1:54200 - ASGI [7] Completed
2026-03-27 15:14:28,756 [TRACE] uvicorn.asgi: 127.0.0.1:54200 - ASGI [8] Started scope={'type': 'http', 'asgi': {'version': '3.0', 'spec_version': '2.3'}, 'http_version': '1.1', 'server': ('127.0.0.1', 8003), 'client': ('127.0.0.1', 54200), 'scheme': 'http', 'method': 'GET', 'root_path': '', 'path': '/mcp', 'raw_path': b'/mcp', 'query_string': b'', 'headers': '<...>', 'state': {}}
2026-03-27 15:14:28,757 [TRACE] uvicorn.asgi: 127.0.0.1:54200 - ASGI [8] Send {'type': 'http.response.start', 'status': 307, 'headers': '<...>'}
2026-03-27 15:14:28,757 [INFO] uvicorn.access: 127.0.0.1:54200 - "GET /mcp HTTP/1.1" 307
2026-03-27 15:14:28,757 [TRACE] uvicorn.asgi: 127.0.0.1:54200 - ASGI [8] Send {'type': 'http.response.body', 'body': '<0 bytes>'}
2026-03-27 15:14:28,757 [TRACE] uvicorn.asgi: 127.0.0.1:54200 - ASGI [8] Completed
2026-03-27 15:14:28,757 [TRACE] uvicorn.error: 127.0.0.1:54200 - HTTP connection lost
2026-03-27 15:14:28,757 [TRACE] uvicorn.error: 127.0.0.1:54201 - HTTP connection made
2026-03-27 15:14:28,758 [TRACE] uvicorn.asgi: 127.0.0.1:54201 - ASGI [9] Started scope={'type': 'http', 'asgi': {'version': '3.0', 'spec_version': '2.3'}, 'http_version': '1.1', 'server': ('127.0.0.1', 8003), 'client': ('127.0.0.1', 54201), 'scheme': 'http', 'method': 'GET', 'root_path': '', 'path': '/mcp/', 'raw_path': b'/mcp/', 'query_string': b'', 'headers': '<...>', 'state': {}}
2026-03-27 15:14:28,758 [TRACE] uvicorn.asgi: 127.0.0.1:54201 - ASGI [9] Send {'type': 'http.response.start', 'status': 200, 'headers': '<...>'}
2026-03-27 15:14:28,758 [INFO] uvicorn.access: 127.0.0.1:54201 - "GET /mcp/ HTTP/1.1" 200
2026-03-27 15:14:28,758 [TRACE] uvicorn.asgi: 127.0.0.1:54201 - ASGI [9] Receive {'type': 'http.request', 'body': '<0 bytes>', 'more_body': False}
2026-03-27 15:14:30,367 [TRACE] uvicorn.error: 127.0.0.1:54204 - HTTP connection made
2026-03-27 15:14:30,369 [TRACE] uvicorn.asgi: 127.0.0.1:54204 - ASGI [10] Started scope={'type': 'http', 'asgi': {'version': '3.0', 'spec_version': '2.3'}, 'http_version': '1.1', 'server': ('127.0.0.1', 8003), 'client': ('127.0.0.1', 54204), 'scheme': 'http', 'method': 'POST', 'root_path': '', 'path': '/mcp', 'raw_path': b'/mcp', 'query_string': b'', 'headers': '<...>', 'state': {}}
2026-03-27 15:14:30,370 [TRACE] uvicorn.asgi: 127.0.0.1:54204 - ASGI [10] Send {'type': 'http.response.start', 'status': 307, 'headers': '<...>'}
2026-03-27 15:14:30,370 [INFO] uvicorn.access: 127.0.0.1:54204 - "POST /mcp HTTP/1.1" 307
2026-03-27 15:14:30,370 [TRACE] uvicorn.asgi: 127.0.0.1:54204 - ASGI [10] Send {'type': 'http.response.body', 'body': '<0 bytes>'}
2026-03-27 15:14:30,370 [TRACE] uvicorn.asgi: 127.0.0.1:54204 - ASGI [10] Completed
2026-03-27 15:14:30,371 [TRACE] uvicorn.error: 127.0.0.1:54204 - HTTP connection lost
2026-03-27 15:14:30,372 [TRACE] uvicorn.error: 127.0.0.1:54205 - HTTP connection made
2026-03-27 15:14:30,373 [TRACE] uvicorn.asgi: 127.0.0.1:54205 - ASGI [11] Started scope={'type': 'http', 'asgi': {'version': '3.0', 'spec_version': '2.3'}, 'http_version': '1.1', 'server': ('127.0.0.1', 8003), 'client': ('127.0.0.1', 54205), 'scheme': 'http', 'method': 'POST', 'root_path': '', 'path': '/mcp/', 'raw_path': b'/mcp/', 'query_string': b'', 'headers': '<...>', 'state': {}}
2026-03-27 15:14:30,373 [TRACE] uvicorn.asgi: 127.0.0.1:54205 - ASGI [11] Receive {'type': 'http.request', 'body': '<89 bytes>', 'more_body': False}
2026-03-27 15:14:30,373 [TRACE] uvicorn.asgi: 127.0.0.1:54205 - ASGI [11] Send {'type': 'http.response.start', 'status': 200, 'headers': '<...>'}
2026-03-27 15:14:30,373 [INFO] uvicorn.access: 127.0.0.1:54205 - "POST /mcp/ HTTP/1.1" 200
2026-03-27 15:14:30,374 [INFO] mcp.server.lowlevel.server: Processing request of type ListResourcesRequest
2026-03-27 15:14:30,377 [TRACE] uvicorn.asgi: 127.0.0.1:54205 - ASGI [11] Send {'type': 'http.response.body', 'body': '<358 bytes>', 'more_body': True}
2026-03-27 15:14:30,378 [TRACE] uvicorn.asgi: 127.0.0.1:54205 - ASGI [11] Send {'type': 'http.response.body', 'body': '<0 bytes>', 'more_body': False}
2026-03-27 15:14:30,378 [TRACE] uvicorn.asgi: 127.0.0.1:54205 - ASGI [11] Receive {'type': 'http.disconnect'}
2026-03-27 15:14:30,378 [TRACE] uvicorn.asgi: 127.0.0.1:54205 - ASGI [11] Completed
2026-03-27 15:14:31,417 [TRACE] uvicorn.asgi: 127.0.0.1:54205 - ASGI [12] Started scope={'type': 'http', 'asgi': {'version': '3.0', 'spec_version': '2.3'}, 'http_version': '1.1', 'server': ('127.0.0.1', 8003), 'client': ('127.0.0.1', 54205), 'scheme': 'http', 'method': 'POST', 'root_path': '', 'path': '/mcp', 'raw_path': b'/mcp', 'query_string': b'', 'headers': '<...>', 'state': {}}
2026-03-27 15:14:31,418 [TRACE] uvicorn.asgi: 127.0.0.1:54205 - ASGI [12] Send {'type': 'http.response.start', 'status': 307, 'headers': '<...>'}
2026-03-27 15:14:31,418 [INFO] uvicorn.access: 127.0.0.1:54205 - "POST /mcp HTTP/1.1" 307
2026-03-27 15:14:31,418 [TRACE] uvicorn.asgi: 127.0.0.1:54205 - ASGI [12] Send {'type': 'http.response.body', 'body': '<0 bytes>'}
2026-03-27 15:14:31,418 [TRACE] uvicorn.asgi: 127.0.0.1:54205 - ASGI [12] Completed
2026-03-27 15:14:31,419 [TRACE] uvicorn.error: 127.0.0.1:54205 - HTTP connection lost
2026-03-27 15:14:31,420 [TRACE] uvicorn.error: 127.0.0.1:54206 - HTTP connection made
2026-03-27 15:14:31,421 [TRACE] uvicorn.asgi: 127.0.0.1:54206 - ASGI [13] Started scope={'type': 'http', 'asgi': {'version': '3.0', 'spec_version': '2.3'}, 'http_version': '1.1', 'server': ('127.0.0.1', 8003), 'client': ('127.0.0.1', 54206), 'scheme': 'http', 'method': 'POST', 'root_path': '', 'path': '/mcp/', 'raw_path': b'/mcp/', 'query_string': b'', 'headers': '<...>', 'state': {}}
2026-03-27 15:14:31,421 [TRACE] uvicorn.asgi: 127.0.0.1:54206 - ASGI [13] Receive {'type': 'http.request', 'body': '<133 bytes>', 'more_body': False}
2026-03-27 15:14:31,421 [TRACE] uvicorn.asgi: 127.0.0.1:54206 - ASGI [13] Send {'type': 'http.response.start', 'status': 200, 'headers': '<...>'}
2026-03-27 15:14:31,422 [INFO] uvicorn.access: 127.0.0.1:54206 - "POST /mcp/ HTTP/1.1" 200
2026-03-27 15:14:31,422 [INFO] mcp.server.lowlevel.server: Processing request of type ReadResourceRequest
2026-03-27 15:14:31,426 [TRACE] uvicorn.asgi: 127.0.0.1:54206 - ASGI [13] Send {'type': 'http.response.body', 'body': '<1232 bytes>', 'more_body': True}
2026-03-27 15:14:31,427 [TRACE] uvicorn.asgi: 127.0.0.1:54206 - ASGI [13] Send {'type': 'http.response.body', 'body': '<0 bytes>', 'more_body': False}
2026-03-27 15:14:31,427 [TRACE] uvicorn.asgi: 127.0.0.1:54206 - ASGI [13] Receive {'type': 'http.disconnect'}
2026-03-27 15:14:31,427 [TRACE] uvicorn.asgi: 127.0.0.1:54206 - ASGI [13] Completed
2026-03-27 15:14:36,129 [TRACE] uvicorn.asgi: 127.0.0.1:54206 - ASGI [14] Started scope={'type': 'http', 'asgi': {'version': '3.0', 'spec_version': '2.3'}, 'http_version': '1.1', 'server': ('127.0.0.1', 8003), 'client': ('127.0.0.1', 54206), 'scheme': 'http', 'method': 'POST', 'root_path': '', 'path': '/mcp', 'raw_path': b'/mcp', 'query_string': b'', 'headers': '<...>', 'state': {}}
2026-03-27 15:14:36,129 [TRACE] uvicorn.asgi: 127.0.0.1:54206 - ASGI [14] Send {'type': 'http.response.start', 'status': 307, 'headers': '<...>'}
2026-03-27 15:14:36,130 [INFO] uvicorn.access: 127.0.0.1:54206 - "POST /mcp HTTP/1.1" 307
2026-03-27 15:14:36,130 [TRACE] uvicorn.asgi: 127.0.0.1:54206 - ASGI [14] Send {'type': 'http.response.body', 'body': '<0 bytes>'}
2026-03-27 15:14:36,130 [TRACE] uvicorn.asgi: 127.0.0.1:54206 - ASGI [14] Completed
2026-03-27 15:14:36,132 [TRACE] uvicorn.error: 127.0.0.1:54206 - HTTP connection lost
2026-03-27 15:14:36,133 [TRACE] uvicorn.error: 127.0.0.1:54207 - HTTP connection made
2026-03-27 15:14:36,133 [TRACE] uvicorn.asgi: 127.0.0.1:54207 - ASGI [15] Started scope={'type': 'http', 'asgi': {'version': '3.0', 'spec_version': '2.3'}, 'http_version': '1.1', 'server': ('127.0.0.1', 8003), 'client': ('127.0.0.1', 54207), 'scheme': 'http', 'method': 'POST', 'root_path': '', 'path': '/mcp/', 'raw_path': b'/mcp/', 'query_string': b'', 'headers': '<...>', 'state': {}}
2026-03-27 15:14:36,133 [TRACE] uvicorn.asgi: 127.0.0.1:54207 - ASGI [15] Receive {'type': 'http.request', 'body': '<140 bytes>', 'more_body': False}
2026-03-27 15:14:36,134 [TRACE] uvicorn.asgi: 127.0.0.1:54207 - ASGI [15] Send {'type': 'http.response.start', 'status': 200, 'headers': '<...>'}
2026-03-27 15:14:36,134 [INFO] uvicorn.access: 127.0.0.1:54207 - "POST /mcp/ HTTP/1.1" 200
2026-03-27 15:14:36,135 [INFO] mcp.server.lowlevel.server: Processing request of type ReadResourceRequest
2026-03-27 15:14:36,136 [TRACE] uvicorn.asgi: 127.0.0.1:54207 - ASGI [15] Send {'type': 'http.response.body', 'body': '<411 bytes>', 'more_body': True}
2026-03-27 15:14:36,136 [TRACE] uvicorn.asgi: 127.0.0.1:54207 - ASGI [15] Send {'type': 'http.response.body', 'body': '<0 bytes>', 'more_body': False}
2026-03-27 15:14:36,137 [TRACE] uvicorn.asgi: 127.0.0.1:54207 - ASGI [15] Receive {'type': 'http.disconnect'}
2026-03-27 15:14:36,137 [TRACE] uvicorn.asgi: 127.0.0.1:54207 - ASGI [15] Completed
2026-03-27 15:14:40,189 [TRACE] uvicorn.asgi: 127.0.0.1:54207 - ASGI [16] Started scope={'type': 'http', 'asgi': {'version': '3.0', 'spec_version': '2.3'}, 'http_version': '1.1', 'server': ('127.0.0.1', 8003), 'client': ('127.0.0.1', 54207), 'scheme': 'http', 'method': 'POST', 'root_path': '', 'path': '/mcp', 'raw_path': b'/mcp', 'query_string': b'', 'headers': '<...>', 'state': {}}
2026-03-27 15:14:40,189 [TRACE] uvicorn.asgi: 127.0.0.1:54207 - ASGI [16] Send {'type': 'http.response.start', 'status': 307, 'headers': '<...>'}
2026-03-27 15:14:40,189 [INFO] uvicorn.access: 127.0.0.1:54207 - "POST /mcp HTTP/1.1" 307
2026-03-27 15:14:40,189 [TRACE] uvicorn.asgi: 127.0.0.1:54207 - ASGI [16] Send {'type': 'http.response.body', 'body': '<0 bytes>'}
2026-03-27 15:14:40,190 [TRACE] uvicorn.asgi: 127.0.0.1:54207 - ASGI [16] Completed
2026-03-27 15:14:40,191 [TRACE] uvicorn.error: 127.0.0.1:54207 - HTTP connection lost
2026-03-27 15:14:40,192 [TRACE] uvicorn.error: 127.0.0.1:54209 - HTTP connection made
2026-03-27 15:14:40,192 [TRACE] uvicorn.asgi: 127.0.0.1:54209 - ASGI [17] Started scope={'type': 'http', 'asgi': {'version': '3.0', 'spec_version': '2.3'}, 'http_version': '1.1', 'server': ('127.0.0.1', 8003), 'client': ('127.0.0.1', 54209), 'scheme': 'http', 'method': 'POST', 'root_path': '', 'path': '/mcp/', 'raw_path': b'/mcp/', 'query_string': b'', 'headers': '<...>', 'state': {}}
2026-03-27 15:14:40,192 [TRACE] uvicorn.asgi: 127.0.0.1:54209 - ASGI [17] Receive {'type': 'http.request', 'body': '<85 bytes>', 'more_body': False}
2026-03-27 15:14:40,193 [TRACE] uvicorn.asgi: 127.0.0.1:54209 - ASGI [17] Send {'type': 'http.response.start', 'status': 200, 'headers': '<...>'}
2026-03-27 15:14:40,193 [INFO] uvicorn.access: 127.0.0.1:54209 - "POST /mcp/ HTTP/1.1" 200
2026-03-27 15:14:40,194 [INFO] mcp.server.lowlevel.server: Processing request of type ListToolsRequest
2026-03-27 15:14:40,197 [TRACE] uvicorn.asgi: 127.0.0.1:54209 - ASGI [17] Send {'type': 'http.response.body', 'body': '<2518 bytes>', 'more_body': True}
2026-03-27 15:14:40,197 [TRACE] uvicorn.asgi: 127.0.0.1:54209 - ASGI [17] Send {'type': 'http.response.body', 'body': '<0 bytes>', 'more_body': False}
2026-03-27 15:14:40,198 [TRACE] uvicorn.asgi: 127.0.0.1:54209 - ASGI [17] Receive {'type': 'http.disconnect'}
2026-03-27 15:14:40,198 [TRACE] uvicorn.asgi: 127.0.0.1:54209 - ASGI [17] Completed
2026-03-27 15:14:43,759 [TRACE] uvicorn.asgi: 127.0.0.1:54201 - ASGI [9] Send {'type': 'http.response.body', 'body': '<45 bytes>', 'more_body': True}
2026-03-27 15:14:45,199 [TRACE] uvicorn.error: 127.0.0.1:54209 - HTTP connection lost
2026-03-27 15:14:45,266 [TRACE] uvicorn.error: 127.0.0.1:54211 - HTTP connection made
2026-03-27 15:14:45,267 [TRACE] uvicorn.asgi: 127.0.0.1:54211 - ASGI [18] Started scope={'type': 'http', 'asgi': {'version': '3.0', 'spec_version': '2.3'}, 'http_version': '1.1', 'server': ('127.0.0.1', 8003), 'client': ('127.0.0.1', 54211), 'scheme': 'http', 'method': 'POST', 'root_path': '', 'path': '/mcp', 'raw_path': b'/mcp', 'query_string': b'', 'headers': '<...>', 'state': {}}
2026-03-27 15:14:45,267 [TRACE] uvicorn.asgi: 127.0.0.1:54211 - ASGI [18] Send {'type': 'http.response.start', 'status': 307, 'headers': '<...>'}
2026-03-27 15:14:45,268 [INFO] uvicorn.access: 127.0.0.1:54211 - "POST /mcp HTTP/1.1" 307
2026-03-27 15:14:45,268 [TRACE] uvicorn.asgi: 127.0.0.1:54211 - ASGI [18] Send {'type': 'http.response.body', 'body': '<0 bytes>'}
2026-03-27 15:14:45,268 [TRACE] uvicorn.asgi: 127.0.0.1:54211 - ASGI [18] Completed
2026-03-27 15:14:45,269 [TRACE] uvicorn.error: 127.0.0.1:54211 - HTTP connection lost
2026-03-27 15:14:45,270 [TRACE] uvicorn.error: 127.0.0.1:54212 - HTTP connection made
2026-03-27 15:14:45,271 [TRACE] uvicorn.asgi: 127.0.0.1:54212 - ASGI [19] Started scope={'type': 'http', 'asgi': {'version': '3.0', 'spec_version': '2.3'}, 'http_version': '1.1', 'server': ('127.0.0.1', 8003), 'client': ('127.0.0.1', 54212), 'scheme': 'http', 'method': 'POST', 'root_path': '', 'path': '/mcp/', 'raw_path': b'/mcp/', 'query_string': b'', 'headers': '<...>', 'state': {}}
2026-03-27 15:14:45,271 [TRACE] uvicorn.asgi: 127.0.0.1:54212 - ASGI [19] Receive {'type': 'http.request', 'body': '<127 bytes>', 'more_body': False}
2026-03-27 15:14:45,271 [TRACE] uvicorn.asgi: 127.0.0.1:54212 - ASGI [19] Send {'type': 'http.response.start', 'status': 200, 'headers': '<...>'}
2026-03-27 15:14:45,271 [INFO] uvicorn.access: 127.0.0.1:54212 - "POST /mcp/ HTTP/1.1" 200
2026-03-27 15:14:45,272 [INFO] mcp.server.lowlevel.server: Processing request of type CallToolRequest
2026-03-27 15:14:45,302 [INFO] httpx: HTTP Request: GET http://fastapi/health "HTTP/1.1 200 OK"
2026-03-27 15:14:45,303 [INFO] mcp.server.lowlevel.server: Warning: DeprecationWarning: datetime.datetime.utcnow() is deprecated and scheduled for removal in a future version. Use timezone-aware objects to represent datetimes in UTC: datetime.datetime.now(datetime.UTC).
2026-03-27 15:14:45,303 [TRACE] uvicorn.asgi: 127.0.0.1:54212 - ASGI [19] Send {'type': 'http.response.body', 'body': '<706 bytes>', 'more_body': True}
2026-03-27 15:14:45,303 [TRACE] uvicorn.asgi: 127.0.0.1:54212 - ASGI [19] Send {'type': 'http.response.body', 'body': '<0 bytes>', 'more_body': False}
2026-03-27 15:14:45,304 [TRACE] uvicorn.asgi: 127.0.0.1:54212 - ASGI [19] Receive {'type': 'http.disconnect'}
2026-03-27 15:14:45,304 [TRACE] uvicorn.asgi: 127.0.0.1:54212 - ASGI [19] Completed
2026-03-27 15:14:50,305 [TRACE] uvicorn.error: 127.0.0.1:54212 - HTTP connection lost
2026-03-27 15:14:58,762 [TRACE] uvicorn.asgi: 127.0.0.1:54201 - ASGI [9] Send {'type': 'http.response.body', 'body': '<45 bytes>', 'more_body': True}
2026-03-27 15:15:01,528 [TRACE] uvicorn.error: 127.0.0.1:54215 - HTTP connection made
2026-03-27 15:15:01,529 [TRACE] uvicorn.asgi: 127.0.0.1:54215 - ASGI [20] Started scope={'type': 'http', 'asgi': {'version': '3.0', 'spec_version': '2.3'}, 'http_version': '1.1', 'server': ('127.0.0.1', 8003), 'client': ('127.0.0.1', 54215), 'scheme': 'http', 'method': 'POST', 'root_path': '', 'path': '/mcp', 'raw_path': b'/mcp', 'query_string': b'', 'headers': '<...>', 'state': {}}
2026-03-27 15:15:01,529 [TRACE] uvicorn.asgi: 127.0.0.1:54215 - ASGI [20] Send {'type': 'http.response.start', 'status': 307, 'headers': '<...>'}
2026-03-27 15:15:01,529 [INFO] uvicorn.access: 127.0.0.1:54215 - "POST /mcp HTTP/1.1" 307
2026-03-27 15:15:01,529 [TRACE] uvicorn.asgi: 127.0.0.1:54215 - ASGI [20] Send {'type': 'http.response.body', 'body': '<0 bytes>'}
2026-03-27 15:15:01,529 [TRACE] uvicorn.asgi: 127.0.0.1:54215 - ASGI [20] Completed
2026-03-27 15:15:01,530 [TRACE] uvicorn.error: 127.0.0.1:54215 - HTTP connection lost
2026-03-27 15:15:01,531 [TRACE] uvicorn.error: 127.0.0.1:54216 - HTTP connection made
2026-03-27 15:15:01,531 [TRACE] uvicorn.asgi: 127.0.0.1:54216 - ASGI [21] Started scope={'type': 'http', 'asgi': {'version': '3.0', 'spec_version': '2.3'}, 'http_version': '1.1', 'server': ('127.0.0.1', 8003), 'client': ('127.0.0.1', 54216), 'scheme': 'http', 'method': 'POST', 'root_path': '', 'path': '/mcp/', 'raw_path': b'/mcp/', 'query_string': b'', 'headers': '<...>', 'state': {}}
2026-03-27 15:15:01,532 [TRACE] uvicorn.asgi: 127.0.0.1:54216 - ASGI [21] Receive {'type': 'http.request', 'body': '<164 bytes>', 'more_body': False}
2026-03-27 15:15:01,532 [TRACE] uvicorn.asgi: 127.0.0.1:54216 - ASGI [21] Send {'type': 'http.response.start', 'status': 200, 'headers': '<...>'}
2026-03-27 15:15:01,532 [INFO] uvicorn.access: 127.0.0.1:54216 - "POST /mcp/ HTTP/1.1" 200
2026-03-27 15:15:01,533 [INFO] mcp.server.lowlevel.server: Processing request of type CallToolRequest
2026-03-27 15:15:01,538 [INFO] httpx: HTTP Request: POST http://fastapi/miles-to-kilometers "HTTP/1.1 401 Unauthorized"
2026-03-27 15:15:01,614 [TRACE] uvicorn.asgi: 127.0.0.1:54216 - ASGI [21] Send {'type': 'http.response.body', 'body': '<250 bytes>', 'more_body': True}
2026-03-27 15:15:01,615 [TRACE] uvicorn.asgi: 127.0.0.1:54216 - ASGI [21] Send {'type': 'http.response.body', 'body': '<0 bytes>', 'more_body': False}
2026-03-27 15:15:01,615 [TRACE] uvicorn.asgi: 127.0.0.1:54216 - ASGI [21] Receive {'type': 'http.disconnect'}
2026-03-27 15:15:01,615 [TRACE] uvicorn.asgi: 127.0.0.1:54216 - ASGI [21] Completed
2026-03-27 15:15:06,615 [TRACE] uvicorn.error: 127.0.0.1:54216 - HTTP connection lost
2026-03-27 15:15:13,764 [TRACE] uvicorn.asgi: 127.0.0.1:54201 - ASGI [9] Send {'type': 'http.response.body', 'body': '<45 bytes>', 'more_body': True}
2026-03-27 15:15:14,459 [TRACE] uvicorn.error: 127.0.0.1:54222 - HTTP connection made
2026-03-27 15:15:14,460 [TRACE] uvicorn.asgi: 127.0.0.1:54222 - ASGI [22] Started scope={'type': 'http', 'asgi': {'version': '3.0', 'spec_version': '2.3'}, 'http_version': '1.1', 'server': ('127.0.0.1', 8003), 'client': ('127.0.0.1', 54222), 'scheme': 'http', 'method': 'POST', 'root_path': '', 'path': '/mcp', 'raw_path': b'/mcp', 'query_string': b'', 'headers': '<...>', 'state': {}}
2026-03-27 15:15:14,461 [TRACE] uvicorn.asgi: 127.0.0.1:54222 - ASGI [22] Send {'type': 'http.response.start', 'status': 307, 'headers': '<...>'}
2026-03-27 15:15:14,461 [INFO] uvicorn.access: 127.0.0.1:54222 - "POST /mcp HTTP/1.1" 307
2026-03-27 15:15:14,461 [TRACE] uvicorn.asgi: 127.0.0.1:54222 - ASGI [22] Send {'type': 'http.response.body', 'body': '<0 bytes>'}
2026-03-27 15:15:14,461 [TRACE] uvicorn.asgi: 127.0.0.1:54222 - ASGI [22] Completed
2026-03-27 15:15:14,462 [TRACE] uvicorn.error: 127.0.0.1:54222 - HTTP connection lost
2026-03-27 15:15:14,463 [TRACE] uvicorn.error: 127.0.0.1:54223 - HTTP connection made
2026-03-27 15:15:14,463 [TRACE] uvicorn.asgi: 127.0.0.1:54223 - ASGI [23] Started scope={'type': 'http', 'asgi': {'version': '3.0', 'spec_version': '2.3'}, 'http_version': '1.1', 'server': ('127.0.0.1', 8003), 'client': ('127.0.0.1', 54223), 'scheme': 'http', 'method': 'POST', 'root_path': '', 'path': '/mcp/', 'raw_path': b'/mcp/', 'query_string': b'', 'headers': '<...>', 'state': {}}
2026-03-27 15:15:14,464 [TRACE] uvicorn.asgi: 127.0.0.1:54223 - ASGI [23] Receive {'type': 'http.request', 'body': '<196 bytes>', 'more_body': False}
2026-03-27 15:15:14,464 [TRACE] uvicorn.asgi: 127.0.0.1:54223 - ASGI [23] Send {'type': 'http.response.start', 'status': 200, 'headers': '<...>'}
2026-03-27 15:15:14,464 [INFO] uvicorn.access: 127.0.0.1:54223 - "POST /mcp/ HTTP/1.1" 200
2026-03-27 15:15:14,465 [INFO] mcp.server.lowlevel.server: Processing request of type CallToolRequest
2026-03-27 15:15:14,467 [INFO] httpx: HTTP Request: POST http://fastapi/miles-to-kilometers "HTTP/1.1 401 Unauthorized"
2026-03-27 15:15:14,523 [TRACE] uvicorn.asgi: 127.0.0.1:54223 - ASGI [23] Send {'type': 'http.response.body', 'body': '<250 bytes>', 'more_body': True}
2026-03-27 15:15:14,524 [TRACE] uvicorn.asgi: 127.0.0.1:54223 - ASGI [23] Send {'type': 'http.response.body', 'body': '<0 bytes>', 'more_body': False}
2026-03-27 15:15:14,524 [TRACE] uvicorn.asgi: 127.0.0.1:54223 - ASGI [23] Receive {'type': 'http.disconnect'}
2026-03-27 15:15:14,524 [TRACE] uvicorn.asgi: 127.0.0.1:54223 - ASGI [23] Completed
2026-03-27 15:15:19,525 [TRACE] uvicorn.error: 127.0.0.1:54223 - HTTP connection lost
2026-03-27 15:15:28,766 [TRACE] uvicorn.asgi: 127.0.0.1:54201 - ASGI [9] Send {'type': 'http.response.body', 'body': '<45 bytes>', 'more_body': True}
2026-03-27 15:15:43,769 [TRACE] uvicorn.asgi: 127.0.0.1:54201 - ASGI [9] Send {'type': 'http.response.body', 'body': '<45 bytes>', 'more_body': True}
2026-03-27 15:15:44,987 [TRACE] uvicorn.error: 127.0.0.1:54226 - HTTP connection made
2026-03-27 15:15:44,988 [TRACE] uvicorn.asgi: 127.0.0.1:54226 - ASGI [24] Started scope={'type': 'http', 'asgi': {'version': '3.0', 'spec_version': '2.3'}, 'http_version': '1.1', 'server': ('127.0.0.1', 8003), 'client': ('127.0.0.1', 54226), 'scheme': 'http', 'method': 'POST', 'root_path': '', 'path': '/mcp', 'raw_path': b'/mcp', 'query_string': b'', 'headers': '<...>', 'state': {}}
2026-03-27 15:15:44,989 [TRACE] uvicorn.asgi: 127.0.0.1:54226 - ASGI [24] Send {'type': 'http.response.start', 'status': 307, 'headers': '<...>'}
2026-03-27 15:15:44,989 [INFO] uvicorn.access: 127.0.0.1:54226 - "POST /mcp HTTP/1.1" 307
2026-03-27 15:15:44,989 [TRACE] uvicorn.asgi: 127.0.0.1:54226 - ASGI [24] Send {'type': 'http.response.body', 'body': '<0 bytes>'}
2026-03-27 15:15:44,990 [TRACE] uvicorn.asgi: 127.0.0.1:54226 - ASGI [24] Completed
2026-03-27 15:15:44,990 [TRACE] uvicorn.error: 127.0.0.1:54226 - HTTP connection lost
2026-03-27 15:15:44,991 [TRACE] uvicorn.error: 127.0.0.1:54227 - HTTP connection made
2026-03-27 15:15:44,992 [TRACE] uvicorn.asgi: 127.0.0.1:54227 - ASGI [25] Started scope={'type': 'http', 'asgi': {'version': '3.0', 'spec_version': '2.3'}, 'http_version': '1.1', 'server': ('127.0.0.1', 8003), 'client': ('127.0.0.1', 54227), 'scheme': 'http', 'method': 'POST', 'root_path': '', 'path': '/mcp/', 'raw_path': b'/mcp/', 'query_string': b'', 'headers': '<...>', 'state': {}}
2026-03-27 15:15:44,992 [TRACE] uvicorn.asgi: 127.0.0.1:54227 - ASGI [25] Receive {'type': 'http.request', 'body': '<203 bytes>', 'more_body': False}
2026-03-27 15:15:44,992 [TRACE] uvicorn.asgi: 127.0.0.1:54227 - ASGI [25] Send {'type': 'http.response.start', 'status': 200, 'headers': '<...>'}
2026-03-27 15:15:44,992 [INFO] uvicorn.access: 127.0.0.1:54227 - "POST /mcp/ HTTP/1.1" 200
2026-03-27 15:15:44,993 [INFO] mcp.server.lowlevel.server: Processing request of type CallToolRequest
2026-03-27 15:15:44,995 [INFO] httpx: HTTP Request: POST http://fastapi/miles-to-kilometers "HTTP/1.1 200 OK"
2026-03-27 15:15:44,998 [TRACE] uvicorn.asgi: 127.0.0.1:54227 - ASGI [25] Send {'type': 'http.response.body', 'body': '<330 bytes>', 'more_body': True}
2026-03-27 15:15:44,998 [TRACE] uvicorn.asgi: 127.0.0.1:54227 - ASGI [25] Send {'type': 'http.response.body', 'body': '<0 bytes>', 'more_body': False}
2026-03-27 15:15:44,999 [TRACE] uvicorn.asgi: 127.0.0.1:54227 - ASGI [25] Receive {'type': 'http.disconnect'}
2026-03-27 15:15:44,999 [TRACE] uvicorn.asgi: 127.0.0.1:54227 - ASGI [25] Completed
2026-03-27 15:15:50,000 [TRACE] uvicorn.error: 127.0.0.1:54227 - HTTP connection lost
2026-03-27 15:15:56,791 [TRACE] uvicorn.error: 127.0.0.1:54230 - HTTP connection made
2026-03-27 15:15:56,791 [TRACE] uvicorn.asgi: 127.0.0.1:54230 - ASGI [26] Started scope={'type': 'http', 'asgi': {'version': '3.0', 'spec_version': '2.3'}, 'http_version': '1.1', 'server': ('127.0.0.1', 8003), 'client': ('127.0.0.1', 54230), 'scheme': 'http', 'method': 'POST', 'root_path': '', 'path': '/mcp', 'raw_path': b'/mcp', 'query_string': b'', 'headers': '<...>', 'state': {}}
2026-03-27 15:15:56,792 [TRACE] uvicorn.asgi: 127.0.0.1:54230 - ASGI [26] Send {'type': 'http.response.start', 'status': 307, 'headers': '<...>'}
2026-03-27 15:15:56,792 [INFO] uvicorn.access: 127.0.0.1:54230 - "POST /mcp HTTP/1.1" 307
2026-03-27 15:15:56,792 [TRACE] uvicorn.asgi: 127.0.0.1:54230 - ASGI [26] Send {'type': 'http.response.body', 'body': '<0 bytes>'}
2026-03-27 15:15:56,792 [TRACE] uvicorn.asgi: 127.0.0.1:54230 - ASGI [26] Completed
2026-03-27 15:15:56,793 [TRACE] uvicorn.error: 127.0.0.1:54230 - HTTP connection lost
2026-03-27 15:15:56,794 [TRACE] uvicorn.error: 127.0.0.1:54231 - HTTP connection made
2026-03-27 15:15:56,794 [TRACE] uvicorn.asgi: 127.0.0.1:54231 - ASGI [27] Started scope={'type': 'http', 'asgi': {'version': '3.0', 'spec_version': '2.3'}, 'http_version': '1.1', 'server': ('127.0.0.1', 8003), 'client': ('127.0.0.1', 54231), 'scheme': 'http', 'method': 'POST', 'root_path': '', 'path': '/mcp/', 'raw_path': b'/mcp/', 'query_string': b'', 'headers': '<...>', 'state': {}}
2026-03-27 15:15:56,794 [TRACE] uvicorn.asgi: 127.0.0.1:54231 - ASGI [27] Receive {'type': 'http.request', 'body': '<168 bytes>', 'more_body': False}
2026-03-27 15:15:56,795 [TRACE] uvicorn.asgi: 127.0.0.1:54231 - ASGI [27] Send {'type': 'http.response.start', 'status': 200, 'headers': '<...>'}
2026-03-27 15:15:56,795 [INFO] uvicorn.access: 127.0.0.1:54231 - "POST /mcp/ HTTP/1.1" 200
2026-03-27 15:15:56,795 [INFO] mcp.server.lowlevel.server: Processing request of type CallToolRequest
2026-03-27 15:15:56,799 [INFO] httpx: HTTP Request: POST http://fastapi/kilometers-to-miles?kilometers=0 "HTTP/1.1 200 OK"
2026-03-27 15:15:56,799 [TRACE] uvicorn.asgi: 127.0.0.1:54231 - ASGI [27] Send {'type': 'http.response.body', 'body': '<238 bytes>', 'more_body': True}
2026-03-27 15:15:56,800 [TRACE] uvicorn.asgi: 127.0.0.1:54231 - ASGI [27] Send {'type': 'http.response.body', 'body': '<0 bytes>', 'more_body': False}
2026-03-27 15:15:56,800 [TRACE] uvicorn.asgi: 127.0.0.1:54231 - ASGI [27] Receive {'type': 'http.disconnect'}
2026-03-27 15:15:56,800 [TRACE] uvicorn.asgi: 127.0.0.1:54231 - ASGI [27] Completed
2026-03-27 15:15:58,771 [TRACE] uvicorn.asgi: 127.0.0.1:54201 - ASGI [9] Send {'type': 'http.response.body', 'body': '<45 bytes>', 'more_body': True}
2026-03-27 15:16:01,374 [TRACE] uvicorn.asgi: 127.0.0.1:54231 - ASGI [28] Started scope={'type': 'http', 'asgi': {'version': '3.0', 'spec_version': '2.3'}, 'http_version': '1.1', 'server': ('127.0.0.1', 8003), 'client': ('127.0.0.1', 54231), 'scheme': 'http', 'method': 'POST', 'root_path': '', 'path': '/mcp', 'raw_path': b'/mcp', 'query_string': b'', 'headers': '<...>', 'state': {}}
2026-03-27 15:16:01,375 [TRACE] uvicorn.asgi: 127.0.0.1:54231 - ASGI [28] Send {'type': 'http.response.start', 'status': 307, 'headers': '<...>'}
2026-03-27 15:16:01,375 [INFO] uvicorn.access: 127.0.0.1:54231 - "POST /mcp HTTP/1.1" 307
2026-03-27 15:16:01,375 [TRACE] uvicorn.asgi: 127.0.0.1:54231 - ASGI [28] Send {'type': 'http.response.body', 'body': '<0 bytes>'}
2026-03-27 15:16:01,376 [TRACE] uvicorn.asgi: 127.0.0.1:54231 - ASGI [28] Completed
2026-03-27 15:16:01,376 [TRACE] uvicorn.error: 127.0.0.1:54231 - HTTP connection lost
2026-03-27 15:16:01,377 [TRACE] uvicorn.error: 127.0.0.1:54232 - HTTP connection made
2026-03-27 15:16:01,378 [TRACE] uvicorn.asgi: 127.0.0.1:54232 - ASGI [29] Started scope={'type': 'http', 'asgi': {'version': '3.0', 'spec_version': '2.3'}, 'http_version': '1.1', 'server': ('127.0.0.1', 8003), 'client': ('127.0.0.1', 54232), 'scheme': 'http', 'method': 'POST', 'root_path': '', 'path': '/mcp/', 'raw_path': b'/mcp/', 'query_string': b'', 'headers': '<...>', 'state': {}}
2026-03-27 15:16:01,378 [TRACE] uvicorn.asgi: 127.0.0.1:54232 - ASGI [29] Receive {'type': 'http.request', 'body': '<174 bytes>', 'more_body': False}
2026-03-27 15:16:01,378 [TRACE] uvicorn.asgi: 127.0.0.1:54232 - ASGI [29] Send {'type': 'http.response.start', 'status': 200, 'headers': '<...>'}
2026-03-27 15:16:01,379 [INFO] uvicorn.access: 127.0.0.1:54232 - "POST /mcp/ HTTP/1.1" 200
2026-03-27 15:16:01,379 [INFO] mcp.server.lowlevel.server: Processing request of type CallToolRequest
2026-03-27 15:16:01,381 [INFO] httpx: HTTP Request: POST http://fastapi/fahrenheit-to-celsius?fahrenheit=0 "HTTP/1.1 200 OK"
2026-03-27 15:16:01,382 [TRACE] uvicorn.asgi: 127.0.0.1:54232 - ASGI [29] Send {'type': 'http.response.body', 'body': '<273 bytes>', 'more_body': True}
2026-03-27 15:16:01,382 [TRACE] uvicorn.asgi: 127.0.0.1:54232 - ASGI [29] Send {'type': 'http.response.body', 'body': '<0 bytes>', 'more_body': False}
2026-03-27 15:16:01,383 [TRACE] uvicorn.asgi: 127.0.0.1:54232 - ASGI [29] Receive {'type': 'http.disconnect'}
2026-03-27 15:16:01,383 [TRACE] uvicorn.asgi: 127.0.0.1:54232 - ASGI [29] Completed
2026-03-27 15:16:06,383 [TRACE] uvicorn.error: 127.0.0.1:54232 - HTTP connection lost
2026-03-27 15:16:07,765 [TRACE] uvicorn.error: 127.0.0.1:54235 - HTTP connection made
2026-03-27 15:16:07,766 [TRACE] uvicorn.asgi: 127.0.0.1:54235 - ASGI [30] Started scope={'type': 'http', 'asgi': {'version': '3.0', 'spec_version': '2.3'}, 'http_version': '1.1', 'server': ('127.0.0.1', 8003), 'client': ('127.0.0.1', 54235), 'scheme': 'http', 'method': 'POST', 'root_path': '', 'path': '/mcp', 'raw_path': b'/mcp', 'query_string': b'', 'headers': '<...>', 'state': {}}
2026-03-27 15:16:07,767 [TRACE] uvicorn.asgi: 127.0.0.1:54235 - ASGI [30] Send {'type': 'http.response.start', 'status': 307, 'headers': '<...>'}
2026-03-27 15:16:07,767 [INFO] uvicorn.access: 127.0.0.1:54235 - "POST /mcp HTTP/1.1" 307
2026-03-27 15:16:07,767 [TRACE] uvicorn.asgi: 127.0.0.1:54235 - ASGI [30] Send {'type': 'http.response.body', 'body': '<0 bytes>'}
2026-03-27 15:16:07,767 [TRACE] uvicorn.asgi: 127.0.0.1:54235 - ASGI [30] Completed
2026-03-27 15:16:07,769 [TRACE] uvicorn.error: 127.0.0.1:54235 - HTTP connection lost
2026-03-27 15:16:07,770 [TRACE] uvicorn.error: 127.0.0.1:54236 - HTTP connection made
2026-03-27 15:16:07,770 [TRACE] uvicorn.asgi: 127.0.0.1:54236 - ASGI [31] Started scope={'type': 'http', 'asgi': {'version': '3.0', 'spec_version': '2.3'}, 'http_version': '1.1', 'server': ('127.0.0.1', 8003), 'client': ('127.0.0.1', 54236), 'scheme': 'http', 'method': 'POST', 'root_path': '', 'path': '/mcp/', 'raw_path': b'/mcp/', 'query_string': b'', 'headers': '<...>', 'state': {}}
2026-03-27 15:16:07,771 [TRACE] uvicorn.asgi: 127.0.0.1:54236 - ASGI [31] Receive {'type': 'http.request', 'body': '<89 bytes>', 'more_body': False}
2026-03-27 15:16:07,771 [TRACE] uvicorn.asgi: 127.0.0.1:54236 - ASGI [31] Send {'type': 'http.response.start', 'status': 200, 'headers': '<...>'}
2026-03-27 15:16:07,771 [INFO] uvicorn.access: 127.0.0.1:54236 - "POST /mcp/ HTTP/1.1" 200
2026-03-27 15:16:07,773 [INFO] mcp.server.lowlevel.server: Processing request of type ListPromptsRequest
2026-03-27 15:16:07,774 [TRACE] uvicorn.asgi: 127.0.0.1:54236 - ASGI [31] Send {'type': 'http.response.body', 'body': '<352 bytes>', 'more_body': True}
2026-03-27 15:16:07,774 [TRACE] uvicorn.asgi: 127.0.0.1:54236 - ASGI [31] Send {'type': 'http.response.body', 'body': '<0 bytes>', 'more_body': False}
2026-03-27 15:16:07,775 [TRACE] uvicorn.asgi: 127.0.0.1:54236 - ASGI [31] Receive {'type': 'http.disconnect'}
2026-03-27 15:16:07,775 [TRACE] uvicorn.asgi: 127.0.0.1:54236 - ASGI [31] Completed
2026-03-27 15:16:10,283 [TRACE] uvicorn.asgi: 127.0.0.1:54236 - ASGI [32] Started scope={'type': 'http', 'asgi': {'version': '3.0', 'spec_version': '2.3'}, 'http_version': '1.1', 'server': ('127.0.0.1', 8003), 'client': ('127.0.0.1', 54236), 'scheme': 'http', 'method': 'POST', 'root_path': '', 'path': '/mcp', 'raw_path': b'/mcp', 'query_string': b'', 'headers': '<...>', 'state': {}}
2026-03-27 15:16:10,283 [TRACE] uvicorn.asgi: 127.0.0.1:54236 - ASGI [32] Send {'type': 'http.response.start', 'status': 307, 'headers': '<...>'}
2026-03-27 15:16:10,284 [INFO] uvicorn.access: 127.0.0.1:54236 - "POST /mcp HTTP/1.1" 307
2026-03-27 15:16:10,284 [TRACE] uvicorn.asgi: 127.0.0.1:54236 - ASGI [32] Send {'type': 'http.response.body', 'body': '<0 bytes>'}
2026-03-27 15:16:10,285 [TRACE] uvicorn.asgi: 127.0.0.1:54236 - ASGI [32] Completed
2026-03-27 15:16:10,285 [TRACE] uvicorn.error: 127.0.0.1:54236 - HTTP connection lost
2026-03-27 15:16:10,286 [TRACE] uvicorn.error: 127.0.0.1:54237 - HTTP connection made
2026-03-27 15:16:10,287 [TRACE] uvicorn.asgi: 127.0.0.1:54237 - ASGI [33] Started scope={'type': 'http', 'asgi': {'version': '3.0', 'spec_version': '2.3'}, 'http_version': '1.1', 'server': ('127.0.0.1', 8003), 'client': ('127.0.0.1', 54237), 'scheme': 'http', 'method': 'POST', 'root_path': '', 'path': '/mcp/', 'raw_path': b'/mcp/', 'query_string': b'', 'headers': '<...>', 'state': {}}
2026-03-27 15:16:10,287 [TRACE] uvicorn.asgi: 127.0.0.1:54237 - ASGI [33] Receive {'type': 'http.request', 'body': '<131 bytes>', 'more_body': False}
2026-03-27 15:16:10,288 [TRACE] uvicorn.asgi: 127.0.0.1:54237 - ASGI [33] Send {'type': 'http.response.start', 'status': 200, 'headers': '<...>'}
2026-03-27 15:16:10,288 [INFO] uvicorn.access: 127.0.0.1:54237 - "POST /mcp/ HTTP/1.1" 200
2026-03-27 15:16:10,288 [INFO] mcp.server.lowlevel.server: Processing request of type GetPromptRequest
2026-03-27 15:16:10,302 [TRACE] uvicorn.asgi: 127.0.0.1:54237 - ASGI [33] Send {'type': 'http.response.body', 'body': '<125 bytes>', 'more_body': True}
2026-03-27 15:16:10,302 [TRACE] uvicorn.asgi: 127.0.0.1:54237 - ASGI [33] Send {'type': 'http.response.body', 'body': '<0 bytes>', 'more_body': False}
2026-03-27 15:16:10,302 [TRACE] uvicorn.asgi: 127.0.0.1:54237 - ASGI [33] Receive {'type': 'http.disconnect'}
2026-03-27 15:16:10,303 [TRACE] uvicorn.asgi: 127.0.0.1:54237 - ASGI [33] Completed
2026-03-27 15:16:13,774 [TRACE] uvicorn.asgi: 127.0.0.1:54201 - ASGI [9] Send {'type': 'http.response.body', 'body': '<45 bytes>', 'more_body': True}
2026-03-27 15:16:15,304 [TRACE] uvicorn.error: 127.0.0.1:54237 - HTTP connection lost
2026-03-27 15:16:28,776 [TRACE] uvicorn.asgi: 127.0.0.1:54201 - ASGI [9] Send {'type': 'http.response.body', 'body': '<45 bytes>', 'more_body': True}
2026-03-27 15:16:43,777 [TRACE] uvicorn.asgi: 127.0.0.1:54201 - ASGI [9] Send {'type': 'http.response.body', 'body': '<45 bytes>', 'more_body': True}
2026-03-27 15:16:56,667 [TRACE] uvicorn.error: 127.0.0.1:54242 - HTTP connection made
2026-03-27 15:16:56,668 [TRACE] uvicorn.asgi: 127.0.0.1:54242 - ASGI [34] Started scope={'type': 'http', 'asgi': {'version': '3.0', 'spec_version': '2.3'}, 'http_version': '1.1', 'server': ('127.0.0.1', 8003), 'client': ('127.0.0.1', 54242), 'scheme': 'http', 'method': 'POST', 'root_path': '', 'path': '/mcp', 'raw_path': b'/mcp', 'query_string': b'', 'headers': '<...>', 'state': {}}
2026-03-27 15:16:56,668 [TRACE] uvicorn.asgi: 127.0.0.1:54242 - ASGI [34] Send {'type': 'http.response.start', 'status': 307, 'headers': '<...>'}
2026-03-27 15:16:56,669 [INFO] uvicorn.access: 127.0.0.1:54242 - "POST /mcp HTTP/1.1" 307
2026-03-27 15:16:56,669 [TRACE] uvicorn.asgi: 127.0.0.1:54242 - ASGI [34] Send {'type': 'http.response.body', 'body': '<0 bytes>'}
2026-03-27 15:16:56,669 [TRACE] uvicorn.asgi: 127.0.0.1:54242 - ASGI [34] Completed
2026-03-27 15:16:56,670 [TRACE] uvicorn.error: 127.0.0.1:54242 - HTTP connection lost
2026-03-27 15:16:56,671 [TRACE] uvicorn.error: 127.0.0.1:54243 - HTTP connection made
2026-03-27 15:16:56,671 [TRACE] uvicorn.asgi: 127.0.0.1:54243 - ASGI [35] Started scope={'type': 'http', 'asgi': {'version': '3.0', 'spec_version': '2.3'}, 'http_version': '1.1', 'server': ('127.0.0.1', 8003), 'client': ('127.0.0.1', 54243), 'scheme': 'http', 'method': 'POST', 'root_path': '', 'path': '/mcp/', 'raw_path': b'/mcp/', 'query_string': b'', 'headers': '<...>', 'state': {}}
2026-03-27 15:16:56,672 [TRACE] uvicorn.asgi: 127.0.0.1:54243 - ASGI [35] Receive {'type': 'http.request', 'body': '<122 bytes>', 'more_body': False}
2026-03-27 15:16:56,672 [TRACE] uvicorn.asgi: 127.0.0.1:54243 - ASGI [35] Send {'type': 'http.response.start', 'status': 200, 'headers': '<...>'}
2026-03-27 15:16:56,673 [INFO] uvicorn.access: 127.0.0.1:54243 - "POST /mcp/ HTTP/1.1" 200
2026-03-27 15:16:56,673 [INFO] mcp.server.lowlevel.server: Processing request of type GetPromptRequest
2026-03-27 15:16:56,688 [TRACE] uvicorn.asgi: 127.0.0.1:54243 - ASGI [35] Send {'type': 'http.response.body', 'body': '<116 bytes>', 'more_body': True}
2026-03-27 15:16:56,688 [TRACE] uvicorn.asgi: 127.0.0.1:54243 - ASGI [35] Send {'type': 'http.response.body', 'body': '<0 bytes>', 'more_body': False}
2026-03-27 15:16:56,689 [TRACE] uvicorn.asgi: 127.0.0.1:54243 - ASGI [35] Receive {'type': 'http.disconnect'}
2026-03-27 15:16:56,689 [TRACE] uvicorn.asgi: 127.0.0.1:54243 - ASGI [35] Completed
2026-03-27 15:16:58,779 [TRACE] uvicorn.asgi: 127.0.0.1:54201 - ASGI [9] Send {'type': 'http.response.body', 'body': '<45 bytes>', 'more_body': True}
2026-03-27 15:17:01,690 [TRACE] uvicorn.error: 127.0.0.1:54243 - HTTP connection lost
2026-03-27 15:17:13,781 [TRACE] uvicorn.asgi: 127.0.0.1:54201 - ASGI [9] Send {'type': 'http.response.body', 'body': '<45 bytes>', 'more_body': True}
2026-03-27 15:17:28,784 [TRACE] uvicorn.asgi: 127.0.0.1:54201 - ASGI [9] Send {'type': 'http.response.body', 'body': '<45 bytes>', 'more_body': True}
2026-03-27 15:17:43,787 [TRACE] uvicorn.asgi: 127.0.0.1:54201 - ASGI [9] Send {'type': 'http.response.body', 'body': '<45 bytes>', 'more_body': True}
2026-03-27 15:17:58,788 [TRACE] uvicorn.asgi: 127.0.0.1:54201 - ASGI [9] Send {'type': 'http.response.body', 'body': '<45 bytes>', 'more_body': True}
2026-03-27 15:18:13,790 [TRACE] uvicorn.asgi: 127.0.0.1:54201 - ASGI [9] Send {'type': 'http.response.body', 'body': '<45 bytes>', 'more_body': True}
2026-03-27 15:18:28,792 [TRACE] uvicorn.asgi: 127.0.0.1:54201 - ASGI [9] Send {'type': 'http.response.body', 'body': '<45 bytes>', 'more_body': True}
2026-03-27 15:18:43,794 [TRACE] uvicorn.asgi: 127.0.0.1:54201 - ASGI [9] Send {'type': 'http.response.body', 'body': '<45 bytes>', 'more_body': True}
2026-03-27 15:18:58,796 [TRACE] uvicorn.asgi: 127.0.0.1:54201 - ASGI [9] Send {'type': 'http.response.body', 'body': '<45 bytes>', 'more_body': True}
2026-03-27 15:19:13,798 [TRACE] uvicorn.asgi: 127.0.0.1:54201 - ASGI [9] Send {'type': 'http.response.body', 'body': '<45 bytes>', 'more_body': True}
2026-03-27 15:19:28,800 [TRACE] uvicorn.asgi: 127.0.0.1:54201 - ASGI [9] Send {'type': 'http.response.body', 'body': '<45 bytes>', 'more_body': True}
2026-03-27 15:19:43,802 [TRACE] uvicorn.asgi: 127.0.0.1:54201 - ASGI [9] Send {'type': 'http.response.body', 'body': '<45 bytes>', 'more_body': True}
2026-03-27 15:19:58,804 [TRACE] uvicorn.asgi: 127.0.0.1:54201 - ASGI [9] Send {'type': 'http.response.body', 'body': '<45 bytes>', 'more_body': True}
2026-03-27 15:20:13,806 [TRACE] uvicorn.asgi: 127.0.0.1:54201 - ASGI [9] Send {'type': 'http.response.body', 'body': '<45 bytes>', 'more_body': True}
2026-03-27 15:20:28,807 [TRACE] uvicorn.asgi: 127.0.0.1:54201 - ASGI [9] Send {'type': 'http.response.body', 'body': '<45 bytes>', 'more_body': True}
2026-03-27 15:20:43,808 [TRACE] uvicorn.asgi: 127.0.0.1:54201 - ASGI [9] Send {'type': 'http.response.body', 'body': '<45 bytes>', 'more_body': True}
2026-03-27 15:20:58,810 [TRACE] uvicorn.asgi: 127.0.0.1:54201 - ASGI [9] Send {'type': 'http.response.body', 'body': '<45 bytes>', 'more_body': True}
2026-03-27 15:21:13,812 [TRACE] uvicorn.asgi: 127.0.0.1:54201 - ASGI [9] Send {'type': 'http.response.body', 'body': '<45 bytes>', 'more_body': True}
2026-03-27 15:21:28,814 [TRACE] uvicorn.asgi: 127.0.0.1:54201 - ASGI [9] Send {'type': 'http.response.body', 'body': '<45 bytes>', 'more_body': True}
2026-03-27 15:21:43,814 [TRACE] uvicorn.asgi: 127.0.0.1:54201 - ASGI [9] Send {'type': 'http.response.body', 'body': '<45 bytes>', 'more_body': True}
2026-03-27 15:21:58,816 [TRACE] uvicorn.asgi: 127.0.0.1:54201 - ASGI [9] Send {'type': 'http.response.body', 'body': '<45 bytes>', 'more_body': True}
2026-03-27 15:22:13,819 [TRACE] uvicorn.asgi: 127.0.0.1:54201 - ASGI [9] Send {'type': 'http.response.body', 'body': '<45 bytes>', 'more_body': True}
2026-03-27 15:22:19,524 [INFO] uvicorn.error: Shutting down
2026-03-27 15:22:19,626 [INFO] uvicorn.error: Waiting for connections to close. (CTRL+C to force quit)
2026-03-27 15:22:19,723 [TRACE] uvicorn.asgi: 127.0.0.1:54201 - ASGI [9] Completed
2026-03-27 15:22:19,724 [ERROR] uvicorn.error: ASGI callable returned without completing response.
2026-03-27 15:22:19,724 [TRACE] uvicorn.error: 127.0.0.1:54201 - HTTP connection lost
2026-03-27 15:22:19,726 [INFO] uvicorn.error: Waiting for application shutdown.
2026-03-27 15:22:19,727 [TRACE] uvicorn.asgi: ASGI [1] Receive {'type': 'lifespan.shutdown'}
2026-03-27 15:22:19,727 [INFO] mcp.server.streamable_http_manager: StreamableHTTP session manager shutting down
2026-03-27 15:22:19,728 [TRACE] uvicorn.asgi: ASGI [1] Send {'type': 'lifespan.shutdown.complete'}
2026-03-27 15:22:19,728 [TRACE] uvicorn.asgi: ASGI [1] Completed
2026-03-27 15:22:19,728 [INFO] uvicorn.error: Application shutdown complete.
2026-03-27 15:22:19,729 [INFO] uvicorn.error: Finished server process [25695]
2026-03-27 15:22:27,600 [INFO] uvicorn.error: Started server process [25960]
2026-03-27 15:22:27,600 [INFO] uvicorn.error: Waiting for application startup.
2026-03-27 15:22:27,600 [TRACE] uvicorn.asgi: ASGI [1] Started scope={'type': 'lifespan', 'asgi': {'version': '3.0', 'spec_version': '2.0'}, 'state': {}}
2026-03-27 15:22:27,600 [TRACE] uvicorn.asgi: ASGI [1] Receive {'type': 'lifespan.startup'}
2026-03-27 15:22:27,602 [INFO] mcp.server.streamable_http_manager: StreamableHTTP session manager started
2026-03-27 15:22:27,602 [TRACE] uvicorn.asgi: ASGI [1] Send {'type': 'lifespan.startup.complete'}
2026-03-27 15:22:27,602 [INFO] uvicorn.error: Application startup complete.
2026-03-27 15:22:27,605 [INFO] uvicorn.error: Uvicorn running on http://localhost:8003 (Press CTRL+C to quit)
2026-03-27 15:22:54,921 [TRACE] uvicorn.error: ::1:54277 - HTTP connection made
2026-03-27 15:22:54,921 [TRACE] uvicorn.asgi: ::1:54277 - ASGI [2] Started scope={'type': 'http', 'asgi': {'version': '3.0', 'spec_version': '2.3'}, 'http_version': '1.1', 'server': ('::1', 8003), 'client': ('::1', 54277), 'scheme': 'http', 'method': 'POST', 'root_path': '', 'path': '/mcp', 'raw_path': b'/mcp', 'query_string': b'', 'headers': '<...>', 'state': {}}
2026-03-27 15:22:54,921 [TRACE] uvicorn.asgi: ::1:54277 - ASGI [2] Send {'type': 'http.response.start', 'status': 307, 'headers': '<...>'}
2026-03-27 15:22:54,921 [INFO] uvicorn.access: ::1:54277 - "POST /mcp HTTP/1.1" 307
2026-03-27 15:22:54,921 [TRACE] uvicorn.asgi: ::1:54277 - ASGI [2] Send {'type': 'http.response.body', 'body': '<0 bytes>'}
2026-03-27 15:22:54,921 [TRACE] uvicorn.asgi: ::1:54277 - ASGI [2] Completed
2026-03-27 15:22:54,922 [TRACE] uvicorn.error: ::1:54277 - HTTP connection lost
2026-03-27 15:23:09,928 [TRACE] uvicorn.error: ::1:54280 - HTTP connection made
2026-03-27 15:23:09,929 [TRACE] uvicorn.asgi: ::1:54280 - ASGI [3] Started scope={'type': 'http', 'asgi': {'version': '3.0', 'spec_version': '2.3'}, 'http_version': '1.1', 'server': ('::1', 8003), 'client': ('::1', 54280), 'scheme': 'http', 'method': 'POST', 'root_path': '', 'path': '/mcp', 'raw_path': b'/mcp', 'query_string': b'', 'headers': '<...>', 'state': {}}
2026-03-27 15:23:09,929 [TRACE] uvicorn.asgi: ::1:54280 - ASGI [3] Send {'type': 'http.response.start', 'status': 307, 'headers': '<...>'}
2026-03-27 15:23:09,929 [INFO] uvicorn.access: ::1:54280 - "POST /mcp HTTP/1.1" 307
2026-03-27 15:23:09,929 [TRACE] uvicorn.asgi: ::1:54280 - ASGI [3] Send {'type': 'http.response.body', 'body': '<0 bytes>'}
2026-03-27 15:23:09,929 [TRACE] uvicorn.asgi: ::1:54280 - ASGI [3] Completed
2026-03-27 15:23:09,931 [TRACE] uvicorn.error: ::1:54280 - HTTP connection lost
2026-03-27 15:23:09,932 [TRACE] uvicorn.error: ::1:54281 - HTTP connection made
2026-03-27 15:23:09,932 [TRACE] uvicorn.asgi: ::1:54281 - ASGI [4] Started scope={'type': 'http', 'asgi': {'version': '3.0', 'spec_version': '2.3'}, 'http_version': '1.1', 'server': ('::1', 8003), 'client': ('::1', 54281), 'scheme': 'http', 'method': 'POST', 'root_path': '', 'path': '/mcp/', 'raw_path': b'/mcp/', 'query_string': b'', 'headers': '<...>', 'state': {}}
2026-03-27 15:23:09,933 [INFO] mcp.server.streamable_http_manager: Created new transport with session ID: 74227966d70a4b97a228779878f12fc1
2026-03-27 15:23:09,933 [TRACE] uvicorn.asgi: ::1:54281 - ASGI [4] Receive {'type': 'http.request', 'body': '<330 bytes>', 'more_body': False}
2026-03-27 15:23:09,937 [TRACE] uvicorn.asgi: ::1:54281 - ASGI [4] Send {'type': 'http.response.start', 'status': 200, 'headers': '<...>'}
2026-03-27 15:23:09,937 [INFO] uvicorn.access: ::1:54281 - "POST /mcp/ HTTP/1.1" 200
2026-03-27 15:23:09,938 [TRACE] uvicorn.asgi: ::1:54281 - ASGI [4] Send {'type': 'http.response.body', 'body': '<431 bytes>', 'more_body': True}
2026-03-27 15:23:09,938 [TRACE] uvicorn.asgi: ::1:54281 - ASGI [4] Send {'type': 'http.response.body', 'body': '<0 bytes>', 'more_body': False}
2026-03-27 15:23:09,938 [TRACE] uvicorn.asgi: ::1:54281 - ASGI [4] Receive {'type': 'http.disconnect'}
2026-03-27 15:23:09,938 [TRACE] uvicorn.asgi: ::1:54281 - ASGI [4] Completed
2026-03-27 15:23:09,951 [TRACE] uvicorn.asgi: ::1:54281 - ASGI [5] Started scope={'type': 'http', 'asgi': {'version': '3.0', 'spec_version': '2.3'}, 'http_version': '1.1', 'server': ('::1', 8003), 'client': ('::1', 54281), 'scheme': 'http', 'method': 'POST', 'root_path': '', 'path': '/mcp', 'raw_path': b'/mcp', 'query_string': b'', 'headers': '<...>', 'state': {}}
2026-03-27 15:23:09,951 [TRACE] uvicorn.asgi: ::1:54281 - ASGI [5] Send {'type': 'http.response.start', 'status': 307, 'headers': '<...>'}
2026-03-27 15:23:09,951 [INFO] uvicorn.access: ::1:54281 - "POST /mcp HTTP/1.1" 307
2026-03-27 15:23:09,951 [TRACE] uvicorn.asgi: ::1:54281 - ASGI [5] Send {'type': 'http.response.body', 'body': '<0 bytes>'}
2026-03-27 15:23:09,951 [TRACE] uvicorn.asgi: ::1:54281 - ASGI [5] Completed
2026-03-27 15:23:09,952 [TRACE] uvicorn.error: ::1:54281 - HTTP connection lost
2026-03-27 15:23:09,954 [TRACE] uvicorn.error: ::1:54282 - HTTP connection made
2026-03-27 15:23:09,954 [TRACE] uvicorn.asgi: ::1:54282 - ASGI [6] Started scope={'type': 'http', 'asgi': {'version': '3.0', 'spec_version': '2.3'}, 'http_version': '1.1', 'server': ('::1', 8003), 'client': ('::1', 54282), 'scheme': 'http', 'method': 'POST', 'root_path': '', 'path': '/mcp/', 'raw_path': b'/mcp/', 'query_string': b'', 'headers': '<...>', 'state': {}}
2026-03-27 15:23:09,954 [TRACE] uvicorn.asgi: ::1:54282 - ASGI [6] Receive {'type': 'http.request', 'body': '<54 bytes>', 'more_body': False}
2026-03-27 15:23:09,955 [TRACE] uvicorn.asgi: ::1:54282 - ASGI [6] Send {'type': 'http.response.start', 'status': <HTTPStatus.ACCEPTED: 202>, 'headers': '<...>'}
2026-03-27 15:23:09,955 [INFO] uvicorn.access: ::1:54282 - "POST /mcp/ HTTP/1.1" 202
2026-03-27 15:23:09,955 [TRACE] uvicorn.asgi: ::1:54282 - ASGI [6] Send {'type': 'http.response.body', 'body': '<0 bytes>'}
2026-03-27 15:23:09,955 [TRACE] uvicorn.asgi: ::1:54282 - ASGI [6] Completed
2026-03-27 15:23:09,956 [TRACE] uvicorn.asgi: ::1:54282 - ASGI [7] Started scope={'type': 'http', 'asgi': {'version': '3.0', 'spec_version': '2.3'}, 'http_version': '1.1', 'server': ('::1', 8003), 'client': ('::1', 54282), 'scheme': 'http', 'method': 'GET', 'root_path': '', 'path': '/mcp', 'raw_path': b'/mcp', 'query_string': b'', 'headers': '<...>', 'state': {}}
2026-03-27 15:23:09,956 [TRACE] uvicorn.asgi: ::1:54282 - ASGI [7] Send {'type': 'http.response.start', 'status': 307, 'headers': '<...>'}
2026-03-27 15:23:09,956 [INFO] uvicorn.access: ::1:54282 - "GET /mcp HTTP/1.1" 307
2026-03-27 15:23:09,956 [TRACE] uvicorn.asgi: ::1:54282 - ASGI [7] Send {'type': 'http.response.body', 'body': '<0 bytes>'}
2026-03-27 15:23:09,956 [TRACE] uvicorn.asgi: ::1:54282 - ASGI [7] Completed
2026-03-27 15:23:09,957 [TRACE] uvicorn.error: ::1:54282 - HTTP connection lost
2026-03-27 15:23:09,957 [TRACE] uvicorn.error: ::1:54283 - HTTP connection made
2026-03-27 15:23:09,958 [TRACE] uvicorn.asgi: ::1:54283 - ASGI [8] Started scope={'type': 'http', 'asgi': {'version': '3.0', 'spec_version': '2.3'}, 'http_version': '1.1', 'server': ('::1', 8003), 'client': ('::1', 54283), 'scheme': 'http', 'method': 'GET', 'root_path': '', 'path': '/mcp/', 'raw_path': b'/mcp/', 'query_string': b'', 'headers': '<...>', 'state': {}}
2026-03-27 15:23:09,958 [TRACE] uvicorn.asgi: ::1:54283 - ASGI [8] Send {'type': 'http.response.start', 'status': 200, 'headers': '<...>'}
2026-03-27 15:23:09,958 [INFO] uvicorn.access: ::1:54283 - "GET /mcp/ HTTP/1.1" 200
2026-03-27 15:23:09,958 [TRACE] uvicorn.asgi: ::1:54283 - ASGI [8] Receive {'type': 'http.request', 'body': '<0 bytes>', 'more_body': False}
2026-03-27 15:23:13,363 [TRACE] uvicorn.error: ::1:54287 - HTTP connection made
2026-03-27 15:23:13,364 [TRACE] uvicorn.asgi: ::1:54287 - ASGI [9] Started scope={'type': 'http', 'asgi': {'version': '3.0', 'spec_version': '2.3'}, 'http_version': '1.1', 'server': ('::1', 8003), 'client': ('::1', 54287), 'scheme': 'http', 'method': 'POST', 'root_path': '', 'path': '/mcp', 'raw_path': b'/mcp', 'query_string': b'', 'headers': '<...>', 'state': {}}
2026-03-27 15:23:13,364 [TRACE] uvicorn.asgi: ::1:54287 - ASGI [9] Send {'type': 'http.response.start', 'status': 307, 'headers': '<...>'}
2026-03-27 15:23:13,364 [INFO] uvicorn.access: ::1:54287 - "POST /mcp HTTP/1.1" 307
2026-03-27 15:23:13,364 [TRACE] uvicorn.asgi: ::1:54287 - ASGI [9] Send {'type': 'http.response.body', 'body': '<0 bytes>'}
2026-03-27 15:23:13,365 [TRACE] uvicorn.asgi: ::1:54287 - ASGI [9] Completed
2026-03-27 15:23:13,366 [TRACE] uvicorn.error: ::1:54287 - HTTP connection lost
2026-03-27 15:23:13,366 [TRACE] uvicorn.error: ::1:54288 - HTTP connection made
2026-03-27 15:23:13,367 [TRACE] uvicorn.asgi: ::1:54288 - ASGI [10] Started scope={'type': 'http', 'asgi': {'version': '3.0', 'spec_version': '2.3'}, 'http_version': '1.1', 'server': ('::1', 8003), 'client': ('::1', 54288), 'scheme': 'http', 'method': 'POST', 'root_path': '', 'path': '/mcp/', 'raw_path': b'/mcp/', 'query_string': b'', 'headers': '<...>', 'state': {}}
2026-03-27 15:23:13,367 [TRACE] uvicorn.asgi: ::1:54288 - ASGI [10] Receive {'type': 'http.request', 'body': '<87 bytes>', 'more_body': False}
2026-03-27 15:23:13,368 [TRACE] uvicorn.asgi: ::1:54288 - ASGI [10] Send {'type': 'http.response.start', 'status': 200, 'headers': '<...>'}
2026-03-27 15:23:13,368 [INFO] uvicorn.access: ::1:54288 - "POST /mcp/ HTTP/1.1" 200
2026-03-27 15:23:13,368 [INFO] mcp.server.lowlevel.server: Processing request of type ListPromptsRequest
2026-03-27 15:23:13,371 [TRACE] uvicorn.asgi: ::1:54288 - ASGI [10] Send {'type': 'http.response.body', 'body': '<351 bytes>', 'more_body': True}
2026-03-27 15:23:13,371 [TRACE] uvicorn.asgi: ::1:54288 - ASGI [10] Send {'type': 'http.response.body', 'body': '<0 bytes>', 'more_body': False}
2026-03-27 15:23:13,371 [TRACE] uvicorn.asgi: ::1:54288 - ASGI [10] Receive {'type': 'http.disconnect'}
2026-03-27 15:23:13,372 [TRACE] uvicorn.asgi: ::1:54288 - ASGI [10] Completed
2026-03-27 15:23:15,435 [TRACE] uvicorn.asgi: ::1:54288 - ASGI [11] Started scope={'type': 'http', 'asgi': {'version': '3.0', 'spec_version': '2.3'}, 'http_version': '1.1', 'server': ('::1', 8003), 'client': ('::1', 54288), 'scheme': 'http', 'method': 'POST', 'root_path': '', 'path': '/mcp', 'raw_path': b'/mcp', 'query_string': b'', 'headers': '<...>', 'state': {}}
2026-03-27 15:23:15,436 [TRACE] uvicorn.asgi: ::1:54288 - ASGI [11] Send {'type': 'http.response.start', 'status': 307, 'headers': '<...>'}
2026-03-27 15:23:15,436 [INFO] uvicorn.access: ::1:54288 - "POST /mcp HTTP/1.1" 307
2026-03-27 15:23:15,436 [TRACE] uvicorn.asgi: ::1:54288 - ASGI [11] Send {'type': 'http.response.body', 'body': '<0 bytes>'}
2026-03-27 15:23:15,437 [TRACE] uvicorn.asgi: ::1:54288 - ASGI [11] Completed
2026-03-27 15:23:15,438 [TRACE] uvicorn.error: ::1:54288 - HTTP connection lost
2026-03-27 15:23:15,439 [TRACE] uvicorn.error: ::1:54289 - HTTP connection made
2026-03-27 15:23:15,439 [TRACE] uvicorn.asgi: ::1:54289 - ASGI [12] Started scope={'type': 'http', 'asgi': {'version': '3.0', 'spec_version': '2.3'}, 'http_version': '1.1', 'server': ('::1', 8003), 'client': ('::1', 54289), 'scheme': 'http', 'method': 'POST', 'root_path': '', 'path': '/mcp/', 'raw_path': b'/mcp/', 'query_string': b'', 'headers': '<...>', 'state': {}}
2026-03-27 15:23:15,439 [TRACE] uvicorn.asgi: ::1:54289 - ASGI [12] Receive {'type': 'http.request', 'body': '<129 bytes>', 'more_body': False}
2026-03-27 15:23:15,440 [TRACE] uvicorn.asgi: ::1:54289 - ASGI [12] Send {'type': 'http.response.start', 'status': 200, 'headers': '<...>'}
2026-03-27 15:23:15,440 [INFO] uvicorn.access: ::1:54289 - "POST /mcp/ HTTP/1.1" 200
2026-03-27 15:23:15,441 [INFO] mcp.server.lowlevel.server: Processing request of type GetPromptRequest
2026-03-27 15:23:15,460 [TRACE] uvicorn.asgi: ::1:54289 - ASGI [12] Send {'type': 'http.response.body', 'body': '<124 bytes>', 'more_body': True}
2026-03-27 15:23:15,460 [TRACE] uvicorn.asgi: ::1:54289 - ASGI [12] Send {'type': 'http.response.body', 'body': '<0 bytes>', 'more_body': False}
2026-03-27 15:23:15,460 [TRACE] uvicorn.asgi: ::1:54289 - ASGI [12] Receive {'type': 'http.disconnect'}
2026-03-27 15:23:15,461 [TRACE] uvicorn.asgi: ::1:54289 - ASGI [12] Completed
2026-03-27 15:23:20,462 [TRACE] uvicorn.error: ::1:54289 - HTTP connection lost
2026-03-27 15:23:24,960 [TRACE] uvicorn.asgi: ::1:54283 - ASGI [8] Send {'type': 'http.response.body', 'body': '<45 bytes>', 'more_body': True}
2026-03-27 15:23:39,972 [TRACE] uvicorn.asgi: ::1:54283 - ASGI [8] Send {'type': 'http.response.body', 'body': '<45 bytes>', 'more_body': True}
2026-03-27 15:23:54,978 [TRACE] uvicorn.asgi: ::1:54283 - ASGI [8] Send {'type': 'http.response.body', 'body': '<45 bytes>', 'more_body': True}
2026-03-27 15:23:57,413 [TRACE] uvicorn.error: ::1:54291 - HTTP connection made
2026-03-27 15:23:57,414 [TRACE] uvicorn.asgi: ::1:54291 - ASGI [13] Started scope={'type': 'http', 'asgi': {'version': '3.0', 'spec_version': '2.3'}, 'http_version': '1.1', 'server': ('::1', 8003), 'client': ('::1', 54291), 'scheme': 'http', 'method': 'POST', 'root_path': '', 'path': '/mcp', 'raw_path': b'/mcp', 'query_string': b'', 'headers': '<...>', 'state': {}}
2026-03-27 15:23:57,414 [TRACE] uvicorn.asgi: ::1:54291 - ASGI [13] Send {'type': 'http.response.start', 'status': 307, 'headers': '<...>'}
2026-03-27 15:23:57,414 [INFO] uvicorn.access: ::1:54291 - "POST /mcp HTTP/1.1" 307
2026-03-27 15:23:57,414 [TRACE] uvicorn.asgi: ::1:54291 - ASGI [13] Send {'type': 'http.response.body', 'body': '<0 bytes>'}
2026-03-27 15:23:57,414 [TRACE] uvicorn.asgi: ::1:54291 - ASGI [13] Completed
2026-03-27 15:23:57,414 [TRACE] uvicorn.error: ::1:54291 - HTTP connection lost
2026-03-27 15:24:09,981 [TRACE] uvicorn.asgi: ::1:54283 - ASGI [8] Send {'type': 'http.response.body', 'body': '<45 bytes>', 'more_body': True}
2026-03-27 15:24:24,983 [TRACE] uvicorn.asgi: ::1:54283 - ASGI [8] Send {'type': 'http.response.body', 'body': '<45 bytes>', 'more_body': True}
2026-03-27 15:24:39,986 [TRACE] uvicorn.asgi: ::1:54283 - ASGI [8] Send {'type': 'http.response.body', 'body': '<45 bytes>', 'more_body': True}
2026-03-27 15:30:04,248 [INFO] uvicorn.error: Started server process [28389]
2026-03-27 15:30:04,249 [INFO] uvicorn.error: Waiting for application startup.
2026-03-27 15:30:04,249 [TRACE] uvicorn.asgi: ASGI [1] Started scope={'type': 'lifespan', 'asgi': {'version': '3.0', 'spec_version': '2.0'}, 'state': {}}
2026-03-27 15:30:04,249 [TRACE] uvicorn.asgi: ASGI [1] Receive {'type': 'lifespan.startup'}
2026-03-27 15:30:04,251 [INFO] mcp.server.streamable_http_manager: StreamableHTTP session manager started
2026-03-27 15:30:04,251 [TRACE] uvicorn.asgi: ASGI [1] Send {'type': 'lifespan.startup.complete'}
2026-03-27 15:30:04,251 [INFO] uvicorn.error: Application startup complete.
2026-03-27 15:30:04,253 [INFO] uvicorn.error: Uvicorn running on http://localhost:8003 (Press CTRL+C to quit)
2026-03-27 15:30:45,564 [TRACE] uvicorn.error: ::1:55265 - HTTP connection made
2026-03-27 15:30:45,565 [TRACE] uvicorn.asgi: ::1:55265 - ASGI [2] Started scope={'type': 'http', 'asgi': {'version': '3.0', 'spec_version': '2.3'}, 'http_version': '1.1', 'server': ('::1', 8003), 'client': ('::1', 55265), 'scheme': 'http', 'method': 'POST', 'root_path': '', 'path': '/mcp', 'raw_path': b'/mcp', 'query_string': b'', 'headers': '<...>', 'state': {}}
2026-03-27 15:30:45,565 [TRACE] uvicorn.asgi: ::1:55265 - ASGI [2] Send {'type': 'http.response.start', 'status': 307, 'headers': '<...>'}
2026-03-27 15:30:45,565 [INFO] uvicorn.access: ::1:55265 - "POST /mcp HTTP/1.1" 307
2026-03-27 15:30:45,565 [TRACE] uvicorn.asgi: ::1:55265 - ASGI [2] Send {'type': 'http.response.body', 'body': '<0 bytes>'}
2026-03-27 15:30:45,565 [TRACE] uvicorn.asgi: ::1:55265 - ASGI [2] Completed
2026-03-27 15:30:45,568 [TRACE] uvicorn.error: ::1:55265 - HTTP connection lost
2026-03-27 15:30:45,569 [TRACE] uvicorn.error: ::1:55266 - HTTP connection made
2026-03-27 15:30:45,569 [TRACE] uvicorn.asgi: ::1:55266 - ASGI [3] Started scope={'type': 'http', 'asgi': {'version': '3.0', 'spec_version': '2.3'}, 'http_version': '1.1', 'server': ('::1', 8003), 'client': ('::1', 55266), 'scheme': 'http', 'method': 'POST', 'root_path': '', 'path': '/mcp/', 'raw_path': b'/mcp/', 'query_string': b'', 'headers': '<...>', 'state': {}}
2026-03-27 15:30:45,569 [INFO] mcp.server.streamable_http_manager: Created new transport with session ID: 8eddd99ffe9047688dbff4bad23bb7e6
2026-03-27 15:30:45,570 [TRACE] uvicorn.asgi: ::1:55266 - ASGI [3] Receive {'type': 'http.request', 'body': '<330 bytes>', 'more_body': False}
2026-03-27 15:30:45,574 [TRACE] uvicorn.asgi: ::1:55266 - ASGI [3] Send {'type': 'http.response.start', 'status': 200, 'headers': '<...>'}
2026-03-27 15:30:45,574 [INFO] uvicorn.access: ::1:55266 - "POST /mcp/ HTTP/1.1" 200
2026-03-27 15:30:45,575 [TRACE] uvicorn.asgi: ::1:55266 - ASGI [3] Send {'type': 'http.response.body', 'body': '<431 bytes>', 'more_body': True}
2026-03-27 15:30:45,575 [TRACE] uvicorn.asgi: ::1:55266 - ASGI [3] Send {'type': 'http.response.body', 'body': '<0 bytes>', 'more_body': False}
2026-03-27 15:30:45,575 [TRACE] uvicorn.asgi: ::1:55266 - ASGI [3] Receive {'type': 'http.disconnect'}
2026-03-27 15:30:45,575 [TRACE] uvicorn.asgi: ::1:55266 - ASGI [3] Completed
2026-03-27 15:30:45,585 [TRACE] uvicorn.asgi: ::1:55266 - ASGI [4] Started scope={'type': 'http', 'asgi': {'version': '3.0', 'spec_version': '2.3'}, 'http_version': '1.1', 'server': ('::1', 8003), 'client': ('::1', 55266), 'scheme': 'http', 'method': 'POST', 'root_path': '', 'path': '/mcp', 'raw_path': b'/mcp', 'query_string': b'', 'headers': '<...>', 'state': {}}
2026-03-27 15:30:45,585 [TRACE] uvicorn.asgi: ::1:55266 - ASGI [4] Send {'type': 'http.response.start', 'status': 307, 'headers': '<...>'}
2026-03-27 15:30:45,585 [INFO] uvicorn.access: ::1:55266 - "POST /mcp HTTP/1.1" 307
2026-03-27 15:30:45,585 [TRACE] uvicorn.asgi: ::1:55266 - ASGI [4] Send {'type': 'http.response.body', 'body': '<0 bytes>'}
2026-03-27 15:30:45,585 [TRACE] uvicorn.asgi: ::1:55266 - ASGI [4] Completed
2026-03-27 15:30:45,587 [TRACE] uvicorn.error: ::1:55266 - HTTP connection lost
2026-03-27 15:30:45,588 [TRACE] uvicorn.error: ::1:55267 - HTTP connection made
2026-03-27 15:30:45,588 [TRACE] uvicorn.asgi: ::1:55267 - ASGI [5] Started scope={'type': 'http', 'asgi': {'version': '3.0', 'spec_version': '2.3'}, 'http_version': '1.1', 'server': ('::1', 8003), 'client': ('::1', 55267), 'scheme': 'http', 'method': 'POST', 'root_path': '', 'path': '/mcp/', 'raw_path': b'/mcp/', 'query_string': b'', 'headers': '<...>', 'state': {}}
2026-03-27 15:30:45,588 [TRACE] uvicorn.asgi: ::1:55267 - ASGI [5] Receive {'type': 'http.request', 'body': '<54 bytes>', 'more_body': False}
2026-03-27 15:30:45,589 [TRACE] uvicorn.asgi: ::1:55267 - ASGI [5] Send {'type': 'http.response.start', 'status': <HTTPStatus.ACCEPTED: 202>, 'headers': '<...>'}
2026-03-27 15:30:45,589 [INFO] uvicorn.access: ::1:55267 - "POST /mcp/ HTTP/1.1" 202
2026-03-27 15:30:45,589 [TRACE] uvicorn.asgi: ::1:55267 - ASGI [5] Send {'type': 'http.response.body', 'body': '<0 bytes>'}
2026-03-27 15:30:45,589 [TRACE] uvicorn.asgi: ::1:55267 - ASGI [5] Completed
2026-03-27 15:30:45,590 [TRACE] uvicorn.asgi: ::1:55267 - ASGI [6] Started scope={'type': 'http', 'asgi': {'version': '3.0', 'spec_version': '2.3'}, 'http_version': '1.1', 'server': ('::1', 8003), 'client': ('::1', 55267), 'scheme': 'http', 'method': 'GET', 'root_path': '', 'path': '/mcp', 'raw_path': b'/mcp', 'query_string': b'', 'headers': '<...>', 'state': {}}
2026-03-27 15:30:45,590 [TRACE] uvicorn.asgi: ::1:55267 - ASGI [6] Send {'type': 'http.response.start', 'status': 307, 'headers': '<...>'}
2026-03-27 15:30:45,590 [INFO] uvicorn.access: ::1:55267 - "GET /mcp HTTP/1.1" 307
2026-03-27 15:30:45,590 [TRACE] uvicorn.asgi: ::1:55267 - ASGI [6] Send {'type': 'http.response.body', 'body': '<0 bytes>'}
2026-03-27 15:30:45,591 [TRACE] uvicorn.asgi: ::1:55267 - ASGI [6] Completed
2026-03-27 15:30:45,591 [TRACE] uvicorn.error: ::1:55267 - HTTP connection lost
2026-03-27 15:30:45,592 [TRACE] uvicorn.error: ::1:55268 - HTTP connection made
2026-03-27 15:30:45,592 [TRACE] uvicorn.asgi: ::1:55268 - ASGI [7] Started scope={'type': 'http', 'asgi': {'version': '3.0', 'spec_version': '2.3'}, 'http_version': '1.1', 'server': ('::1', 8003), 'client': ('::1', 55268), 'scheme': 'http', 'method': 'GET', 'root_path': '', 'path': '/mcp/', 'raw_path': b'/mcp/', 'query_string': b'', 'headers': '<...>', 'state': {}}
2026-03-27 15:30:45,592 [TRACE] uvicorn.asgi: ::1:55268 - ASGI [7] Send {'type': 'http.response.start', 'status': 200, 'headers': '<...>'}
2026-03-27 15:30:45,592 [INFO] uvicorn.access: ::1:55268 - "GET /mcp/ HTTP/1.1" 200
2026-03-27 15:30:45,592 [TRACE] uvicorn.asgi: ::1:55268 - ASGI [7] Receive {'type': 'http.request', 'body': '<0 bytes>', 'more_body': False}
2026-03-27 15:30:54,881 [TRACE] uvicorn.error: ::1:55278 - HTTP connection made
2026-03-27 15:30:54,882 [TRACE] uvicorn.asgi: ::1:55278 - ASGI [8] Started scope={'type': 'http', 'asgi': {'version': '3.0', 'spec_version': '2.3'}, 'http_version': '1.1', 'server': ('::1', 8003), 'client': ('::1', 55278), 'scheme': 'http', 'method': 'POST', 'root_path': '', 'path': '/mcp', 'raw_path': b'/mcp', 'query_string': b'', 'headers': '<...>', 'state': {}}
2026-03-27 15:30:54,882 [TRACE] uvicorn.asgi: ::1:55278 - ASGI [8] Send {'type': 'http.response.start', 'status': 307, 'headers': '<...>'}
2026-03-27 15:30:54,882 [INFO] uvicorn.access: ::1:55278 - "POST /mcp HTTP/1.1" 307
2026-03-27 15:30:54,883 [TRACE] uvicorn.asgi: ::1:55278 - ASGI [8] Send {'type': 'http.response.body', 'body': '<0 bytes>'}
2026-03-27 15:30:54,883 [TRACE] uvicorn.asgi: ::1:55278 - ASGI [8] Completed
2026-03-27 15:30:54,884 [TRACE] uvicorn.error: ::1:55278 - HTTP connection lost
2026-03-27 15:30:54,885 [TRACE] uvicorn.error: ::1:55279 - HTTP connection made
2026-03-27 15:30:54,885 [TRACE] uvicorn.asgi: ::1:55279 - ASGI [9] Started scope={'type': 'http', 'asgi': {'version': '3.0', 'spec_version': '2.3'}, 'http_version': '1.1', 'server': ('::1', 8003), 'client': ('::1', 55279), 'scheme': 'http', 'method': 'POST', 'root_path': '', 'path': '/mcp/', 'raw_path': b'/mcp/', 'query_string': b'', 'headers': '<...>', 'state': {}}
2026-03-27 15:30:54,885 [TRACE] uvicorn.asgi: ::1:55279 - ASGI [9] Receive {'type': 'http.request', 'body': '<87 bytes>', 'more_body': False}
2026-03-27 15:30:54,886 [TRACE] uvicorn.asgi: ::1:55279 - ASGI [9] Send {'type': 'http.response.start', 'status': 200, 'headers': '<...>'}
2026-03-27 15:30:54,886 [INFO] uvicorn.access: ::1:55279 - "POST /mcp/ HTTP/1.1" 200
2026-03-27 15:30:54,886 [INFO] mcp.server.lowlevel.server: Processing request of type ListPromptsRequest
2026-03-27 15:30:54,888 [TRACE] uvicorn.asgi: ::1:55279 - ASGI [9] Send {'type': 'http.response.body', 'body': '<351 bytes>', 'more_body': True}
2026-03-27 15:30:54,888 [TRACE] uvicorn.asgi: ::1:55279 - ASGI [9] Send {'type': 'http.response.body', 'body': '<0 bytes>', 'more_body': False}
2026-03-27 15:30:54,889 [TRACE] uvicorn.asgi: ::1:55279 - ASGI [9] Receive {'type': 'http.disconnect'}
2026-03-27 15:30:54,889 [TRACE] uvicorn.asgi: ::1:55279 - ASGI [9] Completed
2026-03-27 15:30:57,144 [TRACE] uvicorn.asgi: ::1:55279 - ASGI [10] Started scope={'type': 'http', 'asgi': {'version': '3.0', 'spec_version': '2.3'}, 'http_version': '1.1', 'server': ('::1', 8003), 'client': ('::1', 55279), 'scheme': 'http', 'method': 'POST', 'root_path': '', 'path': '/mcp', 'raw_path': b'/mcp', 'query_string': b'', 'headers': '<...>', 'state': {}}
2026-03-27 15:30:57,144 [TRACE] uvicorn.asgi: ::1:55279 - ASGI [10] Send {'type': 'http.response.start', 'status': 307, 'headers': '<...>'}
2026-03-27 15:30:57,144 [INFO] uvicorn.access: ::1:55279 - "POST /mcp HTTP/1.1" 307
2026-03-27 15:30:57,144 [TRACE] uvicorn.asgi: ::1:55279 - ASGI [10] Send {'type': 'http.response.body', 'body': '<0 bytes>'}
2026-03-27 15:30:57,144 [TRACE] uvicorn.asgi: ::1:55279 - ASGI [10] Completed
2026-03-27 15:30:57,146 [TRACE] uvicorn.error: ::1:55279 - HTTP connection lost
2026-03-27 15:30:57,147 [TRACE] uvicorn.error: ::1:55292 - HTTP connection made
2026-03-27 15:30:57,148 [TRACE] uvicorn.asgi: ::1:55292 - ASGI [11] Started scope={'type': 'http', 'asgi': {'version': '3.0', 'spec_version': '2.3'}, 'http_version': '1.1', 'server': ('::1', 8003), 'client': ('::1', 55292), 'scheme': 'http', 'method': 'POST', 'root_path': '', 'path': '/mcp/', 'raw_path': b'/mcp/', 'query_string': b'', 'headers': '<...>', 'state': {}}
2026-03-27 15:30:57,148 [TRACE] uvicorn.asgi: ::1:55292 - ASGI [11] Receive {'type': 'http.request', 'body': '<129 bytes>', 'more_body': False}
2026-03-27 15:30:57,148 [TRACE] uvicorn.asgi: ::1:55292 - ASGI [11] Send {'type': 'http.response.start', 'status': 200, 'headers': '<...>'}
2026-03-27 15:30:57,148 [INFO] uvicorn.access: ::1:55292 - "POST /mcp/ HTTP/1.1" 200
2026-03-27 15:30:57,149 [INFO] mcp.server.lowlevel.server: Processing request of type GetPromptRequest
2026-03-27 15:30:57,164 [TRACE] uvicorn.asgi: ::1:55292 - ASGI [11] Send {'type': 'http.response.body', 'body': '<124 bytes>', 'more_body': True}
2026-03-27 15:30:57,165 [TRACE] uvicorn.asgi: ::1:55292 - ASGI [11] Send {'type': 'http.response.body', 'body': '<0 bytes>', 'more_body': False}
2026-03-27 15:30:57,165 [TRACE] uvicorn.asgi: ::1:55292 - ASGI [11] Receive {'type': 'http.disconnect'}
2026-03-27 15:30:57,165 [TRACE] uvicorn.asgi: ::1:55292 - ASGI [11] Completed
2026-03-27 15:31:00,594 [TRACE] uvicorn.asgi: ::1:55268 - ASGI [7] Send {'type': 'http.response.body', 'body': '<45 bytes>', 'more_body': True}
2026-03-27 15:31:02,166 [TRACE] uvicorn.error: ::1:55292 - HTTP connection lost
2026-03-27 15:31:15,596 [TRACE] uvicorn.asgi: ::1:55268 - ASGI [7] Send {'type': 'http.response.body', 'body': '<45 bytes>', 'more_body': True}
2026-03-27 15:31:30,597 [TRACE] uvicorn.asgi: ::1:55268 - ASGI [7] Send {'type': 'http.response.body', 'body': '<45 bytes>', 'more_body': True}
2026-03-27 15:31:45,599 [TRACE] uvicorn.asgi: ::1:55268 - ASGI [7] Send {'type': 'http.response.body', 'body': '<45 bytes>', 'more_body': True}
2026-03-27 15:32:00,601 [TRACE] uvicorn.asgi: ::1:55268 - ASGI [7] Send {'type': 'http.response.body', 'body': '<45 bytes>', 'more_body': True}
2026-03-27 15:32:15,602 [TRACE] uvicorn.asgi: ::1:55268 - ASGI [7] Send {'type': 'http.response.body', 'body': '<45 bytes>', 'more_body': True}
2026-03-27 15:32:30,604 [TRACE] uvicorn.asgi: ::1:55268 - ASGI [7] Send {'type': 'http.response.body', 'body': '<45 bytes>', 'more_body': True}
2026-03-27 15:32:45,606 [TRACE] uvicorn.asgi: ::1:55268 - ASGI [7] Send {'type': 'http.response.body', 'body': '<45 bytes>', 'more_body': True}
2026-03-27 15:33:00,608 [TRACE] uvicorn.asgi: ::1:55268 - ASGI [7] Send {'type': 'http.response.body', 'body': '<45 bytes>', 'more_body': True}
2026-03-27 15:33:15,610 [TRACE] uvicorn.asgi: ::1:55268 - ASGI [7] Send {'type': 'http.response.body', 'body': '<45 bytes>', 'more_body': True}
2026-03-27 15:33:30,612 [TRACE] uvicorn.asgi: ::1:55268 - ASGI [7] Send {'type': 'http.response.body', 'body': '<45 bytes>', 'more_body': True}
2026-03-27 15:33:45,613 [TRACE] uvicorn.asgi: ::1:55268 - ASGI [7] Send {'type': 'http.response.body', 'body': '<45 bytes>', 'more_body': True}
2026-03-27 15:34:00,615 [TRACE] uvicorn.asgi: ::1:55268 - ASGI [7] Send {'type': 'http.response.body', 'body': '<45 bytes>', 'more_body': True}
2026-03-27 15:34:15,617 [TRACE] uvicorn.asgi: ::1:55268 - ASGI [7] Send {'type': 'http.response.body', 'body': '<45 bytes>', 'more_body': True}
2026-03-27 15:34:30,619 [TRACE] uvicorn.asgi: ::1:55268 - ASGI [7] Send {'type': 'http.response.body', 'body': '<45 bytes>', 'more_body': True}
2026-03-27 15:34:45,620 [TRACE] uvicorn.asgi: ::1:55268 - ASGI [7] Send {'type': 'http.response.body', 'body': '<45 bytes>', 'more_body': True}
2026-03-27 15:35:00,621 [TRACE] uvicorn.asgi: ::1:55268 - ASGI [7] Send {'type': 'http.response.body', 'body': '<45 bytes>', 'more_body': True}
2026-03-27 15:35:15,623 [TRACE] uvicorn.asgi: ::1:55268 - ASGI [7] Send {'type': 'http.response.body', 'body': '<45 bytes>', 'more_body': True}
2026-03-27 15:35:30,624 [TRACE] uvicorn.asgi: ::1:55268 - ASGI [7] Send {'type': 'http.response.body', 'body': '<45 bytes>', 'more_body': True}
2026-03-27 15:35:45,626 [TRACE] uvicorn.asgi: ::1:55268 - ASGI [7] Send {'type': 'http.response.body', 'body': '<45 bytes>', 'more_body': True}
2026-03-27 15:36:00,627 [TRACE] uvicorn.asgi: ::1:55268 - ASGI [7] Send {'type': 'http.response.body', 'body': '<45 bytes>', 'more_body': True}
2026-03-27 15:36:01,978 [TRACE] uvicorn.error: ::1:55268 - HTTP connection lost
2026-03-27 15:36:01,978 [TRACE] uvicorn.asgi: ::1:55268 - ASGI [7] Receive {'type': 'http.disconnect'}
2026-03-27 15:36:01,978 [TRACE] uvicorn.asgi: ::1:55268 - ASGI [7] Completed
2026-03-27 15:36:12,895 [INFO] uvicorn.error: Shutting down
2026-03-27 15:36:12,996 [INFO] uvicorn.error: Waiting for application shutdown.
2026-03-27 15:36:12,996 [TRACE] uvicorn.asgi: ASGI [1] Receive {'type': 'lifespan.shutdown'}
2026-03-27 15:36:12,996 [INFO] mcp.server.streamable_http_manager: StreamableHTTP session manager shutting down
2026-03-27 15:36:12,997 [TRACE] uvicorn.asgi: ASGI [1] Send {'type': 'lifespan.shutdown.complete'}
2026-03-27 15:36:12,997 [TRACE] uvicorn.asgi: ASGI [1] Completed
2026-03-27 15:36:12,997 [INFO] uvicorn.error: Application shutdown complete.
2026-03-27 15:36:12,997 [INFO] uvicorn.error: Finished server process [28389]
2026-03-27 15:36:19,933 [INFO] uvicorn.error: Started server process [32096]
2026-03-27 15:36:19,933 [INFO] uvicorn.error: Waiting for application startup.
2026-03-27 15:36:19,933 [TRACE] uvicorn.asgi: ASGI [1] Started scope={'type': 'lifespan', 'asgi': {'version': '3.0', 'spec_version': '2.0'}, 'state': {}}
2026-03-27 15:36:19,933 [TRACE] uvicorn.asgi: ASGI [1] Receive {'type': 'lifespan.startup'}
2026-03-27 15:36:19,935 [INFO] mcp.server.streamable_http_manager: StreamableHTTP session manager started
2026-03-27 15:36:19,935 [TRACE] uvicorn.asgi: ASGI [1] Send {'type': 'lifespan.startup.complete'}
2026-03-27 15:36:19,935 [INFO] uvicorn.error: Application startup complete.
2026-03-27 15:36:19,938 [INFO] uvicorn.error: Uvicorn running on http://localhost:8003 (Press CTRL+C to quit)
2026-03-27 15:40:49,443 [TRACE] uvicorn.error: ::1:56706 - HTTP connection made
2026-03-27 15:40:49,443 [TRACE] uvicorn.asgi: ::1:56706 - ASGI [2] Started scope={'type': 'http', 'asgi': {'version': '3.0', 'spec_version': '2.3'}, 'http_version': '1.1', 'server': ('::1', 8003), 'client': ('::1', 56706), 'scheme': 'http', 'method': 'POST', 'root_path': '', 'path': '/mcp', 'raw_path': b'/mcp', 'query_string': b'', 'headers': '<...>', 'state': {}}
2026-03-27 15:40:49,444 [TRACE] uvicorn.asgi: ::1:56706 - ASGI [2] Send {'type': 'http.response.start', 'status': 307, 'headers': '<...>'}
2026-03-27 15:40:49,444 [INFO] uvicorn.access: ::1:56706 - "POST /mcp HTTP/1.1" 307
2026-03-27 15:40:49,444 [TRACE] uvicorn.asgi: ::1:56706 - ASGI [2] Send {'type': 'http.response.body', 'body': '<0 bytes>'}
2026-03-27 15:40:49,444 [TRACE] uvicorn.asgi: ::1:56706 - ASGI [2] Completed
2026-03-27 15:40:49,445 [TRACE] uvicorn.error: ::1:56706 - HTTP connection lost
2026-03-27 15:40:49,446 [TRACE] uvicorn.error: ::1:56707 - HTTP connection made
2026-03-27 15:40:49,446 [TRACE] uvicorn.asgi: ::1:56707 - ASGI [3] Started scope={'type': 'http', 'asgi': {'version': '3.0', 'spec_version': '2.3'}, 'http_version': '1.1', 'server': ('::1', 8003), 'client': ('::1', 56707), 'scheme': 'http', 'method': 'POST', 'root_path': '', 'path': '/mcp/', 'raw_path': b'/mcp/', 'query_string': b'', 'headers': '<...>', 'state': {}}
2026-03-27 15:40:49,447 [INFO] mcp.server.streamable_http_manager: Created new transport with session ID: 9eb23afd9e224631826afd6c9d5a192d
2026-03-27 15:40:49,447 [TRACE] uvicorn.asgi: ::1:56707 - ASGI [3] Receive {'type': 'http.request', 'body': '<330 bytes>', 'more_body': False}
2026-03-27 15:40:49,451 [TRACE] uvicorn.asgi: ::1:56707 - ASGI [3] Send {'type': 'http.response.start', 'status': 200, 'headers': '<...>'}
2026-03-27 15:40:49,451 [INFO] uvicorn.access: ::1:56707 - "POST /mcp/ HTTP/1.1" 200
2026-03-27 15:40:49,451 [TRACE] uvicorn.asgi: ::1:56707 - ASGI [3] Send {'type': 'http.response.body', 'body': '<431 bytes>', 'more_body': True}
2026-03-27 15:40:49,451 [TRACE] uvicorn.asgi: ::1:56707 - ASGI [3] Send {'type': 'http.response.body', 'body': '<0 bytes>', 'more_body': False}
2026-03-27 15:40:49,451 [TRACE] uvicorn.asgi: ::1:56707 - ASGI [3] Receive {'type': 'http.disconnect'}
2026-03-27 15:40:49,452 [TRACE] uvicorn.asgi: ::1:56707 - ASGI [3] Completed
2026-03-27 15:40:49,466 [TRACE] uvicorn.asgi: ::1:56707 - ASGI [4] Started scope={'type': 'http', 'asgi': {'version': '3.0', 'spec_version': '2.3'}, 'http_version': '1.1', 'server': ('::1', 8003), 'client': ('::1', 56707), 'scheme': 'http', 'method': 'POST', 'root_path': '', 'path': '/mcp', 'raw_path': b'/mcp', 'query_string': b'', 'headers': '<...>', 'state': {}}
2026-03-27 15:40:49,467 [TRACE] uvicorn.asgi: ::1:56707 - ASGI [4] Send {'type': 'http.response.start', 'status': 307, 'headers': '<...>'}
2026-03-27 15:40:49,467 [INFO] uvicorn.access: ::1:56707 - "POST /mcp HTTP/1.1" 307
2026-03-27 15:40:49,467 [TRACE] uvicorn.asgi: ::1:56707 - ASGI [4] Send {'type': 'http.response.body', 'body': '<0 bytes>'}
2026-03-27 15:40:49,467 [TRACE] uvicorn.asgi: ::1:56707 - ASGI [4] Completed
2026-03-27 15:40:49,470 [TRACE] uvicorn.error: ::1:56707 - HTTP connection lost
2026-03-27 15:40:49,472 [TRACE] uvicorn.error: ::1:56708 - HTTP connection made
2026-03-27 15:40:49,472 [TRACE] uvicorn.asgi: ::1:56708 - ASGI [5] Started scope={'type': 'http', 'asgi': {'version': '3.0', 'spec_version': '2.3'}, 'http_version': '1.1', 'server': ('::1', 8003), 'client': ('::1', 56708), 'scheme': 'http', 'method': 'POST', 'root_path': '', 'path': '/mcp/', 'raw_path': b'/mcp/', 'query_string': b'', 'headers': '<...>', 'state': {}}
2026-03-27 15:40:49,473 [TRACE] uvicorn.asgi: ::1:56708 - ASGI [5] Receive {'type': 'http.request', 'body': '<54 bytes>', 'more_body': False}
2026-03-27 15:40:49,473 [TRACE] uvicorn.asgi: ::1:56708 - ASGI [5] Send {'type': 'http.response.start', 'status': <HTTPStatus.ACCEPTED: 202>, 'headers': '<...>'}
2026-03-27 15:40:49,474 [INFO] uvicorn.access: ::1:56708 - "POST /mcp/ HTTP/1.1" 202
2026-03-27 15:40:49,474 [TRACE] uvicorn.asgi: ::1:56708 - ASGI [5] Send {'type': 'http.response.body', 'body': '<0 bytes>'}
2026-03-27 15:40:49,475 [TRACE] uvicorn.asgi: ::1:56708 - ASGI [5] Completed
2026-03-27 15:40:49,476 [TRACE] uvicorn.asgi: ::1:56708 - ASGI [6] Started scope={'type': 'http', 'asgi': {'version': '3.0', 'spec_version': '2.3'}, 'http_version': '1.1', 'server': ('::1', 8003), 'client': ('::1', 56708), 'scheme': 'http', 'method': 'GET', 'root_path': '', 'path': '/mcp', 'raw_path': b'/mcp', 'query_string': b'', 'headers': '<...>', 'state': {}}
2026-03-27 15:40:49,476 [TRACE] uvicorn.asgi: ::1:56708 - ASGI [6] Send {'type': 'http.response.start', 'status': 307, 'headers': '<...>'}
2026-03-27 15:40:49,476 [INFO] uvicorn.access: ::1:56708 - "GET /mcp HTTP/1.1" 307
2026-03-27 15:40:49,477 [TRACE] uvicorn.asgi: ::1:56708 - ASGI [6] Send {'type': 'http.response.body', 'body': '<0 bytes>'}
2026-03-27 15:40:49,477 [TRACE] uvicorn.asgi: ::1:56708 - ASGI [6] Completed
2026-03-27 15:40:49,477 [TRACE] uvicorn.error: ::1:56708 - HTTP connection lost
2026-03-27 15:40:49,478 [TRACE] uvicorn.error: ::1:56709 - HTTP connection made
2026-03-27 15:40:49,478 [TRACE] uvicorn.asgi: ::1:56709 - ASGI [7] Started scope={'type': 'http', 'asgi': {'version': '3.0', 'spec_version': '2.3'}, 'http_version': '1.1', 'server': ('::1', 8003), 'client': ('::1', 56709), 'scheme': 'http', 'method': 'GET', 'root_path': '', 'path': '/mcp/', 'raw_path': b'/mcp/', 'query_string': b'', 'headers': '<...>', 'state': {}}
2026-03-27 15:40:49,478 [TRACE] uvicorn.asgi: ::1:56709 - ASGI [7] Send {'type': 'http.response.start', 'status': 200, 'headers': '<...>'}
2026-03-27 15:40:49,478 [INFO] uvicorn.access: ::1:56709 - "GET /mcp/ HTTP/1.1" 200
2026-03-27 15:40:49,479 [TRACE] uvicorn.asgi: ::1:56709 - ASGI [7] Receive {'type': 'http.request', 'body': '<0 bytes>', 'more_body': False}
2026-03-27 15:40:52,743 [TRACE] uvicorn.error: ::1:56713 - HTTP connection made
2026-03-27 15:40:52,743 [TRACE] uvicorn.asgi: ::1:56713 - ASGI [8] Started scope={'type': 'http', 'asgi': {'version': '3.0', 'spec_version': '2.3'}, 'http_version': '1.1', 'server': ('::1', 8003), 'client': ('::1', 56713), 'scheme': 'http', 'method': 'POST', 'root_path': '', 'path': '/mcp', 'raw_path': b'/mcp', 'query_string': b'', 'headers': '<...>', 'state': {}}
2026-03-27 15:40:52,743 [TRACE] uvicorn.asgi: ::1:56713 - ASGI [8] Send {'type': 'http.response.start', 'status': 307, 'headers': '<...>'}
2026-03-27 15:40:52,743 [INFO] uvicorn.access: ::1:56713 - "POST /mcp HTTP/1.1" 307
2026-03-27 15:40:52,743 [TRACE] uvicorn.asgi: ::1:56713 - ASGI [8] Send {'type': 'http.response.body', 'body': '<0 bytes>'}
2026-03-27 15:40:52,743 [TRACE] uvicorn.asgi: ::1:56713 - ASGI [8] Completed
2026-03-27 15:40:52,744 [TRACE] uvicorn.error: ::1:56713 - HTTP connection lost
2026-03-27 15:40:52,744 [TRACE] uvicorn.error: ::1:56714 - HTTP connection made
2026-03-27 15:40:52,744 [TRACE] uvicorn.asgi: ::1:56714 - ASGI [9] Started scope={'type': 'http', 'asgi': {'version': '3.0', 'spec_version': '2.3'}, 'http_version': '1.1', 'server': ('::1', 8003), 'client': ('::1', 56714), 'scheme': 'http', 'method': 'POST', 'root_path': '', 'path': '/mcp/', 'raw_path': b'/mcp/', 'query_string': b'', 'headers': '<...>', 'state': {}}
2026-03-27 15:40:52,745 [TRACE] uvicorn.asgi: ::1:56714 - ASGI [9] Receive {'type': 'http.request', 'body': '<87 bytes>', 'more_body': False}
2026-03-27 15:40:52,745 [TRACE] uvicorn.asgi: ::1:56714 - ASGI [9] Send {'type': 'http.response.start', 'status': 200, 'headers': '<...>'}
2026-03-27 15:40:52,745 [INFO] uvicorn.access: ::1:56714 - "POST /mcp/ HTTP/1.1" 200
2026-03-27 15:40:52,745 [INFO] mcp.server.lowlevel.server: Processing request of type ListPromptsRequest
2026-03-27 15:40:52,747 [TRACE] uvicorn.asgi: ::1:56714 - ASGI [9] Send {'type': 'http.response.body', 'body': '<351 bytes>', 'more_body': True}
2026-03-27 15:40:52,747 [TRACE] uvicorn.asgi: ::1:56714 - ASGI [9] Send {'type': 'http.response.body', 'body': '<0 bytes>', 'more_body': False}
2026-03-27 15:40:52,747 [TRACE] uvicorn.asgi: ::1:56714 - ASGI [9] Receive {'type': 'http.disconnect'}
2026-03-27 15:40:52,747 [TRACE] uvicorn.asgi: ::1:56714 - ASGI [9] Completed
2026-03-27 15:40:54,634 [TRACE] uvicorn.asgi: ::1:56714 - ASGI [10] Started scope={'type': 'http', 'asgi': {'version': '3.0', 'spec_version': '2.3'}, 'http_version': '1.1', 'server': ('::1', 8003), 'client': ('::1', 56714), 'scheme': 'http', 'method': 'POST', 'root_path': '', 'path': '/mcp', 'raw_path': b'/mcp', 'query_string': b'', 'headers': '<...>', 'state': {}}
2026-03-27 15:40:54,634 [TRACE] uvicorn.asgi: ::1:56714 - ASGI [10] Send {'type': 'http.response.start', 'status': 307, 'headers': '<...>'}
2026-03-27 15:40:54,634 [INFO] uvicorn.access: ::1:56714 - "POST /mcp HTTP/1.1" 307
2026-03-27 15:40:54,634 [TRACE] uvicorn.asgi: ::1:56714 - ASGI [10] Send {'type': 'http.response.body', 'body': '<0 bytes>'}
2026-03-27 15:40:54,634 [TRACE] uvicorn.asgi: ::1:56714 - ASGI [10] Completed
2026-03-27 15:40:54,635 [TRACE] uvicorn.error: ::1:56714 - HTTP connection lost
2026-03-27 15:40:54,636 [TRACE] uvicorn.error: ::1:56715 - HTTP connection made
2026-03-27 15:40:54,636 [TRACE] uvicorn.asgi: ::1:56715 - ASGI [11] Started scope={'type': 'http', 'asgi': {'version': '3.0', 'spec_version': '2.3'}, 'http_version': '1.1', 'server': ('::1', 8003), 'client': ('::1', 56715), 'scheme': 'http', 'method': 'POST', 'root_path': '', 'path': '/mcp/', 'raw_path': b'/mcp/', 'query_string': b'', 'headers': '<...>', 'state': {}}
2026-03-27 15:40:54,636 [TRACE] uvicorn.asgi: ::1:56715 - ASGI [11] Receive {'type': 'http.request', 'body': '<129 bytes>', 'more_body': False}
2026-03-27 15:40:54,636 [TRACE] uvicorn.asgi: ::1:56715 - ASGI [11] Send {'type': 'http.response.start', 'status': 200, 'headers': '<...>'}
2026-03-27 15:40:54,636 [INFO] uvicorn.access: ::1:56715 - "POST /mcp/ HTTP/1.1" 200
2026-03-27 15:40:54,637 [INFO] mcp.server.lowlevel.server: Processing request of type GetPromptRequest
2026-03-27 15:40:54,677 [TRACE] uvicorn.asgi: ::1:56715 - ASGI [11] Send {'type': 'http.response.body', 'body': '<124 bytes>', 'more_body': True}
2026-03-27 15:40:54,678 [TRACE] uvicorn.asgi: ::1:56715 - ASGI [11] Send {'type': 'http.response.body', 'body': '<0 bytes>', 'more_body': False}
2026-03-27 15:40:54,679 [TRACE] uvicorn.asgi: ::1:56715 - ASGI [11] Receive {'type': 'http.disconnect'}
2026-03-27 15:40:54,679 [TRACE] uvicorn.asgi: ::1:56715 - ASGI [11] Completed
2026-03-27 15:40:59,680 [TRACE] uvicorn.error: ::1:56715 - HTTP connection lost
2026-03-27 15:41:04,480 [TRACE] uvicorn.asgi: ::1:56709 - ASGI [7] Send {'type': 'http.response.body', 'body': '<45 bytes>', 'more_body': True}
2026-03-27 15:41:19,481 [TRACE] uvicorn.asgi: ::1:56709 - ASGI [7] Send {'type': 'http.response.body', 'body': '<45 bytes>', 'more_body': True}
2026-03-27 15:41:34,482 [TRACE] uvicorn.asgi: ::1:56709 - ASGI [7] Send {'type': 'http.response.body', 'body': '<45 bytes>', 'more_body': True}
2026-03-27 15:41:49,484 [TRACE] uvicorn.asgi: ::1:56709 - ASGI [7] Send {'type': 'http.response.body', 'body': '<45 bytes>', 'more_body': True}
2026-03-27 15:42:04,485 [TRACE] uvicorn.asgi: ::1:56709 - ASGI [7] Send {'type': 'http.response.body', 'body': '<45 bytes>', 'more_body': True}
2026-03-27 15:42:19,487 [TRACE] uvicorn.asgi: ::1:56709 - ASGI [7] Send {'type': 'http.response.body', 'body': '<45 bytes>', 'more_body': True}
2026-03-27 15:42:34,488 [TRACE] uvicorn.asgi: ::1:56709 - ASGI [7] Send {'type': 'http.response.body', 'body': '<45 bytes>', 'more_body': True}
2026-03-27 15:42:49,490 [TRACE] uvicorn.asgi: ::1:56709 - ASGI [7] Send {'type': 'http.response.body', 'body': '<45 bytes>', 'more_body': True}
2026-03-27 15:43:04,491 [TRACE] uvicorn.asgi: ::1:56709 - ASGI [7] Send {'type': 'http.response.body', 'body': '<45 bytes>', 'more_body': True}
2026-03-27 15:43:19,493 [TRACE] uvicorn.asgi: ::1:56709 - ASGI [7] Send {'type': 'http.response.body', 'body': '<45 bytes>', 'more_body': True}
2026-03-27 15:43:34,295 [TRACE] uvicorn.asgi: ::1:56709 - ASGI [7] Completed
2026-03-27 15:43:34,296 [ERROR] uvicorn.error: ASGI callable returned without completing response.
2026-03-27 15:43:34,296 [TRACE] uvicorn.error: ::1:56709 - HTTP connection lost
2026-03-27 15:43:34,313 [INFO] uvicorn.error: Shutting down
2026-03-27 15:43:34,414 [INFO] uvicorn.error: Waiting for application shutdown.
2026-03-27 15:43:34,414 [TRACE] uvicorn.asgi: ASGI [1] Receive {'type': 'lifespan.shutdown'}
2026-03-27 15:43:34,414 [INFO] mcp.server.streamable_http_manager: StreamableHTTP session manager shutting down
2026-03-27 15:43:34,415 [TRACE] uvicorn.asgi: ASGI [1] Send {'type': 'lifespan.shutdown.complete'}
2026-03-27 15:43:34,415 [TRACE] uvicorn.asgi: ASGI [1] Completed
2026-03-27 15:43:34,415 [INFO] uvicorn.error: Application shutdown complete.
2026-03-27 15:43:34,415 [INFO] uvicorn.error: Finished server process [32096]
2026-03-27 15:43:36,851 [INFO] uvicorn.error: Started server process [36388]
2026-03-27 15:43:36,851 [INFO] uvicorn.error: Waiting for application startup.
2026-03-27 15:43:36,852 [TRACE] uvicorn.asgi: ASGI [1] Started scope={'type': 'lifespan', 'asgi': {'version': '3.0', 'spec_version': '2.0'}, 'state': {}}
2026-03-27 15:43:36,852 [TRACE] uvicorn.asgi: ASGI [1] Receive {'type': 'lifespan.startup'}
2026-03-27 15:43:36,854 [INFO] mcp.server.streamable_http_manager: StreamableHTTP session manager started
2026-03-27 15:43:36,854 [TRACE] uvicorn.asgi: ASGI [1] Send {'type': 'lifespan.startup.complete'}
2026-03-27 15:43:36,854 [INFO] uvicorn.error: Application startup complete.
2026-03-27 15:43:36,856 [INFO] uvicorn.error: Uvicorn running on http://localhost:8003 (Press CTRL+C to quit)
2026-03-27 15:45:41,327 [TRACE] uvicorn.error: ::1:56787 - HTTP connection made
2026-03-27 15:45:41,328 [TRACE] uvicorn.asgi: ::1:56787 - ASGI [2] Started scope={'type': 'http', 'asgi': {'version': '3.0', 'spec_version': '2.3'}, 'http_version': '1.1', 'server': ('::1', 8003), 'client': ('::1', 56787), 'scheme': 'http', 'method': 'POST', 'root_path': '', 'path': '/mcp', 'raw_path': b'/mcp', 'query_string': b'', 'headers': '<...>', 'state': {}}
2026-03-27 15:45:41,328 [TRACE] uvicorn.asgi: ::1:56787 - ASGI [2] Send {'type': 'http.response.start', 'status': 307, 'headers': '<...>'}
2026-03-27 15:45:41,328 [INFO] uvicorn.access: ::1:56787 - "POST /mcp HTTP/1.1" 307
2026-03-27 15:45:41,328 [TRACE] uvicorn.asgi: ::1:56787 - ASGI [2] Send {'type': 'http.response.body', 'body': '<0 bytes>'}
2026-03-27 15:45:41,329 [TRACE] uvicorn.asgi: ::1:56787 - ASGI [2] Completed
2026-03-27 15:45:41,331 [TRACE] uvicorn.error: ::1:56787 - HTTP connection lost
2026-03-27 15:45:41,332 [TRACE] uvicorn.error: ::1:56788 - HTTP connection made
2026-03-27 15:45:41,332 [TRACE] uvicorn.asgi: ::1:56788 - ASGI [3] Started scope={'type': 'http', 'asgi': {'version': '3.0', 'spec_version': '2.3'}, 'http_version': '1.1', 'server': ('::1', 8003), 'client': ('::1', 56788), 'scheme': 'http', 'method': 'POST', 'root_path': '', 'path': '/mcp/', 'raw_path': b'/mcp/', 'query_string': b'', 'headers': '<...>', 'state': {}}
2026-03-27 15:45:41,332 [INFO] mcp.server.streamable_http_manager: Created new transport with session ID: 63a38fe36cbf4c498f56fcff797da839
2026-03-27 15:45:41,332 [TRACE] uvicorn.asgi: ::1:56788 - ASGI [3] Receive {'type': 'http.request', 'body': '<330 bytes>', 'more_body': False}
2026-03-27 15:45:41,336 [TRACE] uvicorn.asgi: ::1:56788 - ASGI [3] Send {'type': 'http.response.start', 'status': 200, 'headers': '<...>'}
2026-03-27 15:45:41,336 [INFO] uvicorn.access: ::1:56788 - "POST /mcp/ HTTP/1.1" 200
2026-03-27 15:45:41,336 [TRACE] uvicorn.asgi: ::1:56788 - ASGI [3] Send {'type': 'http.response.body', 'body': '<431 bytes>', 'more_body': True}
2026-03-27 15:45:41,337 [TRACE] uvicorn.asgi: ::1:56788 - ASGI [3] Send {'type': 'http.response.body', 'body': '<0 bytes>', 'more_body': False}
2026-03-27 15:45:41,337 [TRACE] uvicorn.asgi: ::1:56788 - ASGI [3] Receive {'type': 'http.disconnect'}
2026-03-27 15:45:41,337 [TRACE] uvicorn.asgi: ::1:56788 - ASGI [3] Completed
2026-03-27 15:45:41,348 [TRACE] uvicorn.asgi: ::1:56788 - ASGI [4] Started scope={'type': 'http', 'asgi': {'version': '3.0', 'spec_version': '2.3'}, 'http_version': '1.1', 'server': ('::1', 8003), 'client': ('::1', 56788), 'scheme': 'http', 'method': 'POST', 'root_path': '', 'path': '/mcp', 'raw_path': b'/mcp', 'query_string': b'', 'headers': '<...>', 'state': {}}
2026-03-27 15:45:41,348 [TRACE] uvicorn.asgi: ::1:56788 - ASGI [4] Send {'type': 'http.response.start', 'status': 307, 'headers': '<...>'}
2026-03-27 15:45:41,348 [INFO] uvicorn.access: ::1:56788 - "POST /mcp HTTP/1.1" 307
2026-03-27 15:45:41,348 [TRACE] uvicorn.asgi: ::1:56788 - ASGI [4] Send {'type': 'http.response.body', 'body': '<0 bytes>'}
2026-03-27 15:45:41,348 [TRACE] uvicorn.asgi: ::1:56788 - ASGI [4] Completed
2026-03-27 15:45:41,348 [TRACE] uvicorn.error: ::1:56788 - HTTP connection lost
2026-03-27 15:45:41,350 [TRACE] uvicorn.error: ::1:56789 - HTTP connection made
2026-03-27 15:45:41,350 [TRACE] uvicorn.asgi: ::1:56789 - ASGI [5] Started scope={'type': 'http', 'asgi': {'version': '3.0', 'spec_version': '2.3'}, 'http_version': '1.1', 'server': ('::1', 8003), 'client': ('::1', 56789), 'scheme': 'http', 'method': 'POST', 'root_path': '', 'path': '/mcp/', 'raw_path': b'/mcp/', 'query_string': b'', 'headers': '<...>', 'state': {}}
2026-03-27 15:45:41,350 [TRACE] uvicorn.asgi: ::1:56789 - ASGI [5] Receive {'type': 'http.request', 'body': '<54 bytes>', 'more_body': False}
2026-03-27 15:45:41,350 [TRACE] uvicorn.asgi: ::1:56789 - ASGI [5] Send {'type': 'http.response.start', 'status': <HTTPStatus.ACCEPTED: 202>, 'headers': '<...>'}
2026-03-27 15:45:41,350 [INFO] uvicorn.access: ::1:56789 - "POST /mcp/ HTTP/1.1" 202
2026-03-27 15:45:41,350 [TRACE] uvicorn.asgi: ::1:56789 - ASGI [5] Send {'type': 'http.response.body', 'body': '<0 bytes>'}
2026-03-27 15:45:41,351 [TRACE] uvicorn.asgi: ::1:56789 - ASGI [5] Completed
2026-03-27 15:45:41,352 [TRACE] uvicorn.asgi: ::1:56789 - ASGI [6] Started scope={'type': 'http', 'asgi': {'version': '3.0', 'spec_version': '2.3'}, 'http_version': '1.1', 'server': ('::1', 8003), 'client': ('::1', 56789), 'scheme': 'http', 'method': 'GET', 'root_path': '', 'path': '/mcp', 'raw_path': b'/mcp', 'query_string': b'', 'headers': '<...>', 'state': {}}
2026-03-27 15:45:41,352 [TRACE] uvicorn.asgi: ::1:56789 - ASGI [6] Send {'type': 'http.response.start', 'status': 307, 'headers': '<...>'}
2026-03-27 15:45:41,352 [INFO] uvicorn.access: ::1:56789 - "GET /mcp HTTP/1.1" 307
2026-03-27 15:45:41,352 [TRACE] uvicorn.asgi: ::1:56789 - ASGI [6] Send {'type': 'http.response.body', 'body': '<0 bytes>'}
2026-03-27 15:45:41,352 [TRACE] uvicorn.asgi: ::1:56789 - ASGI [6] Completed
2026-03-27 15:45:41,353 [TRACE] uvicorn.error: ::1:56789 - HTTP connection lost
2026-03-27 15:45:41,354 [TRACE] uvicorn.error: ::1:56790 - HTTP connection made
2026-03-27 15:45:41,354 [TRACE] uvicorn.asgi: ::1:56790 - ASGI [7] Started scope={'type': 'http', 'asgi': {'version': '3.0', 'spec_version': '2.3'}, 'http_version': '1.1', 'server': ('::1', 8003), 'client': ('::1', 56790), 'scheme': 'http', 'method': 'GET', 'root_path': '', 'path': '/mcp/', 'raw_path': b'/mcp/', 'query_string': b'', 'headers': '<...>', 'state': {}}
2026-03-27 15:45:41,354 [TRACE] uvicorn.asgi: ::1:56790 - ASGI [7] Send {'type': 'http.response.start', 'status': 200, 'headers': '<...>'}
2026-03-27 15:45:41,354 [INFO] uvicorn.access: ::1:56790 - "GET /mcp/ HTTP/1.1" 200
2026-03-27 15:45:41,354 [TRACE] uvicorn.asgi: ::1:56790 - ASGI [7] Receive {'type': 'http.request', 'body': '<0 bytes>', 'more_body': False}
2026-03-27 15:45:44,816 [TRACE] uvicorn.error: ::1:56792 - HTTP connection made
2026-03-27 15:45:44,817 [TRACE] uvicorn.asgi: ::1:56792 - ASGI [8] Started scope={'type': 'http', 'asgi': {'version': '3.0', 'spec_version': '2.3'}, 'http_version': '1.1', 'server': ('::1', 8003), 'client': ('::1', 56792), 'scheme': 'http', 'method': 'POST', 'root_path': '', 'path': '/mcp', 'raw_path': b'/mcp', 'query_string': b'', 'headers': '<...>', 'state': {}}
2026-03-27 15:45:44,818 [TRACE] uvicorn.asgi: ::1:56792 - ASGI [8] Send {'type': 'http.response.start', 'status': 307, 'headers': '<...>'}
2026-03-27 15:45:44,818 [INFO] uvicorn.access: ::1:56792 - "POST /mcp HTTP/1.1" 307
2026-03-27 15:45:44,818 [TRACE] uvicorn.asgi: ::1:56792 - ASGI [8] Send {'type': 'http.response.body', 'body': '<0 bytes>'}
2026-03-27 15:45:44,818 [TRACE] uvicorn.asgi: ::1:56792 - ASGI [8] Completed
2026-03-27 15:45:44,819 [TRACE] uvicorn.error: ::1:56792 - HTTP connection lost
2026-03-27 15:45:44,819 [TRACE] uvicorn.error: ::1:56793 - HTTP connection made
2026-03-27 15:45:44,820 [TRACE] uvicorn.asgi: ::1:56793 - ASGI [9] Started scope={'type': 'http', 'asgi': {'version': '3.0', 'spec_version': '2.3'}, 'http_version': '1.1', 'server': ('::1', 8003), 'client': ('::1', 56793), 'scheme': 'http', 'method': 'POST', 'root_path': '', 'path': '/mcp/', 'raw_path': b'/mcp/', 'query_string': b'', 'headers': '<...>', 'state': {}}
2026-03-27 15:45:44,820 [TRACE] uvicorn.asgi: ::1:56793 - ASGI [9] Receive {'type': 'http.request', 'body': '<87 bytes>', 'more_body': False}
2026-03-27 15:45:44,820 [TRACE] uvicorn.asgi: ::1:56793 - ASGI [9] Send {'type': 'http.response.start', 'status': 200, 'headers': '<...>'}
2026-03-27 15:45:44,820 [INFO] uvicorn.access: ::1:56793 - "POST /mcp/ HTTP/1.1" 200
2026-03-27 15:45:44,821 [INFO] mcp.server.lowlevel.server: Processing request of type ListPromptsRequest
2026-03-27 15:45:44,822 [TRACE] uvicorn.asgi: ::1:56793 - ASGI [9] Send {'type': 'http.response.body', 'body': '<502 bytes>', 'more_body': True}
2026-03-27 15:45:44,822 [TRACE] uvicorn.asgi: ::1:56793 - ASGI [9] Send {'type': 'http.response.body', 'body': '<0 bytes>', 'more_body': False}
2026-03-27 15:45:44,822 [TRACE] uvicorn.asgi: ::1:56793 - ASGI [9] Receive {'type': 'http.disconnect'}
2026-03-27 15:45:44,823 [TRACE] uvicorn.asgi: ::1:56793 - ASGI [9] Completed
2026-03-27 15:45:49,823 [TRACE] uvicorn.error: ::1:56793 - HTTP connection lost
2026-03-27 15:45:53,704 [TRACE] uvicorn.error: ::1:56796 - HTTP connection made
2026-03-27 15:45:53,705 [TRACE] uvicorn.asgi: ::1:56796 - ASGI [10] Started scope={'type': 'http', 'asgi': {'version': '3.0', 'spec_version': '2.3'}, 'http_version': '1.1', 'server': ('::1', 8003), 'client': ('::1', 56796), 'scheme': 'http', 'method': 'POST', 'root_path': '', 'path': '/mcp', 'raw_path': b'/mcp', 'query_string': b'', 'headers': '<...>', 'state': {}}
2026-03-27 15:45:53,705 [TRACE] uvicorn.asgi: ::1:56796 - ASGI [10] Send {'type': 'http.response.start', 'status': 307, 'headers': '<...>'}
2026-03-27 15:45:53,705 [INFO] uvicorn.access: ::1:56796 - "POST /mcp HTTP/1.1" 307
2026-03-27 15:45:53,705 [TRACE] uvicorn.asgi: ::1:56796 - ASGI [10] Send {'type': 'http.response.body', 'body': '<0 bytes>'}
2026-03-27 15:45:53,705 [TRACE] uvicorn.asgi: ::1:56796 - ASGI [10] Completed
2026-03-27 15:45:53,706 [TRACE] uvicorn.error: ::1:56796 - HTTP connection lost
2026-03-27 15:45:53,706 [TRACE] uvicorn.error: ::1:56797 - HTTP connection made
2026-03-27 15:45:53,706 [TRACE] uvicorn.asgi: ::1:56797 - ASGI [11] Started scope={'type': 'http', 'asgi': {'version': '3.0', 'spec_version': '2.3'}, 'http_version': '1.1', 'server': ('::1', 8003), 'client': ('::1', 56797), 'scheme': 'http', 'method': 'POST', 'root_path': '', 'path': '/mcp/', 'raw_path': b'/mcp/', 'query_string': b'', 'headers': '<...>', 'state': {}}
2026-03-27 15:45:53,707 [TRACE] uvicorn.asgi: ::1:56797 - ASGI [11] Receive {'type': 'http.request', 'body': '<129 bytes>', 'more_body': False}
2026-03-27 15:45:53,707 [TRACE] uvicorn.asgi: ::1:56797 - ASGI [11] Send {'type': 'http.response.start', 'status': 200, 'headers': '<...>'}
2026-03-27 15:45:53,707 [INFO] uvicorn.access: ::1:56797 - "POST /mcp/ HTTP/1.1" 200
2026-03-27 15:45:53,707 [INFO] mcp.server.lowlevel.server: Processing request of type GetPromptRequest
2026-03-27 15:45:53,713 [TRACE] uvicorn.asgi: ::1:56797 - ASGI [11] Send {'type': 'http.response.body', 'body': '<199 bytes>', 'more_body': True}
2026-03-27 15:45:53,713 [TRACE] uvicorn.asgi: ::1:56797 - ASGI [11] Send {'type': 'http.response.body', 'body': '<0 bytes>', 'more_body': False}
2026-03-27 15:45:53,713 [TRACE] uvicorn.asgi: ::1:56797 - ASGI [11] Receive {'type': 'http.disconnect'}
2026-03-27 15:45:53,714 [TRACE] uvicorn.asgi: ::1:56797 - ASGI [11] Completed
2026-03-27 15:45:56,356 [TRACE] uvicorn.asgi: ::1:56790 - ASGI [7] Send {'type': 'http.response.body', 'body': '<45 bytes>', 'more_body': True}
2026-03-27 15:45:58,715 [TRACE] uvicorn.error: ::1:56797 - HTTP connection lost
2026-03-27 15:46:11,357 [TRACE] uvicorn.asgi: ::1:56790 - ASGI [7] Send {'type': 'http.response.body', 'body': '<45 bytes>', 'more_body': True}
2026-03-27 15:46:26,358 [TRACE] uvicorn.asgi: ::1:56790 - ASGI [7] Send {'type': 'http.response.body', 'body': '<45 bytes>', 'more_body': True}
2026-03-27 15:46:41,360 [TRACE] uvicorn.asgi: ::1:56790 - ASGI [7] Send {'type': 'http.response.body', 'body': '<45 bytes>', 'more_body': True}
2026-03-27 15:46:56,361 [TRACE] uvicorn.asgi: ::1:56790 - ASGI [7] Send {'type': 'http.response.body', 'body': '<45 bytes>', 'more_body': True}
2026-03-27 15:47:11,363 [TRACE] uvicorn.asgi: ::1:56790 - ASGI [7] Send {'type': 'http.response.body', 'body': '<45 bytes>', 'more_body': True}
2026-03-27 15:47:21,698 [TRACE] uvicorn.error: ::1:56813 - HTTP connection made
2026-03-27 15:47:21,698 [TRACE] uvicorn.asgi: ::1:56813 - ASGI [12] Started scope={'type': 'http', 'asgi': {'version': '3.0', 'spec_version': '2.3'}, 'http_version': '1.1', 'server': ('::1', 8003), 'client': ('::1', 56813), 'scheme': 'http', 'method': 'POST', 'root_path': '', 'path': '/mcp', 'raw_path': b'/mcp', 'query_string': b'', 'headers': '<...>', 'state': {}}
2026-03-27 15:47:21,698 [TRACE] uvicorn.asgi: ::1:56813 - ASGI [12] Send {'type': 'http.response.start', 'status': 307, 'headers': '<...>'}
2026-03-27 15:47:21,698 [INFO] uvicorn.access: ::1:56813 - "POST /mcp HTTP/1.1" 307
2026-03-27 15:47:21,698 [TRACE] uvicorn.asgi: ::1:56813 - ASGI [12] Send {'type': 'http.response.body', 'body': '<0 bytes>'}
2026-03-27 15:47:21,698 [TRACE] uvicorn.asgi: ::1:56813 - ASGI [12] Completed
2026-03-27 15:47:21,699 [TRACE] uvicorn.error: ::1:56813 - HTTP connection lost
2026-03-27 15:47:21,699 [TRACE] uvicorn.error: ::1:56814 - HTTP connection made
2026-03-27 15:47:21,699 [TRACE] uvicorn.asgi: ::1:56814 - ASGI [13] Started scope={'type': 'http', 'asgi': {'version': '3.0', 'spec_version': '2.3'}, 'http_version': '1.1', 'server': ('::1', 8003), 'client': ('::1', 56814), 'scheme': 'http', 'method': 'POST', 'root_path': '', 'path': '/mcp/', 'raw_path': b'/mcp/', 'query_string': b'', 'headers': '<...>', 'state': {}}
2026-03-27 15:47:21,700 [TRACE] uvicorn.asgi: ::1:56814 - ASGI [13] Receive {'type': 'http.request', 'body': '<186 bytes>', 'more_body': False}
2026-03-27 15:47:21,700 [TRACE] uvicorn.asgi: ::1:56814 - ASGI [13] Send {'type': 'http.response.start', 'status': 200, 'headers': '<...>'}
2026-03-27 15:47:21,700 [INFO] uvicorn.access: ::1:56814 - "POST /mcp/ HTTP/1.1" 200
2026-03-27 15:47:21,700 [INFO] mcp.server.lowlevel.server: Processing request of type GetPromptRequest
2026-03-27 15:47:21,708 [TRACE] uvicorn.asgi: ::1:56814 - ASGI [13] Send {'type': 'http.response.body', 'body': '<124 bytes>', 'more_body': True}
2026-03-27 15:47:21,709 [TRACE] uvicorn.asgi: ::1:56814 - ASGI [13] Send {'type': 'http.response.body', 'body': '<0 bytes>', 'more_body': False}
2026-03-27 15:47:21,709 [TRACE] uvicorn.asgi: ::1:56814 - ASGI [13] Receive {'type': 'http.disconnect'}
2026-03-27 15:47:21,709 [TRACE] uvicorn.asgi: ::1:56814 - ASGI [13] Completed
2026-03-27 15:47:26,364 [TRACE] uvicorn.asgi: ::1:56790 - ASGI [7] Send {'type': 'http.response.body', 'body': '<45 bytes>', 'more_body': True}
2026-03-27 15:47:26,709 [TRACE] uvicorn.error: ::1:56814 - HTTP connection lost
2026-03-27 15:47:39,646 [INFO] uvicorn.error: Shutting down
2026-03-27 15:47:39,747 [INFO] uvicorn.error: Waiting for connections to close. (CTRL+C to force quit)
2026-03-27 15:47:40,090 [TRACE] uvicorn.asgi: ::1:56790 - ASGI [7] Completed
2026-03-27 15:47:40,090 [ERROR] uvicorn.error: ASGI callable returned without completing response.
2026-03-27 15:47:40,090 [TRACE] uvicorn.error: ::1:56790 - HTTP connection lost
2026-03-27 15:47:40,157 [INFO] uvicorn.error: Waiting for application shutdown.
2026-03-27 15:47:40,158 [TRACE] uvicorn.asgi: ASGI [1] Receive {'type': 'lifespan.shutdown'}
2026-03-27 15:47:40,158 [INFO] mcp.server.streamable_http_manager: StreamableHTTP session manager shutting down
2026-03-27 15:47:40,159 [TRACE] uvicorn.asgi: ASGI [1] Send {'type': 'lifespan.shutdown.complete'}
2026-03-27 15:47:40,159 [TRACE] uvicorn.asgi: ASGI [1] Completed
2026-03-27 15:47:40,160 [INFO] uvicorn.error: Application shutdown complete.
2026-03-27 15:47:40,160 [INFO] uvicorn.error: Finished server process [36388]
2026-03-27 15:47:54,644 [INFO] uvicorn.error: Started server process [40147]
2026-03-27 15:47:54,644 [INFO] uvicorn.error: Waiting for application startup.
2026-03-27 15:47:54,645 [TRACE] uvicorn.asgi: ASGI [1] Started scope={'type': 'lifespan', 'asgi': {'version': '3.0', 'spec_version': '2.0'}, 'state': {}}
2026-03-27 15:47:54,645 [TRACE] uvicorn.asgi: ASGI [1] Receive {'type': 'lifespan.startup'}
2026-03-27 15:47:54,646 [INFO] mcp.server.streamable_http_manager: StreamableHTTP session manager started
2026-03-27 15:47:54,646 [TRACE] uvicorn.asgi: ASGI [1] Send {'type': 'lifespan.startup.complete'}
2026-03-27 15:47:54,646 [INFO] uvicorn.error: Application startup complete.
2026-03-27 15:47:54,649 [INFO] uvicorn.error: Uvicorn running on http://localhost:8003 (Press CTRL+C to quit)
2026-03-27 15:54:28,141 [TRACE] uvicorn.error: ::1:56872 - HTTP connection made
2026-03-27 15:54:28,142 [TRACE] uvicorn.asgi: ::1:56872 - ASGI [2] Started scope={'type': 'http', 'asgi': {'version': '3.0', 'spec_version': '2.3'}, 'http_version': '1.1', 'server': ('::1', 8003), 'client': ('::1', 56872), 'scheme': 'http', 'method': 'POST', 'root_path': '', 'path': '/mcp', 'raw_path': b'/mcp', 'query_string': b'', 'headers': '<...>', 'state': {}}
2026-03-27 15:54:28,142 [TRACE] uvicorn.asgi: ::1:56872 - ASGI [2] Send {'type': 'http.response.start', 'status': 307, 'headers': '<...>'}
2026-03-27 15:54:28,142 [INFO] uvicorn.access: ::1:56872 - "POST /mcp HTTP/1.1" 307
2026-03-27 15:54:28,142 [TRACE] uvicorn.asgi: ::1:56872 - ASGI [2] Send {'type': 'http.response.body', 'body': '<0 bytes>'}
2026-03-27 15:54:28,142 [TRACE] uvicorn.asgi: ::1:56872 - ASGI [2] Completed
2026-03-27 15:54:28,143 [TRACE] uvicorn.error: ::1:56872 - HTTP connection lost
2026-03-27 15:54:28,144 [TRACE] uvicorn.error: ::1:56873 - HTTP connection made
2026-03-27 15:54:28,145 [TRACE] uvicorn.asgi: ::1:56873 - ASGI [3] Started scope={'type': 'http', 'asgi': {'version': '3.0', 'spec_version': '2.3'}, 'http_version': '1.1', 'server': ('::1', 8003), 'client': ('::1', 56873), 'scheme': 'http', 'method': 'POST', 'root_path': '', 'path': '/mcp/', 'raw_path': b'/mcp/', 'query_string': b'', 'headers': '<...>', 'state': {}}
2026-03-27 15:54:28,145 [INFO] mcp.server.streamable_http_manager: Created new transport with session ID: 6cad9c3196e742e2a729047b1a755ce0
2026-03-27 15:54:28,145 [TRACE] uvicorn.asgi: ::1:56873 - ASGI [3] Receive {'type': 'http.request', 'body': '<330 bytes>', 'more_body': False}
2026-03-27 15:54:28,148 [TRACE] uvicorn.asgi: ::1:56873 - ASGI [3] Send {'type': 'http.response.start', 'status': 200, 'headers': '<...>'}
2026-03-27 15:54:28,148 [INFO] uvicorn.access: ::1:56873 - "POST /mcp/ HTTP/1.1" 200
2026-03-27 15:54:28,149 [TRACE] uvicorn.asgi: ::1:56873 - ASGI [3] Send {'type': 'http.response.body', 'body': '<431 bytes>', 'more_body': True}
2026-03-27 15:54:28,149 [TRACE] uvicorn.asgi: ::1:56873 - ASGI [3] Send {'type': 'http.response.body', 'body': '<0 bytes>', 'more_body': False}
2026-03-27 15:54:28,149 [TRACE] uvicorn.asgi: ::1:56873 - ASGI [3] Receive {'type': 'http.disconnect'}
2026-03-27 15:54:28,149 [TRACE] uvicorn.asgi: ::1:56873 - ASGI [3] Completed
2026-03-27 15:54:28,161 [TRACE] uvicorn.asgi: ::1:56873 - ASGI [4] Started scope={'type': 'http', 'asgi': {'version': '3.0', 'spec_version': '2.3'}, 'http_version': '1.1', 'server': ('::1', 8003), 'client': ('::1', 56873), 'scheme': 'http', 'method': 'POST', 'root_path': '', 'path': '/mcp', 'raw_path': b'/mcp', 'query_string': b'', 'headers': '<...>', 'state': {}}
2026-03-27 15:54:28,161 [TRACE] uvicorn.asgi: ::1:56873 - ASGI [4] Send {'type': 'http.response.start', 'status': 307, 'headers': '<...>'}
2026-03-27 15:54:28,161 [INFO] uvicorn.access: ::1:56873 - "POST /mcp HTTP/1.1" 307
2026-03-27 15:54:28,162 [TRACE] uvicorn.asgi: ::1:56873 - ASGI [4] Send {'type': 'http.response.body', 'body': '<0 bytes>'}
2026-03-27 15:54:28,162 [TRACE] uvicorn.asgi: ::1:56873 - ASGI [4] Completed
2026-03-27 15:54:28,162 [TRACE] uvicorn.error: ::1:56873 - HTTP connection lost
2026-03-27 15:54:28,163 [TRACE] uvicorn.error: ::1:56874 - HTTP connection made
2026-03-27 15:54:28,163 [TRACE] uvicorn.asgi: ::1:56874 - ASGI [5] Started scope={'type': 'http', 'asgi': {'version': '3.0', 'spec_version': '2.3'}, 'http_version': '1.1', 'server': ('::1', 8003), 'client': ('::1', 56874), 'scheme': 'http', 'method': 'POST', 'root_path': '', 'path': '/mcp/', 'raw_path': b'/mcp/', 'query_string': b'', 'headers': '<...>', 'state': {}}
2026-03-27 15:54:28,163 [TRACE] uvicorn.asgi: ::1:56874 - ASGI [5] Receive {'type': 'http.request', 'body': '<54 bytes>', 'more_body': False}
2026-03-27 15:54:28,163 [TRACE] uvicorn.asgi: ::1:56874 - ASGI [5] Send {'type': 'http.response.start', 'status': <HTTPStatus.ACCEPTED: 202>, 'headers': '<...>'}
2026-03-27 15:54:28,163 [INFO] uvicorn.access: ::1:56874 - "POST /mcp/ HTTP/1.1" 202
2026-03-27 15:54:28,163 [TRACE] uvicorn.asgi: ::1:56874 - ASGI [5] Send {'type': 'http.response.body', 'body': '<0 bytes>'}
2026-03-27 15:54:28,163 [TRACE] uvicorn.asgi: ::1:56874 - ASGI [5] Completed
2026-03-27 15:54:28,164 [TRACE] uvicorn.asgi: ::1:56874 - ASGI [6] Started scope={'type': 'http', 'asgi': {'version': '3.0', 'spec_version': '2.3'}, 'http_version': '1.1', 'server': ('::1', 8003), 'client': ('::1', 56874), 'scheme': 'http', 'method': 'GET', 'root_path': '', 'path': '/mcp', 'raw_path': b'/mcp', 'query_string': b'', 'headers': '<...>', 'state': {}}
2026-03-27 15:54:28,164 [TRACE] uvicorn.asgi: ::1:56874 - ASGI [6] Send {'type': 'http.response.start', 'status': 307, 'headers': '<...>'}
2026-03-27 15:54:28,164 [INFO] uvicorn.access: ::1:56874 - "GET /mcp HTTP/1.1" 307
2026-03-27 15:54:28,165 [TRACE] uvicorn.asgi: ::1:56874 - ASGI [6] Send {'type': 'http.response.body', 'body': '<0 bytes>'}
2026-03-27 15:54:28,165 [TRACE] uvicorn.asgi: ::1:56874 - ASGI [6] Completed
2026-03-27 15:54:28,165 [TRACE] uvicorn.error: ::1:56874 - HTTP connection lost
2026-03-27 15:54:28,166 [TRACE] uvicorn.error: ::1:56875 - HTTP connection made
2026-03-27 15:54:28,166 [TRACE] uvicorn.asgi: ::1:56875 - ASGI [7] Started scope={'type': 'http', 'asgi': {'version': '3.0', 'spec_version': '2.3'}, 'http_version': '1.1', 'server': ('::1', 8003), 'client': ('::1', 56875), 'scheme': 'http', 'method': 'GET', 'root_path': '', 'path': '/mcp/', 'raw_path': b'/mcp/', 'query_string': b'', 'headers': '<...>', 'state': {}}
2026-03-27 15:54:28,166 [TRACE] uvicorn.asgi: ::1:56875 - ASGI [7] Send {'type': 'http.response.start', 'status': 200, 'headers': '<...>'}
2026-03-27 15:54:28,166 [INFO] uvicorn.access: ::1:56875 - "GET /mcp/ HTTP/1.1" 200
2026-03-27 15:54:28,166 [TRACE] uvicorn.asgi: ::1:56875 - ASGI [7] Receive {'type': 'http.request', 'body': '<0 bytes>', 'more_body': False}
2026-03-27 15:54:31,165 [TRACE] uvicorn.error: ::1:56877 - HTTP connection made
2026-03-27 15:54:31,167 [TRACE] uvicorn.asgi: ::1:56877 - ASGI [8] Started scope={'type': 'http', 'asgi': {'version': '3.0', 'spec_version': '2.3'}, 'http_version': '1.1', 'server': ('::1', 8003), 'client': ('::1', 56877), 'scheme': 'http', 'method': 'POST', 'root_path': '', 'path': '/mcp', 'raw_path': b'/mcp', 'query_string': b'', 'headers': '<...>', 'state': {}}
2026-03-27 15:54:31,167 [TRACE] uvicorn.asgi: ::1:56877 - ASGI [8] Send {'type': 'http.response.start', 'status': 307, 'headers': '<...>'}
2026-03-27 15:54:31,168 [INFO] uvicorn.access: ::1:56877 - "POST /mcp HTTP/1.1" 307
2026-03-27 15:54:31,168 [TRACE] uvicorn.asgi: ::1:56877 - ASGI [8] Send {'type': 'http.response.body', 'body': '<0 bytes>'}
2026-03-27 15:54:31,168 [TRACE] uvicorn.asgi: ::1:56877 - ASGI [8] Completed
2026-03-27 15:54:31,170 [TRACE] uvicorn.error: ::1:56877 - HTTP connection lost
2026-03-27 15:54:31,170 [TRACE] uvicorn.error: ::1:56878 - HTTP connection made
2026-03-27 15:54:31,171 [TRACE] uvicorn.asgi: ::1:56878 - ASGI [9] Started scope={'type': 'http', 'asgi': {'version': '3.0', 'spec_version': '2.3'}, 'http_version': '1.1', 'server': ('::1', 8003), 'client': ('::1', 56878), 'scheme': 'http', 'method': 'POST', 'root_path': '', 'path': '/mcp/', 'raw_path': b'/mcp/', 'query_string': b'', 'headers': '<...>', 'state': {}}
2026-03-27 15:54:31,171 [TRACE] uvicorn.asgi: ::1:56878 - ASGI [9] Receive {'type': 'http.request', 'body': '<87 bytes>', 'more_body': False}
2026-03-27 15:54:31,172 [TRACE] uvicorn.asgi: ::1:56878 - ASGI [9] Send {'type': 'http.response.start', 'status': 200, 'headers': '<...>'}
2026-03-27 15:54:31,172 [INFO] uvicorn.access: ::1:56878 - "POST /mcp/ HTTP/1.1" 200
2026-03-27 15:54:31,172 [INFO] mcp.server.lowlevel.server: Processing request of type ListPromptsRequest
2026-03-27 15:54:31,175 [TRACE] uvicorn.asgi: ::1:56878 - ASGI [9] Send {'type': 'http.response.body', 'body': '<502 bytes>', 'more_body': True}
2026-03-27 15:54:31,175 [TRACE] uvicorn.asgi: ::1:56878 - ASGI [9] Send {'type': 'http.response.body', 'body': '<0 bytes>', 'more_body': False}
2026-03-27 15:54:31,175 [TRACE] uvicorn.asgi: ::1:56878 - ASGI [9] Receive {'type': 'http.disconnect'}
2026-03-27 15:54:31,175 [TRACE] uvicorn.asgi: ::1:56878 - ASGI [9] Completed
2026-03-27 15:54:36,176 [TRACE] uvicorn.error: ::1:56878 - HTTP connection lost
2026-03-27 15:54:43,169 [TRACE] uvicorn.asgi: ::1:56875 - ASGI [7] Send {'type': 'http.response.body', 'body': '<45 bytes>', 'more_body': True}
2026-03-27 15:54:51,653 [TRACE] uvicorn.error: ::1:56880 - HTTP connection made
2026-03-27 15:54:51,653 [TRACE] uvicorn.asgi: ::1:56880 - ASGI [10] Started scope={'type': 'http', 'asgi': {'version': '3.0', 'spec_version': '2.3'}, 'http_version': '1.1', 'server': ('::1', 8003), 'client': ('::1', 56880), 'scheme': 'http', 'method': 'POST', 'root_path': '', 'path': '/mcp', 'raw_path': b'/mcp', 'query_string': b'', 'headers': '<...>', 'state': {}}
2026-03-27 15:54:51,653 [TRACE] uvicorn.asgi: ::1:56880 - ASGI [10] Send {'type': 'http.response.start', 'status': 307, 'headers': '<...>'}
2026-03-27 15:54:51,653 [INFO] uvicorn.access: ::1:56880 - "POST /mcp HTTP/1.1" 307
2026-03-27 15:54:51,653 [TRACE] uvicorn.asgi: ::1:56880 - ASGI [10] Send {'type': 'http.response.body', 'body': '<0 bytes>'}
2026-03-27 15:54:51,653 [TRACE] uvicorn.asgi: ::1:56880 - ASGI [10] Completed
2026-03-27 15:54:51,654 [TRACE] uvicorn.error: ::1:56880 - HTTP connection lost
2026-03-27 15:54:51,654 [TRACE] uvicorn.error: ::1:56881 - HTTP connection made
2026-03-27 15:54:51,655 [TRACE] uvicorn.asgi: ::1:56881 - ASGI [11] Started scope={'type': 'http', 'asgi': {'version': '3.0', 'spec_version': '2.3'}, 'http_version': '1.1', 'server': ('::1', 8003), 'client': ('::1', 56881), 'scheme': 'http', 'method': 'POST', 'root_path': '', 'path': '/mcp/', 'raw_path': b'/mcp/', 'query_string': b'', 'headers': '<...>', 'state': {}}
2026-03-27 15:54:51,655 [TRACE] uvicorn.asgi: ::1:56881 - ASGI [11] Receive {'type': 'http.request', 'body': '<187 bytes>', 'more_body': False}
2026-03-27 15:54:51,655 [TRACE] uvicorn.asgi: ::1:56881 - ASGI [11] Send {'type': 'http.response.start', 'status': 200, 'headers': '<...>'}
2026-03-27 15:54:51,655 [INFO] uvicorn.access: ::1:56881 - "POST /mcp/ HTTP/1.1" 200
2026-03-27 15:54:51,656 [INFO] mcp.server.lowlevel.server: Processing request of type GetPromptRequest
2026-03-27 15:54:51,658 [TRACE] uvicorn.asgi: ::1:56881 - ASGI [11] Send {'type': 'http.response.body', 'body': '<502 bytes>', 'more_body': True}
2026-03-27 15:54:51,659 [TRACE] uvicorn.asgi: ::1:56881 - ASGI [11] Send {'type': 'http.response.body', 'body': '<0 bytes>', 'more_body': False}
2026-03-27 15:54:51,659 [TRACE] uvicorn.asgi: ::1:56881 - ASGI [11] Receive {'type': 'http.disconnect'}
2026-03-27 15:54:51,659 [TRACE] uvicorn.asgi: ::1:56881 - ASGI [11] Completed
2026-03-27 15:54:56,660 [TRACE] uvicorn.error: ::1:56881 - HTTP connection lost
2026-03-27 15:54:58,169 [TRACE] uvicorn.asgi: ::1:56875 - ASGI [7] Send {'type': 'http.response.body', 'body': '<45 bytes>', 'more_body': True}
2026-03-27 15:55:00,383 [TRACE] uvicorn.error: ::1:56884 - HTTP connection made
2026-03-27 15:55:00,383 [TRACE] uvicorn.asgi: ::1:56884 - ASGI [12] Started scope={'type': 'http', 'asgi': {'version': '3.0', 'spec_version': '2.3'}, 'http_version': '1.1', 'server': ('::1', 8003), 'client': ('::1', 56884), 'scheme': 'http', 'method': 'POST', 'root_path': '', 'path': '/mcp', 'raw_path': b'/mcp', 'query_string': b'', 'headers': '<...>', 'state': {}}
2026-03-27 15:55:00,384 [TRACE] uvicorn.asgi: ::1:56884 - ASGI [12] Send {'type': 'http.response.start', 'status': 307, 'headers': '<...>'}
2026-03-27 15:55:00,384 [INFO] uvicorn.access: ::1:56884 - "POST /mcp HTTP/1.1" 307
2026-03-27 15:55:00,384 [TRACE] uvicorn.asgi: ::1:56884 - ASGI [12] Send {'type': 'http.response.body', 'body': '<0 bytes>'}
2026-03-27 15:55:00,384 [TRACE] uvicorn.asgi: ::1:56884 - ASGI [12] Completed
2026-03-27 15:55:00,384 [TRACE] uvicorn.error: ::1:56884 - HTTP connection lost
2026-03-27 15:55:00,385 [TRACE] uvicorn.error: ::1:56885 - HTTP connection made
2026-03-27 15:55:00,385 [TRACE] uvicorn.asgi: ::1:56885 - ASGI [13] Started scope={'type': 'http', 'asgi': {'version': '3.0', 'spec_version': '2.3'}, 'http_version': '1.1', 'server': ('::1', 8003), 'client': ('::1', 56885), 'scheme': 'http', 'method': 'POST', 'root_path': '', 'path': '/mcp/', 'raw_path': b'/mcp/', 'query_string': b'', 'headers': '<...>', 'state': {}}
2026-03-27 15:55:00,385 [TRACE] uvicorn.asgi: ::1:56885 - ASGI [13] Receive {'type': 'http.request', 'body': '<187 bytes>', 'more_body': False}
2026-03-27 15:55:00,385 [TRACE] uvicorn.asgi: ::1:56885 - ASGI [13] Send {'type': 'http.response.start', 'status': 200, 'headers': '<...>'}
2026-03-27 15:55:00,385 [INFO] uvicorn.access: ::1:56885 - "POST /mcp/ HTTP/1.1" 200
2026-03-27 15:55:00,386 [INFO] mcp.server.lowlevel.server: Processing request of type GetPromptRequest
2026-03-27 15:55:00,387 [TRACE] uvicorn.asgi: ::1:56885 - ASGI [13] Send {'type': 'http.response.body', 'body': '<502 bytes>', 'more_body': True}
2026-03-27 15:55:00,387 [TRACE] uvicorn.asgi: ::1:56885 - ASGI [13] Send {'type': 'http.response.body', 'body': '<0 bytes>', 'more_body': False}
2026-03-27 15:55:00,387 [TRACE] uvicorn.asgi: ::1:56885 - ASGI [13] Receive {'type': 'http.disconnect'}
2026-03-27 15:55:00,387 [TRACE] uvicorn.asgi: ::1:56885 - ASGI [13] Completed
2026-03-27 15:55:05,388 [TRACE] uvicorn.error: ::1:56885 - HTTP connection lost
2026-03-27 15:55:13,171 [TRACE] uvicorn.asgi: ::1:56875 - ASGI [7] Send {'type': 'http.response.body', 'body': '<45 bytes>', 'more_body': True}
2026-03-27 15:55:28,172 [TRACE] uvicorn.asgi: ::1:56875 - ASGI [7] Send {'type': 'http.response.body', 'body': '<45 bytes>', 'more_body': True}
2026-03-27 15:55:43,175 [TRACE] uvicorn.asgi: ::1:56875 - ASGI [7] Send {'type': 'http.response.body', 'body': '<45 bytes>', 'more_body': True}
2026-03-27 15:55:58,177 [TRACE] uvicorn.asgi: ::1:56875 - ASGI [7] Send {'type': 'http.response.body', 'body': '<45 bytes>', 'more_body': True}
2026-03-30 09:48:49,162 [INFO] uvicorn.error: Started server process [12489]
2026-03-30 09:48:49,163 [INFO] uvicorn.error: Waiting for application startup.
2026-03-30 09:48:49,163 [TRACE] uvicorn.asgi: ASGI [1] Started scope={'type': 'lifespan', 'asgi': {'version': '3.0', 'spec_version': '2.0'}, 'state': {}}
2026-03-30 09:48:49,163 [TRACE] uvicorn.asgi: ASGI [1] Receive {'type': 'lifespan.startup'}
2026-03-30 09:48:49,166 [INFO] mcp.server.streamable_http_manager: StreamableHTTP session manager started
2026-03-30 09:48:49,166 [TRACE] uvicorn.asgi: ASGI [1] Send {'type': 'lifespan.startup.complete'}
2026-03-30 09:48:49,166 [INFO] uvicorn.error: Application startup complete.
2026-03-30 09:48:49,169 [INFO] uvicorn.error: Uvicorn running on http://localhost:8003 (Press CTRL+C to quit)
2026-03-30 09:48:52,926 [TRACE] uvicorn.error: ::1:50614 - HTTP connection made
2026-03-30 09:48:52,927 [TRACE] uvicorn.asgi: ::1:50614 - ASGI [2] Started scope={'type': 'http', 'asgi': {'version': '3.0', 'spec_version': '2.3'}, 'http_version': '1.1', 'server': ('::1', 8003), 'client': ('::1', 50614), 'scheme': 'http', 'method': 'POST', 'root_path': '', 'path': '/mcp', 'raw_path': b'/mcp', 'query_string': b'', 'headers': '<...>', 'state': {}}
2026-03-30 09:48:52,927 [TRACE] uvicorn.asgi: ::1:50614 - ASGI [2] Send {'type': 'http.response.start', 'status': 307, 'headers': '<...>'}
2026-03-30 09:48:52,927 [INFO] uvicorn.access: ::1:50614 - "POST /mcp HTTP/1.1" 307
2026-03-30 09:48:52,928 [TRACE] uvicorn.asgi: ::1:50614 - ASGI [2] Send {'type': 'http.response.body', 'body': '<0 bytes>'}
2026-03-30 09:48:52,928 [TRACE] uvicorn.asgi: ::1:50614 - ASGI [2] Completed
2026-03-30 09:48:52,930 [TRACE] uvicorn.error: ::1:50614 - HTTP connection lost
2026-03-30 09:48:52,931 [TRACE] uvicorn.error: ::1:50615 - HTTP connection made
2026-03-30 09:48:52,932 [TRACE] uvicorn.asgi: ::1:50615 - ASGI [3] Started scope={'type': 'http', 'asgi': {'version': '3.0', 'spec_version': '2.3'}, 'http_version': '1.1', 'server': ('::1', 8003), 'client': ('::1', 50615), 'scheme': 'http', 'method': 'POST', 'root_path': '', 'path': '/mcp/', 'raw_path': b'/mcp/', 'query_string': b'', 'headers': '<...>', 'state': {}}
2026-03-30 09:48:52,932 [INFO] mcp.server.streamable_http_manager: Created new transport with session ID: ada90514fac646d68b3a10b86ac43582
2026-03-30 09:48:52,933 [TRACE] uvicorn.asgi: ::1:50615 - ASGI [3] Receive {'type': 'http.request', 'body': '<330 bytes>', 'more_body': False}
2026-03-30 09:48:52,935 [TRACE] uvicorn.asgi: ::1:50615 - ASGI [3] Send {'type': 'http.response.start', 'status': 200, 'headers': '<...>'}
2026-03-30 09:48:52,935 [INFO] uvicorn.access: ::1:50615 - "POST /mcp/ HTTP/1.1" 200
2026-03-30 09:48:52,936 [TRACE] uvicorn.asgi: ::1:50615 - ASGI [3] Send {'type': 'http.response.body', 'body': '<431 bytes>', 'more_body': True}
2026-03-30 09:48:52,936 [TRACE] uvicorn.asgi: ::1:50615 - ASGI [3] Send {'type': 'http.response.body', 'body': '<0 bytes>', 'more_body': False}
2026-03-30 09:48:52,936 [TRACE] uvicorn.asgi: ::1:50615 - ASGI [3] Receive {'type': 'http.disconnect'}
2026-03-30 09:48:52,937 [TRACE] uvicorn.asgi: ::1:50615 - ASGI [3] Completed
2026-03-30 09:48:52,949 [TRACE] uvicorn.asgi: ::1:50615 - ASGI [4] Started scope={'type': 'http', 'asgi': {'version': '3.0', 'spec_version': '2.3'}, 'http_version': '1.1', 'server': ('::1', 8003), 'client': ('::1', 50615), 'scheme': 'http', 'method': 'POST', 'root_path': '', 'path': '/mcp', 'raw_path': b'/mcp', 'query_string': b'', 'headers': '<...>', 'state': {}}
2026-03-30 09:48:52,949 [TRACE] uvicorn.asgi: ::1:50615 - ASGI [4] Send {'type': 'http.response.start', 'status': 307, 'headers': '<...>'}
2026-03-30 09:48:52,949 [INFO] uvicorn.access: ::1:50615 - "POST /mcp HTTP/1.1" 307
2026-03-30 09:48:52,949 [TRACE] uvicorn.asgi: ::1:50615 - ASGI [4] Send {'type': 'http.response.body', 'body': '<0 bytes>'}
2026-03-30 09:48:52,949 [TRACE] uvicorn.asgi: ::1:50615 - ASGI [4] Completed
2026-03-30 09:48:52,950 [TRACE] uvicorn.error: ::1:50615 - HTTP connection lost
2026-03-30 09:48:52,951 [TRACE] uvicorn.error: ::1:50616 - HTTP connection made
2026-03-30 09:48:52,951 [TRACE] uvicorn.asgi: ::1:50616 - ASGI [5] Started scope={'type': 'http', 'asgi': {'version': '3.0', 'spec_version': '2.3'}, 'http_version': '1.1', 'server': ('::1', 8003), 'client': ('::1', 50616), 'scheme': 'http', 'method': 'POST', 'root_path': '', 'path': '/mcp/', 'raw_path': b'/mcp/', 'query_string': b'', 'headers': '<...>', 'state': {}}
2026-03-30 09:48:52,951 [TRACE] uvicorn.asgi: ::1:50616 - ASGI [5] Receive {'type': 'http.request', 'body': '<54 bytes>', 'more_body': False}
2026-03-30 09:48:52,951 [TRACE] uvicorn.asgi: ::1:50616 - ASGI [5] Send {'type': 'http.response.start', 'status': <HTTPStatus.ACCEPTED: 202>, 'headers': '<...>'}
2026-03-30 09:48:52,952 [INFO] uvicorn.access: ::1:50616 - "POST /mcp/ HTTP/1.1" 202
2026-03-30 09:48:52,952 [TRACE] uvicorn.asgi: ::1:50616 - ASGI [5] Send {'type': 'http.response.body', 'body': '<0 bytes>'}
2026-03-30 09:48:52,952 [TRACE] uvicorn.asgi: ::1:50616 - ASGI [5] Completed
2026-03-30 09:48:52,953 [TRACE] uvicorn.asgi: ::1:50616 - ASGI [6] Started scope={'type': 'http', 'asgi': {'version': '3.0', 'spec_version': '2.3'}, 'http_version': '1.1', 'server': ('::1', 8003), 'client': ('::1', 50616), 'scheme': 'http', 'method': 'GET', 'root_path': '', 'path': '/mcp', 'raw_path': b'/mcp', 'query_string': b'', 'headers': '<...>', 'state': {}}
2026-03-30 09:48:52,953 [TRACE] uvicorn.asgi: ::1:50616 - ASGI [6] Send {'type': 'http.response.start', 'status': 307, 'headers': '<...>'}
2026-03-30 09:48:52,953 [INFO] uvicorn.access: ::1:50616 - "GET /mcp HTTP/1.1" 307
2026-03-30 09:48:52,953 [TRACE] uvicorn.asgi: ::1:50616 - ASGI [6] Send {'type': 'http.response.body', 'body': '<0 bytes>'}
2026-03-30 09:48:52,954 [TRACE] uvicorn.asgi: ::1:50616 - ASGI [6] Completed
2026-03-30 09:48:52,954 [TRACE] uvicorn.error: ::1:50616 - HTTP connection lost
2026-03-30 09:48:52,955 [TRACE] uvicorn.error: ::1:50617 - HTTP connection made
2026-03-30 09:48:52,955 [TRACE] uvicorn.asgi: ::1:50617 - ASGI [7] Started scope={'type': 'http', 'asgi': {'version': '3.0', 'spec_version': '2.3'}, 'http_version': '1.1', 'server': ('::1', 8003), 'client': ('::1', 50617), 'scheme': 'http', 'method': 'GET', 'root_path': '', 'path': '/mcp/', 'raw_path': b'/mcp/', 'query_string': b'', 'headers': '<...>', 'state': {}}
2026-03-30 09:48:52,956 [TRACE] uvicorn.asgi: ::1:50617 - ASGI [7] Send {'type': 'http.response.start', 'status': 200, 'headers': '<...>'}
2026-03-30 09:48:52,956 [INFO] uvicorn.access: ::1:50617 - "GET /mcp/ HTTP/1.1" 200
2026-03-30 09:48:52,956 [TRACE] uvicorn.asgi: ::1:50617 - ASGI [7] Receive {'type': 'http.request', 'body': '<0 bytes>', 'more_body': False}
2026-03-30 09:49:07,957 [TRACE] uvicorn.asgi: ::1:50617 - ASGI [7] Send {'type': 'http.response.body', 'body': '<45 bytes>', 'more_body': True}
2026-03-30 09:49:08,810 [TRACE] uvicorn.error: ::1:50662 - HTTP connection made
2026-03-30 09:49:08,811 [TRACE] uvicorn.asgi: ::1:50662 - ASGI [8] Started scope={'type': 'http', 'asgi': {'version': '3.0', 'spec_version': '2.3'}, 'http_version': '1.1', 'server': ('::1', 8003), 'client': ('::1', 50662), 'scheme': 'http', 'method': 'POST', 'root_path': '', 'path': '/mcp', 'raw_path': b'/mcp', 'query_string': b'', 'headers': '<...>', 'state': {}}
2026-03-30 09:49:08,811 [TRACE] uvicorn.asgi: ::1:50662 - ASGI [8] Send {'type': 'http.response.start', 'status': 307, 'headers': '<...>'}
2026-03-30 09:49:08,811 [INFO] uvicorn.access: ::1:50662 - "POST /mcp HTTP/1.1" 307
2026-03-30 09:49:08,811 [TRACE] uvicorn.asgi: ::1:50662 - ASGI [8] Send {'type': 'http.response.body', 'body': '<0 bytes>'}
2026-03-30 09:49:08,811 [TRACE] uvicorn.asgi: ::1:50662 - ASGI [8] Completed
2026-03-30 09:49:08,812 [TRACE] uvicorn.error: ::1:50662 - HTTP connection lost
2026-03-30 09:49:08,813 [TRACE] uvicorn.error: ::1:50663 - HTTP connection made
2026-03-30 09:49:08,813 [TRACE] uvicorn.asgi: ::1:50663 - ASGI [9] Started scope={'type': 'http', 'asgi': {'version': '3.0', 'spec_version': '2.3'}, 'http_version': '1.1', 'server': ('::1', 8003), 'client': ('::1', 50663), 'scheme': 'http', 'method': 'POST', 'root_path': '', 'path': '/mcp/', 'raw_path': b'/mcp/', 'query_string': b'', 'headers': '<...>', 'state': {}}
2026-03-30 09:49:08,814 [TRACE] uvicorn.asgi: ::1:50663 - ASGI [9] Receive {'type': 'http.request', 'body': '<87 bytes>', 'more_body': False}
2026-03-30 09:49:08,814 [TRACE] uvicorn.asgi: ::1:50663 - ASGI [9] Send {'type': 'http.response.start', 'status': 200, 'headers': '<...>'}
2026-03-30 09:49:08,814 [INFO] uvicorn.access: ::1:50663 - "POST /mcp/ HTTP/1.1" 200
2026-03-30 09:49:08,815 [INFO] mcp.server.lowlevel.server: Processing request of type ListPromptsRequest
2026-03-30 09:49:08,816 [TRACE] uvicorn.asgi: ::1:50663 - ASGI [9] Send {'type': 'http.response.body', 'body': '<502 bytes>', 'more_body': True}
2026-03-30 09:49:08,816 [TRACE] uvicorn.asgi: ::1:50663 - ASGI [9] Send {'type': 'http.response.body', 'body': '<0 bytes>', 'more_body': False}
2026-03-30 09:49:08,817 [TRACE] uvicorn.asgi: ::1:50663 - ASGI [9] Receive {'type': 'http.disconnect'}
2026-03-30 09:49:08,817 [TRACE] uvicorn.asgi: ::1:50663 - ASGI [9] Completed
2026-03-30 09:49:13,818 [TRACE] uvicorn.error: ::1:50663 - HTTP connection lost
2026-03-30 09:49:22,959 [TRACE] uvicorn.asgi: ::1:50617 - ASGI [7] Send {'type': 'http.response.body', 'body': '<45 bytes>', 'more_body': True}
2026-03-30 09:49:33,639 [TRACE] uvicorn.error: ::1:50762 - HTTP connection made
2026-03-30 09:49:33,640 [TRACE] uvicorn.asgi: ::1:50762 - ASGI [10] Started scope={'type': 'http', 'asgi': {'version': '3.0', 'spec_version': '2.3'}, 'http_version': '1.1', 'server': ('::1', 8003), 'client': ('::1', 50762), 'scheme': 'http', 'method': 'POST', 'root_path': '', 'path': '/mcp', 'raw_path': b'/mcp', 'query_string': b'', 'headers': '<...>', 'state': {}}
2026-03-30 09:49:33,640 [TRACE] uvicorn.asgi: ::1:50762 - ASGI [10] Send {'type': 'http.response.start', 'status': 307, 'headers': '<...>'}
2026-03-30 09:49:33,640 [INFO] uvicorn.access: ::1:50762 - "POST /mcp HTTP/1.1" 307
2026-03-30 09:49:33,641 [TRACE] uvicorn.asgi: ::1:50762 - ASGI [10] Send {'type': 'http.response.body', 'body': '<0 bytes>'}
2026-03-30 09:49:33,641 [TRACE] uvicorn.asgi: ::1:50762 - ASGI [10] Completed
2026-03-30 09:49:33,642 [TRACE] uvicorn.error: ::1:50762 - HTTP connection lost
2026-03-30 09:49:33,642 [TRACE] uvicorn.error: ::1:50763 - HTTP connection made
2026-03-30 09:49:33,643 [TRACE] uvicorn.asgi: ::1:50763 - ASGI [11] Started scope={'type': 'http', 'asgi': {'version': '3.0', 'spec_version': '2.3'}, 'http_version': '1.1', 'server': ('::1', 8003), 'client': ('::1', 50763), 'scheme': 'http', 'method': 'POST', 'root_path': '', 'path': '/mcp/', 'raw_path': b'/mcp/', 'query_string': b'', 'headers': '<...>', 'state': {}}
2026-03-30 09:49:33,643 [TRACE] uvicorn.asgi: ::1:50763 - ASGI [11] Receive {'type': 'http.request', 'body': '<185 bytes>', 'more_body': False}
2026-03-30 09:49:33,644 [TRACE] uvicorn.asgi: ::1:50763 - ASGI [11] Send {'type': 'http.response.start', 'status': 200, 'headers': '<...>'}
2026-03-30 09:49:33,644 [INFO] uvicorn.access: ::1:50763 - "POST /mcp/ HTTP/1.1" 200
2026-03-30 09:49:33,645 [INFO] mcp.server.lowlevel.server: Processing request of type GetPromptRequest
2026-03-30 09:49:33,648 [TRACE] uvicorn.asgi: ::1:50763 - ASGI [11] Send {'type': 'http.response.body', 'body': '<500 bytes>', 'more_body': True}
2026-03-30 09:49:33,648 [TRACE] uvicorn.asgi: ::1:50763 - ASGI [11] Send {'type': 'http.response.body', 'body': '<0 bytes>', 'more_body': False}
2026-03-30 09:49:33,648 [TRACE] uvicorn.asgi: ::1:50763 - ASGI [11] Receive {'type': 'http.disconnect'}
2026-03-30 09:49:33,649 [TRACE] uvicorn.asgi: ::1:50763 - ASGI [11] Completed
2026-03-30 09:49:37,962 [TRACE] uvicorn.asgi: ::1:50617 - ASGI [7] Send {'type': 'http.response.body', 'body': '<45 bytes>', 'more_body': True}
2026-03-30 09:49:38,650 [TRACE] uvicorn.error: ::1:50763 - HTTP connection lost
2026-03-30 09:49:52,964 [TRACE] uvicorn.asgi: ::1:50617 - ASGI [7] Send {'type': 'http.response.body', 'body': '<45 bytes>', 'more_body': True}
2026-03-30 09:50:07,966 [TRACE] uvicorn.asgi: ::1:50617 - ASGI [7] Send {'type': 'http.response.body', 'body': '<45 bytes>', 'more_body': True}
2026-03-30 09:50:22,968 [TRACE] uvicorn.asgi: ::1:50617 - ASGI [7] Send {'type': 'http.response.body', 'body': '<45 bytes>', 'more_body': True}
2026-03-30 09:50:37,970 [TRACE] uvicorn.asgi: ::1:50617 - ASGI [7] Send {'type': 'http.response.body', 'body': '<45 bytes>', 'more_body': True}
2026-03-30 09:50:52,972 [TRACE] uvicorn.asgi: ::1:50617 - ASGI [7] Send {'type': 'http.response.body', 'body': '<45 bytes>', 'more_body': True}
2026-03-30 09:51:07,975 [TRACE] uvicorn.asgi: ::1:50617 - ASGI [7] Send {'type': 'http.response.body', 'body': '<45 bytes>', 'more_body': True}
2026-03-30 09:51:22,977 [TRACE] uvicorn.asgi: ::1:50617 - ASGI [7] Send {'type': 'http.response.body', 'body': '<45 bytes>', 'more_body': True}
2026-03-30 09:51:37,979 [TRACE] uvicorn.asgi: ::1:50617 - ASGI [7] Send {'type': 'http.response.body', 'body': '<45 bytes>', 'more_body': True}
2026-03-30 09:51:52,982 [TRACE] uvicorn.asgi: ::1:50617 - ASGI [7] Send {'type': 'http.response.body', 'body': '<45 bytes>', 'more_body': True}
2026-03-30 09:52:07,984 [TRACE] uvicorn.asgi: ::1:50617 - ASGI [7] Send {'type': 'http.response.body', 'body': '<45 bytes>', 'more_body': True}
2026-03-30 09:52:22,987 [TRACE] uvicorn.asgi: ::1:50617 - ASGI [7] Send {'type': 'http.response.body', 'body': '<45 bytes>', 'more_body': True}
2026-03-30 09:52:37,990 [TRACE] uvicorn.asgi: ::1:50617 - ASGI [7] Send {'type': 'http.response.body', 'body': '<45 bytes>', 'more_body': True}
2026-03-30 09:52:52,992 [TRACE] uvicorn.asgi: ::1:50617 - ASGI [7] Send {'type': 'http.response.body', 'body': '<45 bytes>', 'more_body': True}
2026-03-30 09:53:07,994 [TRACE] uvicorn.asgi: ::1:50617 - ASGI [7] Send {'type': 'http.response.body', 'body': '<45 bytes>', 'more_body': True}
2026-03-30 09:53:22,996 [TRACE] uvicorn.asgi: ::1:50617 - ASGI [7] Send {'type': 'http.response.body', 'body': '<45 bytes>', 'more_body': True}
2026-03-30 09:53:37,998 [TRACE] uvicorn.asgi: ::1:50617 - ASGI [7] Send {'type': 'http.response.body', 'body': '<45 bytes>', 'more_body': True}
2026-03-30 09:53:53,001 [TRACE] uvicorn.asgi: ::1:50617 - ASGI [7] Send {'type': 'http.response.body', 'body': '<45 bytes>', 'more_body': True}
2026-03-30 09:54:08,004 [TRACE] uvicorn.asgi: ::1:50617 - ASGI [7] Send {'type': 'http.response.body', 'body': '<45 bytes>', 'more_body': True}
2026-03-30 09:54:23,006 [TRACE] uvicorn.asgi: ::1:50617 - ASGI [7] Send {'type': 'http.response.body', 'body': '<45 bytes>', 'more_body': True}
2026-03-30 09:54:38,009 [TRACE] uvicorn.asgi: ::1:50617 - ASGI [7] Send {'type': 'http.response.body', 'body': '<45 bytes>', 'more_body': True}
2026-03-30 09:54:53,011 [TRACE] uvicorn.asgi: ::1:50617 - ASGI [7] Send {'type': 'http.response.body', 'body': '<45 bytes>', 'more_body': True}
2026-03-30 09:55:08,013 [TRACE] uvicorn.asgi: ::1:50617 - ASGI [7] Send {'type': 'http.response.body', 'body': '<45 bytes>', 'more_body': True}
2026-03-30 09:55:23,015 [TRACE] uvicorn.asgi: ::1:50617 - ASGI [7] Send {'type': 'http.response.body', 'body': '<45 bytes>', 'more_body': True}
2026-03-30 09:55:38,016 [TRACE] uvicorn.asgi: ::1:50617 - ASGI [7] Send {'type': 'http.response.body', 'body': '<45 bytes>', 'more_body': True}
2026-03-30 09:55:53,017 [TRACE] uvicorn.asgi: ::1:50617 - ASGI [7] Send {'type': 'http.response.body', 'body': '<45 bytes>', 'more_body': True}
2026-03-30 09:56:08,019 [TRACE] uvicorn.asgi: ::1:50617 - ASGI [7] Send {'type': 'http.response.body', 'body': '<45 bytes>', 'more_body': True}
2026-03-30 09:56:23,021 [TRACE] uvicorn.asgi: ::1:50617 - ASGI [7] Send {'type': 'http.response.body', 'body': '<45 bytes>', 'more_body': True}
2026-03-30 09:56:38,022 [TRACE] uvicorn.asgi: ::1:50617 - ASGI [7] Send {'type': 'http.response.body', 'body': '<45 bytes>', 'more_body': True}
2026-03-30 09:56:53,024 [TRACE] uvicorn.asgi: ::1:50617 - ASGI [7] Send {'type': 'http.response.body', 'body': '<45 bytes>', 'more_body': True}
2026-03-30 09:57:08,027 [TRACE] uvicorn.asgi: ::1:50617 - ASGI [7] Send {'type': 'http.response.body', 'body': '<45 bytes>', 'more_body': True}
2026-03-30 09:57:23,029 [TRACE] uvicorn.asgi: ::1:50617 - ASGI [7] Send {'type': 'http.response.body', 'body': '<45 bytes>', 'more_body': True}
2026-03-30 09:57:38,032 [TRACE] uvicorn.asgi: ::1:50617 - ASGI [7] Send {'type': 'http.response.body', 'body': '<45 bytes>', 'more_body': True}
2026-03-30 09:57:53,033 [TRACE] uvicorn.asgi: ::1:50617 - ASGI [7] Send {'type': 'http.response.body', 'body': '<45 bytes>', 'more_body': True}
2026-03-30 09:58:08,035 [TRACE] uvicorn.asgi: ::1:50617 - ASGI [7] Send {'type': 'http.response.body', 'body': '<45 bytes>', 'more_body': True}
2026-03-30 09:58:23,038 [TRACE] uvicorn.asgi: ::1:50617 - ASGI [7] Send {'type': 'http.response.body', 'body': '<45 bytes>', 'more_body': True}
2026-03-30 09:58:38,040 [TRACE] uvicorn.asgi: ::1:50617 - ASGI [7] Send {'type': 'http.response.body', 'body': '<45 bytes>', 'more_body': True}
2026-03-30 09:58:53,043 [TRACE] uvicorn.asgi: ::1:50617 - ASGI [7] Send {'type': 'http.response.body', 'body': '<45 bytes>', 'more_body': True}
2026-03-30 09:59:08,045 [TRACE] uvicorn.asgi: ::1:50617 - ASGI [7] Send {'type': 'http.response.body', 'body': '<45 bytes>', 'more_body': True}
2026-03-30 09:59:23,048 [TRACE] uvicorn.asgi: ::1:50617 - ASGI [7] Send {'type': 'http.response.body', 'body': '<45 bytes>', 'more_body': True}
2026-03-30 09:59:38,050 [TRACE] uvicorn.asgi: ::1:50617 - ASGI [7] Send {'type': 'http.response.body', 'body': '<45 bytes>', 'more_body': True}
2026-03-30 09:59:53,051 [TRACE] uvicorn.asgi: ::1:50617 - ASGI [7] Send {'type': 'http.response.body', 'body': '<45 bytes>', 'more_body': True}
2026-03-30 10:00:08,054 [TRACE] uvicorn.asgi: ::1:50617 - ASGI [7] Send {'type': 'http.response.body', 'body': '<45 bytes>', 'more_body': True}
2026-03-30 10:00:23,055 [TRACE] uvicorn.asgi: ::1:50617 - ASGI [7] Send {'type': 'http.response.body', 'body': '<45 bytes>', 'more_body': True}
2026-03-30 10:00:38,057 [TRACE] uvicorn.asgi: ::1:50617 - ASGI [7] Send {'type': 'http.response.body', 'body': '<45 bytes>', 'more_body': True}
2026-03-30 10:00:53,060 [TRACE] uvicorn.asgi: ::1:50617 - ASGI [7] Send {'type': 'http.response.body', 'body': '<45 bytes>', 'more_body': True}
2026-03-30 10:01:08,062 [TRACE] uvicorn.asgi: ::1:50617 - ASGI [7] Send {'type': 'http.response.body', 'body': '<45 bytes>', 'more_body': True}
2026-03-30 10:01:23,064 [TRACE] uvicorn.asgi: ::1:50617 - ASGI [7] Send {'type': 'http.response.body', 'body': '<45 bytes>', 'more_body': True}
2026-03-30 10:01:38,066 [TRACE] uvicorn.asgi: ::1:50617 - ASGI [7] Send {'type': 'http.response.body', 'body': '<45 bytes>', 'more_body': True}
2026-03-30 10:01:53,069 [TRACE] uvicorn.asgi: ::1:50617 - ASGI [7] Send {'type': 'http.response.body', 'body': '<45 bytes>', 'more_body': True}
2026-03-30 10:02:08,071 [TRACE] uvicorn.asgi: ::1:50617 - ASGI [7] Send {'type': 'http.response.body', 'body': '<45 bytes>', 'more_body': True}
2026-03-30 10:02:23,074 [TRACE] uvicorn.asgi: ::1:50617 - ASGI [7] Send {'type': 'http.response.body', 'body': '<45 bytes>', 'more_body': True}
2026-03-30 10:02:38,075 [TRACE] uvicorn.asgi: ::1:50617 - ASGI [7] Send {'type': 'http.response.body', 'body': '<45 bytes>', 'more_body': True}
2026-03-30 10:02:53,076 [TRACE] uvicorn.asgi: ::1:50617 - ASGI [7] Send {'type': 'http.response.body', 'body': '<45 bytes>', 'more_body': True}
2026-03-30 10:03:08,078 [TRACE] uvicorn.asgi: ::1:50617 - ASGI [7] Send {'type': 'http.response.body', 'body': '<45 bytes>', 'more_body': True}
2026-03-30 10:03:23,080 [TRACE] uvicorn.asgi: ::1:50617 - ASGI [7] Send {'type': 'http.response.body', 'body': '<45 bytes>', 'more_body': True}
2026-03-30 10:03:38,082 [TRACE] uvicorn.asgi: ::1:50617 - ASGI [7] Send {'type': 'http.response.body', 'body': '<45 bytes>', 'more_body': True}
2026-03-30 10:03:53,083 [TRACE] uvicorn.asgi: ::1:50617 - ASGI [7] Send {'type': 'http.response.body', 'body': '<45 bytes>', 'more_body': True}
2026-03-30 10:04:08,085 [TRACE] uvicorn.asgi: ::1:50617 - ASGI [7] Send {'type': 'http.response.body', 'body': '<45 bytes>', 'more_body': True}
2026-03-30 10:04:23,087 [TRACE] uvicorn.asgi: ::1:50617 - ASGI [7] Send {'type': 'http.response.body', 'body': '<45 bytes>', 'more_body': True}
2026-03-30 10:04:38,089 [TRACE] uvicorn.asgi: ::1:50617 - ASGI [7] Send {'type': 'http.response.body', 'body': '<45 bytes>', 'more_body': True}
2026-03-30 10:04:53,091 [TRACE] uvicorn.asgi: ::1:50617 - ASGI [7] Send {'type': 'http.response.body', 'body': '<45 bytes>', 'more_body': True}
2026-03-30 10:05:08,093 [TRACE] uvicorn.asgi: ::1:50617 - ASGI [7] Send {'type': 'http.response.body', 'body': '<45 bytes>', 'more_body': True}
2026-03-30 10:05:23,095 [TRACE] uvicorn.asgi: ::1:50617 - ASGI [7] Send {'type': 'http.response.body', 'body': '<45 bytes>', 'more_body': True}
2026-03-30 10:05:38,096 [TRACE] uvicorn.asgi: ::1:50617 - ASGI [7] Send {'type': 'http.response.body', 'body': '<45 bytes>', 'more_body': True}
2026-03-30 10:05:53,099 [TRACE] uvicorn.asgi: ::1:50617 - ASGI [7] Send {'type': 'http.response.body', 'body': '<45 bytes>', 'more_body': True}
2026-03-30 10:06:08,101 [TRACE] uvicorn.asgi: ::1:50617 - ASGI [7] Send {'type': 'http.response.body', 'body': '<45 bytes>', 'more_body': True}
2026-03-30 10:06:23,103 [TRACE] uvicorn.asgi: ::1:50617 - ASGI [7] Send {'type': 'http.response.body', 'body': '<45 bytes>', 'more_body': True}
2026-03-30 10:06:38,104 [TRACE] uvicorn.asgi: ::1:50617 - ASGI [7] Send {'type': 'http.response.body', 'body': '<45 bytes>', 'more_body': True}
2026-03-30 10:06:53,107 [TRACE] uvicorn.asgi: ::1:50617 - ASGI [7] Send {'type': 'http.response.body', 'body': '<45 bytes>', 'more_body': True}
2026-03-30 10:07:08,109 [TRACE] uvicorn.asgi: ::1:50617 - ASGI [7] Send {'type': 'http.response.body', 'body': '<45 bytes>', 'more_body': True}
2026-03-30 10:07:23,111 [TRACE] uvicorn.asgi: ::1:50617 - ASGI [7] Send {'type': 'http.response.body', 'body': '<45 bytes>', 'more_body': True}
2026-03-30 10:07:38,113 [TRACE] uvicorn.asgi: ::1:50617 - ASGI [7] Send {'type': 'http.response.body', 'body': '<45 bytes>', 'more_body': True}
2026-03-30 10:07:53,115 [TRACE] uvicorn.asgi: ::1:50617 - ASGI [7] Send {'type': 'http.response.body', 'body': '<45 bytes>', 'more_body': True}
2026-03-30 10:08:08,117 [TRACE] uvicorn.asgi: ::1:50617 - ASGI [7] Send {'type': 'http.response.body', 'body': '<45 bytes>', 'more_body': True}
2026-03-30 10:08:23,119 [TRACE] uvicorn.asgi: ::1:50617 - ASGI [7] Send {'type': 'http.response.body', 'body': '<45 bytes>', 'more_body': True}
2026-03-30 10:08:38,122 [TRACE] uvicorn.asgi: ::1:50617 - ASGI [7] Send {'type': 'http.response.body', 'body': '<45 bytes>', 'more_body': True}
2026-03-30 10:08:53,128 [TRACE] uvicorn.asgi: ::1:50617 - ASGI [7] Send {'type': 'http.response.body', 'body': '<45 bytes>', 'more_body': True}
2026-03-30 10:09:08,144 [TRACE] uvicorn.asgi: ::1:50617 - ASGI [7] Send {'type': 'http.response.body', 'body': '<45 bytes>', 'more_body': True}
2026-03-30 10:09:23,150 [TRACE] uvicorn.asgi: ::1:50617 - ASGI [7] Send {'type': 'http.response.body', 'body': '<45 bytes>', 'more_body': True}
2026-03-30 10:09:38,155 [TRACE] uvicorn.asgi: ::1:50617 - ASGI [7] Send {'type': 'http.response.body', 'body': '<45 bytes>', 'more_body': True}
2026-03-30 10:09:53,158 [TRACE] uvicorn.asgi: ::1:50617 - ASGI [7] Send {'type': 'http.response.body', 'body': '<45 bytes>', 'more_body': True}
2026-03-30 10:10:08,161 [TRACE] uvicorn.asgi: ::1:50617 - ASGI [7] Send {'type': 'http.response.body', 'body': '<45 bytes>', 'more_body': True}
2026-03-30 10:10:23,164 [TRACE] uvicorn.asgi: ::1:50617 - ASGI [7] Send {'type': 'http.response.body', 'body': '<45 bytes>', 'more_body': True}
2026-03-30 10:10:38,166 [TRACE] uvicorn.asgi: ::1:50617 - ASGI [7] Send {'type': 'http.response.body', 'body': '<45 bytes>', 'more_body': True}
2026-03-30 10:10:53,168 [TRACE] uvicorn.asgi: ::1:50617 - ASGI [7] Send {'type': 'http.response.body', 'body': '<45 bytes>', 'more_body': True}
2026-03-30 10:11:08,170 [TRACE] uvicorn.asgi: ::1:50617 - ASGI [7] Send {'type': 'http.response.body', 'body': '<45 bytes>', 'more_body': True}
2026-03-30 10:11:23,172 [TRACE] uvicorn.asgi: ::1:50617 - ASGI [7] Send {'type': 'http.response.body', 'body': '<45 bytes>', 'more_body': True}
2026-03-30 10:11:38,174 [TRACE] uvicorn.asgi: ::1:50617 - ASGI [7] Send {'type': 'http.response.body', 'body': '<45 bytes>', 'more_body': True}
2026-03-30 10:11:53,177 [TRACE] uvicorn.asgi: ::1:50617 - ASGI [7] Send {'type': 'http.response.body', 'body': '<45 bytes>', 'more_body': True}
2026-03-30 10:12:08,178 [TRACE] uvicorn.asgi: ::1:50617 - ASGI [7] Send {'type': 'http.response.body', 'body': '<45 bytes>', 'more_body': True}
2026-03-30 10:12:23,180 [TRACE] uvicorn.asgi: ::1:50617 - ASGI [7] Send {'type': 'http.response.body', 'body': '<45 bytes>', 'more_body': True}
2026-03-30 10:12:38,182 [TRACE] uvicorn.asgi: ::1:50617 - ASGI [7] Send {'type': 'http.response.body', 'body': '<45 bytes>', 'more_body': True}
2026-03-30 10:12:53,184 [TRACE] uvicorn.asgi: ::1:50617 - ASGI [7] Send {'type': 'http.response.body', 'body': '<45 bytes>', 'more_body': True}
2026-03-30 10:13:08,187 [TRACE] uvicorn.asgi: ::1:50617 - ASGI [7] Send {'type': 'http.response.body', 'body': '<45 bytes>', 'more_body': True}
2026-03-30 10:13:23,189 [TRACE] uvicorn.asgi: ::1:50617 - ASGI [7] Send {'type': 'http.response.body', 'body': '<45 bytes>', 'more_body': True}
2026-03-30 10:13:38,191 [TRACE] uvicorn.asgi: ::1:50617 - ASGI [7] Send {'type': 'http.response.body', 'body': '<45 bytes>', 'more_body': True}
2026-03-30 10:13:53,193 [TRACE] uvicorn.asgi: ::1:50617 - ASGI [7] Send {'type': 'http.response.body', 'body': '<45 bytes>', 'more_body': True}
2026-03-30 10:14:08,196 [TRACE] uvicorn.asgi: ::1:50617 - ASGI [7] Send {'type': 'http.response.body', 'body': '<45 bytes>', 'more_body': True}
2026-03-30 10:14:23,197 [TRACE] uvicorn.asgi: ::1:50617 - ASGI [7] Send {'type': 'http.response.body', 'body': '<45 bytes>', 'more_body': True}
2026-03-30 10:14:38,199 [TRACE] uvicorn.asgi: ::1:50617 - ASGI [7] Send {'type': 'http.response.body', 'body': '<45 bytes>', 'more_body': True}
2026-03-30 10:14:53,202 [TRACE] uvicorn.asgi: ::1:50617 - ASGI [7] Send {'type': 'http.response.body', 'body': '<45 bytes>', 'more_body': True}
2026-03-30 10:15:08,204 [TRACE] uvicorn.asgi: ::1:50617 - ASGI [7] Send {'type': 'http.response.body', 'body': '<45 bytes>', 'more_body': True}
2026-03-30 10:15:23,206 [TRACE] uvicorn.asgi: ::1:50617 - ASGI [7] Send {'type': 'http.response.body', 'body': '<45 bytes>', 'more_body': True}
2026-03-30 10:15:38,208 [TRACE] uvicorn.asgi: ::1:50617 - ASGI [7] Send {'type': 'http.response.body', 'body': '<45 bytes>', 'more_body': True}
2026-03-30 10:15:53,210 [TRACE] uvicorn.asgi: ::1:50617 - ASGI [7] Send {'type': 'http.response.body', 'body': '<45 bytes>', 'more_body': True}
2026-03-30 10:16:08,212 [TRACE] uvicorn.asgi: ::1:50617 - ASGI [7] Send {'type': 'http.response.body', 'body': '<45 bytes>', 'more_body': True}
2026-03-30 10:16:23,214 [TRACE] uvicorn.asgi: ::1:50617 - ASGI [7] Send {'type': 'http.response.body', 'body': '<45 bytes>', 'more_body': True}
2026-03-30 10:16:38,216 [TRACE] uvicorn.asgi: ::1:50617 - ASGI [7] Send {'type': 'http.response.body', 'body': '<45 bytes>', 'more_body': True}
2026-03-30 10:16:53,218 [TRACE] uvicorn.asgi: ::1:50617 - ASGI [7] Send {'type': 'http.response.body', 'body': '<45 bytes>', 'more_body': True}
2026-03-30 10:17:08,220 [TRACE] uvicorn.asgi: ::1:50617 - ASGI [7] Send {'type': 'http.response.body', 'body': '<45 bytes>', 'more_body': True}
2026-03-30 10:17:23,222 [TRACE] uvicorn.asgi: ::1:50617 - ASGI [7] Send {'type': 'http.response.body', 'body': '<45 bytes>', 'more_body': True}
2026-03-30 10:17:38,225 [TRACE] uvicorn.asgi: ::1:50617 - ASGI [7] Send {'type': 'http.response.body', 'body': '<45 bytes>', 'more_body': True}
2026-03-30 10:17:53,227 [TRACE] uvicorn.asgi: ::1:50617 - ASGI [7] Send {'type': 'http.response.body', 'body': '<45 bytes>', 'more_body': True}
2026-03-30 10:18:08,229 [TRACE] uvicorn.asgi: ::1:50617 - ASGI [7] Send {'type': 'http.response.body', 'body': '<45 bytes>', 'more_body': True}
2026-03-30 10:18:23,232 [TRACE] uvicorn.asgi: ::1:50617 - ASGI [7] Send {'type': 'http.response.body', 'body': '<45 bytes>', 'more_body': True}
2026-03-30 10:18:38,234 [TRACE] uvicorn.asgi: ::1:50617 - ASGI [7] Send {'type': 'http.response.body', 'body': '<45 bytes>', 'more_body': True}
2026-03-30 10:18:53,237 [TRACE] uvicorn.asgi: ::1:50617 - ASGI [7] Send {'type': 'http.response.body', 'body': '<45 bytes>', 'more_body': True}
2026-03-30 10:19:08,239 [TRACE] uvicorn.asgi: ::1:50617 - ASGI [7] Send {'type': 'http.response.body', 'body': '<45 bytes>', 'more_body': True}
2026-03-30 10:19:23,241 [TRACE] uvicorn.asgi: ::1:50617 - ASGI [7] Send {'type': 'http.response.body', 'body': '<45 bytes>', 'more_body': True}
2026-03-30 10:19:38,243 [TRACE] uvicorn.asgi: ::1:50617 - ASGI [7] Send {'type': 'http.response.body', 'body': '<45 bytes>', 'more_body': True}
2026-03-30 10:19:53,246 [TRACE] uvicorn.asgi: ::1:50617 - ASGI [7] Send {'type': 'http.response.body', 'body': '<45 bytes>', 'more_body': True}
2026-03-30 10:20:08,248 [TRACE] uvicorn.asgi: ::1:50617 - ASGI [7] Send {'type': 'http.response.body', 'body': '<45 bytes>', 'more_body': True}
2026-03-30 10:20:23,250 [TRACE] uvicorn.asgi: ::1:50617 - ASGI [7] Send {'type': 'http.response.body', 'body': '<45 bytes>', 'more_body': True}
2026-03-30 10:20:38,252 [TRACE] uvicorn.asgi: ::1:50617 - ASGI [7] Send {'type': 'http.response.body', 'body': '<45 bytes>', 'more_body': True}
2026-03-30 10:20:53,254 [TRACE] uvicorn.asgi: ::1:50617 - ASGI [7] Send {'type': 'http.response.body', 'body': '<45 bytes>', 'more_body': True}
2026-03-30 10:21:08,256 [TRACE] uvicorn.asgi: ::1:50617 - ASGI [7] Send {'type': 'http.response.body', 'body': '<45 bytes>', 'more_body': True}
2026-03-30 10:21:23,258 [TRACE] uvicorn.asgi: ::1:50617 - ASGI [7] Send {'type': 'http.response.body', 'body': '<45 bytes>', 'more_body': True}
2026-03-30 10:21:38,261 [TRACE] uvicorn.asgi: ::1:50617 - ASGI [7] Send {'type': 'http.response.body', 'body': '<45 bytes>', 'more_body': True}
2026-03-30 10:21:53,263 [TRACE] uvicorn.asgi: ::1:50617 - ASGI [7] Send {'type': 'http.response.body', 'body': '<45 bytes>', 'more_body': True}
2026-03-30 10:22:08,265 [TRACE] uvicorn.asgi: ::1:50617 - ASGI [7] Send {'type': 'http.response.body', 'body': '<45 bytes>', 'more_body': True}
2026-03-30 10:22:23,267 [TRACE] uvicorn.asgi: ::1:50617 - ASGI [7] Send {'type': 'http.response.body', 'body': '<45 bytes>', 'more_body': True}
2026-03-30 10:22:38,269 [TRACE] uvicorn.asgi: ::1:50617 - ASGI [7] Send {'type': 'http.response.body', 'body': '<45 bytes>', 'more_body': True}
2026-03-30 10:22:53,271 [TRACE] uvicorn.asgi: ::1:50617 - ASGI [7] Send {'type': 'http.response.body', 'body': '<45 bytes>', 'more_body': True}
2026-03-30 10:23:08,273 [TRACE] uvicorn.asgi: ::1:50617 - ASGI [7] Send {'type': 'http.response.body', 'body': '<45 bytes>', 'more_body': True}
2026-03-30 10:23:23,276 [TRACE] uvicorn.asgi: ::1:50617 - ASGI [7] Send {'type': 'http.response.body', 'body': '<45 bytes>', 'more_body': True}
2026-03-30 10:23:38,278 [TRACE] uvicorn.asgi: ::1:50617 - ASGI [7] Send {'type': 'http.response.body', 'body': '<45 bytes>', 'more_body': True}
2026-03-30 10:23:53,280 [TRACE] uvicorn.asgi: ::1:50617 - ASGI [7] Send {'type': 'http.response.body', 'body': '<45 bytes>', 'more_body': True}
2026-03-30 10:24:08,283 [TRACE] uvicorn.asgi: ::1:50617 - ASGI [7] Send {'type': 'http.response.body', 'body': '<45 bytes>', 'more_body': True}
2026-03-30 10:24:23,284 [TRACE] uvicorn.asgi: ::1:50617 - ASGI [7] Send {'type': 'http.response.body', 'body': '<45 bytes>', 'more_body': True}
2026-03-30 10:24:38,286 [TRACE] uvicorn.asgi: ::1:50617 - ASGI [7] Send {'type': 'http.response.body', 'body': '<45 bytes>', 'more_body': True}
2026-03-30 10:24:53,282 [TRACE] uvicorn.asgi: ::1:50617 - ASGI [7] Send {'type': 'http.response.body', 'body': '<45 bytes>', 'more_body': True}
2026-03-30 10:25:08,274 [TRACE] uvicorn.asgi: ::1:50617 - ASGI [7] Send {'type': 'http.response.body', 'body': '<45 bytes>', 'more_body': True}
2026-03-30 10:25:23,273 [TRACE] uvicorn.asgi: ::1:50617 - ASGI [7] Send {'type': 'http.response.body', 'body': '<45 bytes>', 'more_body': True}
2026-03-30 10:25:38,274 [TRACE] uvicorn.asgi: ::1:50617 - ASGI [7] Send {'type': 'http.response.body', 'body': '<45 bytes>', 'more_body': True}
2026-03-30 10:25:53,275 [TRACE] uvicorn.asgi: ::1:50617 - ASGI [7] Send {'type': 'http.response.body', 'body': '<45 bytes>', 'more_body': True}
2026-03-30 10:26:08,278 [TRACE] uvicorn.asgi: ::1:50617 - ASGI [7] Send {'type': 'http.response.body', 'body': '<45 bytes>', 'more_body': True}
2026-03-30 10:26:23,279 [TRACE] uvicorn.asgi: ::1:50617 - ASGI [7] Send {'type': 'http.response.body', 'body': '<45 bytes>', 'more_body': True}
2026-03-30 10:26:38,281 [TRACE] uvicorn.asgi: ::1:50617 - ASGI [7] Send {'type': 'http.response.body', 'body': '<45 bytes>', 'more_body': True}
2026-03-30 10:26:53,283 [TRACE] uvicorn.asgi: ::1:50617 - ASGI [7] Send {'type': 'http.response.body', 'body': '<45 bytes>', 'more_body': True}
2026-03-30 10:27:08,285 [TRACE] uvicorn.asgi: ::1:50617 - ASGI [7] Send {'type': 'http.response.body', 'body': '<45 bytes>', 'more_body': True}
2026-03-30 10:27:23,288 [TRACE] uvicorn.asgi: ::1:50617 - ASGI [7] Send {'type': 'http.response.body', 'body': '<45 bytes>', 'more_body': True}
2026-03-30 10:27:38,290 [TRACE] uvicorn.asgi: ::1:50617 - ASGI [7] Send {'type': 'http.response.body', 'body': '<45 bytes>', 'more_body': True}
2026-03-30 10:27:53,292 [TRACE] uvicorn.asgi: ::1:50617 - ASGI [7] Send {'type': 'http.response.body', 'body': '<45 bytes>', 'more_body': True}
2026-03-30 10:28:08,294 [TRACE] uvicorn.asgi: ::1:50617 - ASGI [7] Send {'type': 'http.response.body', 'body': '<45 bytes>', 'more_body': True}
2026-03-30 10:28:23,296 [TRACE] uvicorn.asgi: ::1:50617 - ASGI [7] Send {'type': 'http.response.body', 'body': '<45 bytes>', 'more_body': True}
2026-03-30 10:28:38,298 [TRACE] uvicorn.asgi: ::1:50617 - ASGI [7] Send {'type': 'http.response.body', 'body': '<45 bytes>', 'more_body': True}
2026-03-30 10:28:53,300 [TRACE] uvicorn.asgi: ::1:50617 - ASGI [7] Send {'type': 'http.response.body', 'body': '<45 bytes>', 'more_body': True}
2026-03-30 10:29:08,303 [TRACE] uvicorn.asgi: ::1:50617 - ASGI [7] Send {'type': 'http.response.body', 'body': '<45 bytes>', 'more_body': True}
2026-03-30 10:29:23,305 [TRACE] uvicorn.asgi: ::1:50617 - ASGI [7] Send {'type': 'http.response.body', 'body': '<45 bytes>', 'more_body': True}
2026-03-30 10:29:38,307 [TRACE] uvicorn.asgi: ::1:50617 - ASGI [7] Send {'type': 'http.response.body', 'body': '<45 bytes>', 'more_body': True}
2026-03-30 10:29:53,309 [TRACE] uvicorn.asgi: ::1:50617 - ASGI [7] Send {'type': 'http.response.body', 'body': '<45 bytes>', 'more_body': True}
2026-03-30 10:30:08,311 [TRACE] uvicorn.asgi: ::1:50617 - ASGI [7] Send {'type': 'http.response.body', 'body': '<45 bytes>', 'more_body': True}
2026-03-30 10:30:23,312 [TRACE] uvicorn.asgi: ::1:50617 - ASGI [7] Send {'type': 'http.response.body', 'body': '<45 bytes>', 'more_body': True}
2026-03-30 10:30:38,315 [TRACE] uvicorn.asgi: ::1:50617 - ASGI [7] Send {'type': 'http.response.body', 'body': '<45 bytes>', 'more_body': True}
2026-03-30 10:30:53,317 [TRACE] uvicorn.asgi: ::1:50617 - ASGI [7] Send {'type': 'http.response.body', 'body': '<45 bytes>', 'more_body': True}
2026-03-30 10:31:08,319 [TRACE] uvicorn.asgi: ::1:50617 - ASGI [7] Send {'type': 'http.response.body', 'body': '<45 bytes>', 'more_body': True}
2026-03-30 10:31:23,321 [TRACE] uvicorn.asgi: ::1:50617 - ASGI [7] Send {'type': 'http.response.body', 'body': '<45 bytes>', 'more_body': True}
2026-03-30 10:31:38,323 [TRACE] uvicorn.asgi: ::1:50617 - ASGI [7] Send {'type': 'http.response.body', 'body': '<45 bytes>', 'more_body': True}
2026-03-30 10:31:53,325 [TRACE] uvicorn.asgi: ::1:50617 - ASGI [7] Send {'type': 'http.response.body', 'body': '<45 bytes>', 'more_body': True}
2026-03-30 10:32:08,327 [TRACE] uvicorn.asgi: ::1:50617 - ASGI [7] Send {'type': 'http.response.body', 'body': '<45 bytes>', 'more_body': True}
2026-03-30 10:32:23,330 [TRACE] uvicorn.asgi: ::1:50617 - ASGI [7] Send {'type': 'http.response.body', 'body': '<45 bytes>', 'more_body': True}
2026-03-30 10:32:38,332 [TRACE] uvicorn.asgi: ::1:50617 - ASGI [7] Send {'type': 'http.response.body', 'body': '<45 bytes>', 'more_body': True}
2026-03-30 10:32:53,333 [TRACE] uvicorn.asgi: ::1:50617 - ASGI [7] Send {'type': 'http.response.body', 'body': '<45 bytes>', 'more_body': True}
2026-03-30 10:33:08,335 [TRACE] uvicorn.asgi: ::1:50617 - ASGI [7] Send {'type': 'http.response.body', 'body': '<45 bytes>', 'more_body': True}
2026-03-30 10:33:23,337 [TRACE] uvicorn.asgi: ::1:50617 - ASGI [7] Send {'type': 'http.response.body', 'body': '<45 bytes>', 'more_body': True}
2026-03-30 10:33:38,340 [TRACE] uvicorn.asgi: ::1:50617 - ASGI [7] Send {'type': 'http.response.body', 'body': '<45 bytes>', 'more_body': True}
2026-03-30 10:33:53,342 [TRACE] uvicorn.asgi: ::1:50617 - ASGI [7] Send {'type': 'http.response.body', 'body': '<45 bytes>', 'more_body': True}
2026-03-30 10:34:08,343 [TRACE] uvicorn.asgi: ::1:50617 - ASGI [7] Send {'type': 'http.response.body', 'body': '<45 bytes>', 'more_body': True}
2026-03-30 10:34:23,346 [TRACE] uvicorn.asgi: ::1:50617 - ASGI [7] Send {'type': 'http.response.body', 'body': '<45 bytes>', 'more_body': True}
2026-03-30 10:34:38,348 [TRACE] uvicorn.asgi: ::1:50617 - ASGI [7] Send {'type': 'http.response.body', 'body': '<45 bytes>', 'more_body': True}
2026-03-30 10:34:53,349 [TRACE] uvicorn.asgi: ::1:50617 - ASGI [7] Send {'type': 'http.response.body', 'body': '<45 bytes>', 'more_body': True}
2026-03-30 10:35:08,351 [TRACE] uvicorn.asgi: ::1:50617 - ASGI [7] Send {'type': 'http.response.body', 'body': '<45 bytes>', 'more_body': True}
2026-03-30 10:35:23,353 [TRACE] uvicorn.asgi: ::1:50617 - ASGI [7] Send {'type': 'http.response.body', 'body': '<45 bytes>', 'more_body': True}
2026-03-30 10:35:38,356 [TRACE] uvicorn.asgi: ::1:50617 - ASGI [7] Send {'type': 'http.response.body', 'body': '<45 bytes>', 'more_body': True}
2026-03-30 10:35:53,358 [TRACE] uvicorn.asgi: ::1:50617 - ASGI [7] Send {'type': 'http.response.body', 'body': '<45 bytes>', 'more_body': True}
2026-03-30 10:36:08,360 [TRACE] uvicorn.asgi: ::1:50617 - ASGI [7] Send {'type': 'http.response.body', 'body': '<45 bytes>', 'more_body': True}
2026-03-30 10:36:23,362 [TRACE] uvicorn.asgi: ::1:50617 - ASGI [7] Send {'type': 'http.response.body', 'body': '<45 bytes>', 'more_body': True}
2026-03-30 10:36:38,365 [TRACE] uvicorn.asgi: ::1:50617 - ASGI [7] Send {'type': 'http.response.body', 'body': '<45 bytes>', 'more_body': True}
2026-03-30 10:36:53,366 [TRACE] uvicorn.asgi: ::1:50617 - ASGI [7] Send {'type': 'http.response.body', 'body': '<45 bytes>', 'more_body': True}
2026-03-30 10:37:08,368 [TRACE] uvicorn.asgi: ::1:50617 - ASGI [7] Send {'type': 'http.response.body', 'body': '<45 bytes>', 'more_body': True}
2026-03-30 10:37:23,370 [TRACE] uvicorn.asgi: ::1:50617 - ASGI [7] Send {'type': 'http.response.body', 'body': '<45 bytes>', 'more_body': True}
2026-03-30 10:37:38,373 [TRACE] uvicorn.asgi: ::1:50617 - ASGI [7] Send {'type': 'http.response.body', 'body': '<45 bytes>', 'more_body': True}
2026-03-30 10:37:53,375 [TRACE] uvicorn.asgi: ::1:50617 - ASGI [7] Send {'type': 'http.response.body', 'body': '<45 bytes>', 'more_body': True}
2026-03-30 10:38:08,376 [TRACE] uvicorn.asgi: ::1:50617 - ASGI [7] Send {'type': 'http.response.body', 'body': '<45 bytes>', 'more_body': True}
2026-03-30 10:38:23,378 [TRACE] uvicorn.asgi: ::1:50617 - ASGI [7] Send {'type': 'http.response.body', 'body': '<45 bytes>', 'more_body': True}
2026-03-30 10:38:38,380 [TRACE] uvicorn.asgi: ::1:50617 - ASGI [7] Send {'type': 'http.response.body', 'body': '<45 bytes>', 'more_body': True}
2026-03-30 10:38:53,382 [TRACE] uvicorn.asgi: ::1:50617 - ASGI [7] Send {'type': 'http.response.body', 'body': '<45 bytes>', 'more_body': True}
2026-03-30 10:39:08,384 [TRACE] uvicorn.asgi: ::1:50617 - ASGI [7] Send {'type': 'http.response.body', 'body': '<45 bytes>', 'more_body': True}
2026-03-30 10:39:23,387 [TRACE] uvicorn.asgi: ::1:50617 - ASGI [7] Send {'type': 'http.response.body', 'body': '<45 bytes>', 'more_body': True}
2026-03-30 10:39:38,388 [TRACE] uvicorn.asgi: ::1:50617 - ASGI [7] Send {'type': 'http.response.body', 'body': '<45 bytes>', 'more_body': True}
2026-03-30 10:39:53,389 [TRACE] uvicorn.asgi: ::1:50617 - ASGI [7] Send {'type': 'http.response.body', 'body': '<45 bytes>', 'more_body': True}
2026-03-30 10:40:08,391 [TRACE] uvicorn.asgi: ::1:50617 - ASGI [7] Send {'type': 'http.response.body', 'body': '<45 bytes>', 'more_body': True}
2026-03-30 10:40:23,393 [TRACE] uvicorn.asgi: ::1:50617 - ASGI [7] Send {'type': 'http.response.body', 'body': '<45 bytes>', 'more_body': True}
2026-03-30 10:40:38,394 [TRACE] uvicorn.asgi: ::1:50617 - ASGI [7] Send {'type': 'http.response.body', 'body': '<45 bytes>', 'more_body': True}
2026-03-30 10:40:53,397 [TRACE] uvicorn.asgi: ::1:50617 - ASGI [7] Send {'type': 'http.response.body', 'body': '<45 bytes>', 'more_body': True}
2026-03-30 10:41:08,399 [TRACE] uvicorn.asgi: ::1:50617 - ASGI [7] Send {'type': 'http.response.body', 'body': '<45 bytes>', 'more_body': True}
2026-03-30 10:41:23,401 [TRACE] uvicorn.asgi: ::1:50617 - ASGI [7] Send {'type': 'http.response.body', 'body': '<45 bytes>', 'more_body': True}
2026-03-30 10:41:38,403 [TRACE] uvicorn.asgi: ::1:50617 - ASGI [7] Send {'type': 'http.response.body', 'body': '<45 bytes>', 'more_body': True}
2026-03-30 10:41:53,404 [TRACE] uvicorn.asgi: ::1:50617 - ASGI [7] Send {'type': 'http.response.body', 'body': '<45 bytes>', 'more_body': True}
2026-03-30 10:42:08,407 [TRACE] uvicorn.asgi: ::1:50617 - ASGI [7] Send {'type': 'http.response.body', 'body': '<45 bytes>', 'more_body': True}
2026-03-30 10:42:23,409 [TRACE] uvicorn.asgi: ::1:50617 - ASGI [7] Send {'type': 'http.response.body', 'body': '<45 bytes>', 'more_body': True}
2026-03-30 10:42:38,412 [TRACE] uvicorn.asgi: ::1:50617 - ASGI [7] Send {'type': 'http.response.body', 'body': '<45 bytes>', 'more_body': True}
2026-03-30 10:42:53,414 [TRACE] uvicorn.asgi: ::1:50617 - ASGI [7] Send {'type': 'http.response.body', 'body': '<45 bytes>', 'more_body': True}
2026-03-30 10:43:08,415 [TRACE] uvicorn.asgi: ::1:50617 - ASGI [7] Send {'type': 'http.response.body', 'body': '<45 bytes>', 'more_body': True}
2026-03-30 10:43:23,417 [TRACE] uvicorn.asgi: ::1:50617 - ASGI [7] Send {'type': 'http.response.body', 'body': '<45 bytes>', 'more_body': True}
2026-03-30 10:43:38,419 [TRACE] uvicorn.asgi: ::1:50617 - ASGI [7] Send {'type': 'http.response.body', 'body': '<45 bytes>', 'more_body': True}
2026-03-30 10:43:53,422 [TRACE] uvicorn.asgi: ::1:50617 - ASGI [7] Send {'type': 'http.response.body', 'body': '<45 bytes>', 'more_body': True}
2026-03-30 10:44:08,424 [TRACE] uvicorn.asgi: ::1:50617 - ASGI [7] Send {'type': 'http.response.body', 'body': '<45 bytes>', 'more_body': True}
2026-03-30 10:44:23,426 [TRACE] uvicorn.asgi: ::1:50617 - ASGI [7] Send {'type': 'http.response.body', 'body': '<45 bytes>', 'more_body': True}
2026-03-30 10:44:38,427 [TRACE] uvicorn.asgi: ::1:50617 - ASGI [7] Send {'type': 'http.response.body', 'body': '<45 bytes>', 'more_body': True}
2026-03-30 10:44:53,430 [TRACE] uvicorn.asgi: ::1:50617 - ASGI [7] Send {'type': 'http.response.body', 'body': '<45 bytes>', 'more_body': True}
2026-03-30 10:45:08,432 [TRACE] uvicorn.asgi: ::1:50617 - ASGI [7] Send {'type': 'http.response.body', 'body': '<45 bytes>', 'more_body': True}
2026-03-30 10:45:23,433 [TRACE] uvicorn.asgi: ::1:50617 - ASGI [7] Send {'type': 'http.response.body', 'body': '<45 bytes>', 'more_body': True}
2026-03-30 10:45:38,436 [TRACE] uvicorn.asgi: ::1:50617 - ASGI [7] Send {'type': 'http.response.body', 'body': '<45 bytes>', 'more_body': True}
2026-03-30 10:45:53,438 [TRACE] uvicorn.asgi: ::1:50617 - ASGI [7] Send {'type': 'http.response.body', 'body': '<45 bytes>', 'more_body': True}
2026-03-30 10:46:08,440 [TRACE] uvicorn.asgi: ::1:50617 - ASGI [7] Send {'type': 'http.response.body', 'body': '<45 bytes>', 'more_body': True}
2026-03-30 10:46:23,442 [TRACE] uvicorn.asgi: ::1:50617 - ASGI [7] Send {'type': 'http.response.body', 'body': '<45 bytes>', 'more_body': True}
2026-03-30 10:46:38,443 [TRACE] uvicorn.asgi: ::1:50617 - ASGI [7] Send {'type': 'http.response.body', 'body': '<45 bytes>', 'more_body': True}
2026-03-30 10:46:53,446 [TRACE] uvicorn.asgi: ::1:50617 - ASGI [7] Send {'type': 'http.response.body', 'body': '<45 bytes>', 'more_body': True}
2026-03-30 10:47:08,448 [TRACE] uvicorn.asgi: ::1:50617 - ASGI [7] Send {'type': 'http.response.body', 'body': '<45 bytes>', 'more_body': True}
2026-03-30 10:47:23,450 [TRACE] uvicorn.asgi: ::1:50617 - ASGI [7] Send {'type': 'http.response.body', 'body': '<45 bytes>', 'more_body': True}
2026-03-30 10:47:38,452 [TRACE] uvicorn.asgi: ::1:50617 - ASGI [7] Send {'type': 'http.response.body', 'body': '<45 bytes>', 'more_body': True}
2026-03-30 10:47:53,454 [TRACE] uvicorn.asgi: ::1:50617 - ASGI [7] Send {'type': 'http.response.body', 'body': '<45 bytes>', 'more_body': True}
2026-03-30 10:48:08,456 [TRACE] uvicorn.asgi: ::1:50617 - ASGI [7] Send {'type': 'http.response.body', 'body': '<45 bytes>', 'more_body': True}
2026-03-30 10:48:23,458 [TRACE] uvicorn.asgi: ::1:50617 - ASGI [7] Send {'type': 'http.response.body', 'body': '<45 bytes>', 'more_body': True}
2026-03-30 10:48:38,460 [TRACE] uvicorn.asgi: ::1:50617 - ASGI [7] Send {'type': 'http.response.body', 'body': '<45 bytes>', 'more_body': True}
2026-03-30 10:48:53,463 [TRACE] uvicorn.asgi: ::1:50617 - ASGI [7] Send {'type': 'http.response.body', 'body': '<45 bytes>', 'more_body': True}
2026-03-30 10:49:08,465 [TRACE] uvicorn.asgi: ::1:50617 - ASGI [7] Send {'type': 'http.response.body', 'body': '<45 bytes>', 'more_body': True}
2026-03-30 10:49:23,467 [TRACE] uvicorn.asgi: ::1:50617 - ASGI [7] Send {'type': 'http.response.body', 'body': '<45 bytes>', 'more_body': True}
2026-03-30 10:49:38,469 [TRACE] uvicorn.asgi: ::1:50617 - ASGI [7] Send {'type': 'http.response.body', 'body': '<45 bytes>', 'more_body': True}
2026-03-30 10:49:53,471 [TRACE] uvicorn.asgi: ::1:50617 - ASGI [7] Send {'type': 'http.response.body', 'body': '<45 bytes>', 'more_body': True}
2026-03-30 10:50:08,473 [TRACE] uvicorn.asgi: ::1:50617 - ASGI [7] Send {'type': 'http.response.body', 'body': '<45 bytes>', 'more_body': True}
2026-03-30 10:50:23,475 [TRACE] uvicorn.asgi: ::1:50617 - ASGI [7] Send {'type': 'http.response.body', 'body': '<45 bytes>', 'more_body': True}
2026-03-30 10:50:38,477 [TRACE] uvicorn.asgi: ::1:50617 - ASGI [7] Send {'type': 'http.response.body', 'body': '<45 bytes>', 'more_body': True}
2026-03-30 10:50:53,479 [TRACE] uvicorn.asgi: ::1:50617 - ASGI [7] Send {'type': 'http.response.body', 'body': '<45 bytes>', 'more_body': True}
2026-03-30 10:51:08,481 [TRACE] uvicorn.asgi: ::1:50617 - ASGI [7] Send {'type': 'http.response.body', 'body': '<45 bytes>', 'more_body': True}
2026-03-30 10:51:23,483 [TRACE] uvicorn.asgi: ::1:50617 - ASGI [7] Send {'type': 'http.response.body', 'body': '<45 bytes>', 'more_body': True}
2026-03-30 10:51:35,134 [TRACE] uvicorn.error: ::1:49794 - HTTP connection made
2026-03-30 10:51:35,135 [TRACE] uvicorn.asgi: ::1:49794 - ASGI [12] Started scope={'type': 'http', 'asgi': {'version': '3.0', 'spec_version': '2.3'}, 'http_version': '1.1', 'server': ('::1', 8003), 'client': ('::1', 49794), 'scheme': 'http', 'method': 'POST', 'root_path': '', 'path': '/mcp', 'raw_path': b'/mcp', 'query_string': b'', 'headers': '<...>', 'state': {}}
2026-03-30 10:51:35,136 [TRACE] uvicorn.asgi: ::1:49794 - ASGI [12] Send {'type': 'http.response.start', 'status': 307, 'headers': '<...>'}
2026-03-30 10:51:35,136 [INFO] uvicorn.access: ::1:49794 - "POST /mcp HTTP/1.1" 307
2026-03-30 10:51:35,136 [TRACE] uvicorn.asgi: ::1:49794 - ASGI [12] Send {'type': 'http.response.body', 'body': '<0 bytes>'}
2026-03-30 10:51:35,136 [TRACE] uvicorn.asgi: ::1:49794 - ASGI [12] Completed
2026-03-30 10:51:35,137 [TRACE] uvicorn.error: ::1:49794 - HTTP connection lost
2026-03-30 10:51:35,138 [TRACE] uvicorn.error: ::1:49795 - HTTP connection made
2026-03-30 10:51:35,138 [TRACE] uvicorn.asgi: ::1:49795 - ASGI [13] Started scope={'type': 'http', 'asgi': {'version': '3.0', 'spec_version': '2.3'}, 'http_version': '1.1', 'server': ('::1', 8003), 'client': ('::1', 49795), 'scheme': 'http', 'method': 'POST', 'root_path': '', 'path': '/mcp/', 'raw_path': b'/mcp/', 'query_string': b'', 'headers': '<...>', 'state': {}}
2026-03-30 10:51:35,138 [TRACE] uvicorn.asgi: ::1:49795 - ASGI [13] Receive {'type': 'http.request', 'body': '<185 bytes>', 'more_body': False}
2026-03-30 10:51:35,139 [TRACE] uvicorn.asgi: ::1:49795 - ASGI [13] Send {'type': 'http.response.start', 'status': 200, 'headers': '<...>'}
2026-03-30 10:51:35,139 [INFO] uvicorn.access: ::1:49795 - "POST /mcp/ HTTP/1.1" 200
2026-03-30 10:51:35,140 [INFO] mcp.server.lowlevel.server: Processing request of type GetPromptRequest
2026-03-30 10:51:35,141 [TRACE] uvicorn.asgi: ::1:49795 - ASGI [13] Send {'type': 'http.response.body', 'body': '<500 bytes>', 'more_body': True}
2026-03-30 10:51:35,141 [TRACE] uvicorn.asgi: ::1:49795 - ASGI [13] Send {'type': 'http.response.body', 'body': '<0 bytes>', 'more_body': False}
2026-03-30 10:51:35,142 [TRACE] uvicorn.asgi: ::1:49795 - ASGI [13] Receive {'type': 'http.disconnect'}
2026-03-30 10:51:35,142 [TRACE] uvicorn.asgi: ::1:49795 - ASGI [13] Completed
2026-03-30 10:51:36,708 [TRACE] uvicorn.asgi: ::1:49795 - ASGI [14] Started scope={'type': 'http', 'asgi': {'version': '3.0', 'spec_version': '2.3'}, 'http_version': '1.1', 'server': ('::1', 8003), 'client': ('::1', 49795), 'scheme': 'http', 'method': 'POST', 'root_path': '', 'path': '/mcp', 'raw_path': b'/mcp', 'query_string': b'', 'headers': '<...>', 'state': {}}
2026-03-30 10:51:36,709 [TRACE] uvicorn.asgi: ::1:49795 - ASGI [14] Send {'type': 'http.response.start', 'status': 307, 'headers': '<...>'}
2026-03-30 10:51:36,709 [INFO] uvicorn.access: ::1:49795 - "POST /mcp HTTP/1.1" 307
2026-03-30 10:51:36,709 [TRACE] uvicorn.asgi: ::1:49795 - ASGI [14] Send {'type': 'http.response.body', 'body': '<0 bytes>'}
2026-03-30 10:51:36,709 [TRACE] uvicorn.asgi: ::1:49795 - ASGI [14] Completed
2026-03-30 10:51:36,710 [TRACE] uvicorn.error: ::1:49795 - HTTP connection lost
2026-03-30 10:51:36,711 [TRACE] uvicorn.error: ::1:49800 - HTTP connection made
2026-03-30 10:51:36,711 [TRACE] uvicorn.asgi: ::1:49800 - ASGI [15] Started scope={'type': 'http', 'asgi': {'version': '3.0', 'spec_version': '2.3'}, 'http_version': '1.1', 'server': ('::1', 8003), 'client': ('::1', 49800), 'scheme': 'http', 'method': 'POST', 'root_path': '', 'path': '/mcp/', 'raw_path': b'/mcp/', 'query_string': b'', 'headers': '<...>', 'state': {}}
2026-03-30 10:51:36,712 [TRACE] uvicorn.asgi: ::1:49800 - ASGI [15] Receive {'type': 'http.request', 'body': '<185 bytes>', 'more_body': False}
2026-03-30 10:51:36,712 [TRACE] uvicorn.asgi: ::1:49800 - ASGI [15] Send {'type': 'http.response.start', 'status': 200, 'headers': '<...>'}
2026-03-30 10:51:36,712 [INFO] uvicorn.access: ::1:49800 - "POST /mcp/ HTTP/1.1" 200
2026-03-30 10:51:36,713 [INFO] mcp.server.lowlevel.server: Processing request of type GetPromptRequest
2026-03-30 10:51:36,714 [TRACE] uvicorn.asgi: ::1:49800 - ASGI [15] Send {'type': 'http.response.body', 'body': '<500 bytes>', 'more_body': True}
2026-03-30 10:51:36,714 [TRACE] uvicorn.asgi: ::1:49800 - ASGI [15] Send {'type': 'http.response.body', 'body': '<0 bytes>', 'more_body': False}
2026-03-30 10:51:36,714 [TRACE] uvicorn.asgi: ::1:49800 - ASGI [15] Receive {'type': 'http.disconnect'}
2026-03-30 10:51:36,715 [TRACE] uvicorn.asgi: ::1:49800 - ASGI [15] Completed
2026-03-30 10:51:38,485 [TRACE] uvicorn.asgi: ::1:50617 - ASGI [7] Send {'type': 'http.response.body', 'body': '<45 bytes>', 'more_body': True}
2026-03-30 10:51:41,698 [TRACE] uvicorn.asgi: ::1:49800 - ASGI [16] Started scope={'type': 'http', 'asgi': {'version': '3.0', 'spec_version': '2.3'}, 'http_version': '1.1', 'server': ('::1', 8003), 'client': ('::1', 49800), 'scheme': 'http', 'method': 'DELETE', 'root_path': '', 'path': '/mcp', 'raw_path': b'/mcp', 'query_string': b'', 'headers': '<...>', 'state': {}}
2026-03-30 10:51:41,698 [TRACE] uvicorn.asgi: ::1:49800 - ASGI [16] Send {'type': 'http.response.start', 'status': 307, 'headers': '<...>'}
2026-03-30 10:51:41,699 [INFO] uvicorn.access: ::1:49800 - "DELETE /mcp HTTP/1.1" 307
2026-03-30 10:51:41,699 [TRACE] uvicorn.asgi: ::1:49800 - ASGI [16] Send {'type': 'http.response.body', 'body': '<0 bytes>'}
2026-03-30 10:51:41,699 [TRACE] uvicorn.asgi: ::1:49800 - ASGI [16] Completed
2026-03-30 10:51:41,700 [TRACE] uvicorn.error: ::1:49800 - HTTP connection lost
2026-03-30 10:51:41,703 [TRACE] uvicorn.error: ::1:49814 - HTTP connection made
2026-03-30 10:51:41,703 [TRACE] uvicorn.error: ::1:49815 - HTTP connection made
2026-03-30 10:51:41,704 [TRACE] uvicorn.asgi: ::1:49814 - ASGI [17] Started scope={'type': 'http', 'asgi': {'version': '3.0', 'spec_version': '2.3'}, 'http_version': '1.1', 'server': ('::1', 8003), 'client': ('::1', 49814), 'scheme': 'http', 'method': 'DELETE', 'root_path': '', 'path': '/mcp/', 'raw_path': b'/mcp/', 'query_string': b'', 'headers': '<...>', 'state': {}}
2026-03-30 10:51:41,704 [INFO] mcp.server.streamable_http: Terminating session: ada90514fac646d68b3a10b86ac43582
2026-03-30 10:51:41,704 [TRACE] uvicorn.asgi: ::1:49814 - ASGI [17] Send {'type': 'http.response.start', 'status': <HTTPStatus.OK: 200>, 'headers': '<...>'}
2026-03-30 10:51:41,704 [INFO] uvicorn.access: ::1:49814 - "DELETE /mcp/ HTTP/1.1" 200
2026-03-30 10:51:41,704 [TRACE] uvicorn.asgi: ::1:49814 - ASGI [17] Send {'type': 'http.response.body', 'body': '<0 bytes>'}
2026-03-30 10:51:41,704 [TRACE] uvicorn.asgi: ::1:49814 - ASGI [17] Completed
2026-03-30 10:51:41,704 [TRACE] uvicorn.asgi: ::1:49815 - ASGI [18] Started scope={'type': 'http', 'asgi': {'version': '3.0', 'spec_version': '2.3'}, 'http_version': '1.1', 'server': ('::1', 8003), 'client': ('::1', 49815), 'scheme': 'http', 'method': 'POST', 'root_path': '', 'path': '/mcp', 'raw_path': b'/mcp', 'query_string': b'', 'headers': '<...>', 'state': {}}
2026-03-30 10:51:41,704 [TRACE] uvicorn.asgi: ::1:49815 - ASGI [18] Send {'type': 'http.response.start', 'status': 307, 'headers': '<...>'}
2026-03-30 10:51:41,704 [INFO] uvicorn.access: ::1:49815 - "POST /mcp HTTP/1.1" 307
2026-03-30 10:51:41,705 [TRACE] uvicorn.asgi: ::1:49815 - ASGI [18] Send {'type': 'http.response.body', 'body': '<0 bytes>'}
2026-03-30 10:51:41,705 [TRACE] uvicorn.asgi: ::1:49815 - ASGI [18] Completed
2026-03-30 10:51:41,705 [TRACE] uvicorn.asgi: ::1:50617 - ASGI [7] Send {'type': 'http.response.body', 'body': '<0 bytes>', 'more_body': False}
2026-03-30 10:51:41,705 [TRACE] uvicorn.asgi: ::1:50617 - ASGI [7] Receive {'type': 'http.disconnect'}
2026-03-30 10:51:41,705 [TRACE] uvicorn.asgi: ::1:50617 - ASGI [7] Completed
2026-03-30 10:51:41,705 [TRACE] uvicorn.error: ::1:50617 - HTTP connection lost
2026-03-30 10:51:41,708 [TRACE] uvicorn.error: ::1:49815 - HTTP connection lost
2026-03-30 10:51:41,709 [TRACE] uvicorn.asgi: ::1:49814 - ASGI [19] Started scope={'type': 'http', 'asgi': {'version': '3.0', 'spec_version': '2.3'}, 'http_version': '1.1', 'server': ('::1', 8003), 'client': ('::1', 49814), 'scheme': 'http', 'method': 'POST', 'root_path': '', 'path': '/mcp/', 'raw_path': b'/mcp/', 'query_string': b'', 'headers': '<...>', 'state': {}}
2026-03-30 10:51:41,709 [INFO] mcp.server.streamable_http_manager: Created new transport with session ID: a706fc29178544e2a7ed3ae11e19c21f
2026-03-30 10:51:41,710 [TRACE] uvicorn.asgi: ::1:49814 - ASGI [19] Receive {'type': 'http.request', 'body': '<330 bytes>', 'more_body': False}
2026-03-30 10:51:41,711 [TRACE] uvicorn.asgi: ::1:49814 - ASGI [19] Send {'type': 'http.response.start', 'status': 200, 'headers': '<...>'}
2026-03-30 10:51:41,711 [INFO] uvicorn.access: ::1:49814 - "POST /mcp/ HTTP/1.1" 200
2026-03-30 10:51:41,711 [TRACE] uvicorn.asgi: ::1:49814 - ASGI [19] Send {'type': 'http.response.body', 'body': '<431 bytes>', 'more_body': True}
2026-03-30 10:51:41,712 [TRACE] uvicorn.asgi: ::1:49814 - ASGI [19] Send {'type': 'http.response.body', 'body': '<0 bytes>', 'more_body': False}
2026-03-30 10:51:41,712 [TRACE] uvicorn.asgi: ::1:49814 - ASGI [19] Receive {'type': 'http.disconnect'}
2026-03-30 10:51:41,712 [TRACE] uvicorn.asgi: ::1:49814 - ASGI [19] Completed
2026-03-30 10:51:41,715 [TRACE] uvicorn.asgi: ::1:49814 - ASGI [20] Started scope={'type': 'http', 'asgi': {'version': '3.0', 'spec_version': '2.3'}, 'http_version': '1.1', 'server': ('::1', 8003), 'client': ('::1', 49814), 'scheme': 'http', 'method': 'POST', 'root_path': '', 'path': '/mcp', 'raw_path': b'/mcp', 'query_string': b'', 'headers': '<...>', 'state': {}}
2026-03-30 10:51:41,715 [TRACE] uvicorn.asgi: ::1:49814 - ASGI [20] Send {'type': 'http.response.start', 'status': 307, 'headers': '<...>'}
2026-03-30 10:51:41,716 [INFO] uvicorn.access: ::1:49814 - "POST /mcp HTTP/1.1" 307
2026-03-30 10:51:41,716 [TRACE] uvicorn.asgi: ::1:49814 - ASGI [20] Send {'type': 'http.response.body', 'body': '<0 bytes>'}
2026-03-30 10:51:41,716 [TRACE] uvicorn.asgi: ::1:49814 - ASGI [20] Completed
2026-03-30 10:51:41,716 [TRACE] uvicorn.error: ::1:49814 - HTTP connection lost
2026-03-30 10:51:41,717 [TRACE] uvicorn.error: ::1:49816 - HTTP connection made
2026-03-30 10:51:41,717 [TRACE] uvicorn.asgi: ::1:49816 - ASGI [21] Started scope={'type': 'http', 'asgi': {'version': '3.0', 'spec_version': '2.3'}, 'http_version': '1.1', 'server': ('::1', 8003), 'client': ('::1', 49816), 'scheme': 'http', 'method': 'POST', 'root_path': '', 'path': '/mcp/', 'raw_path': b'/mcp/', 'query_string': b'', 'headers': '<...>', 'state': {}}
2026-03-30 10:51:41,717 [TRACE] uvicorn.asgi: ::1:49816 - ASGI [21] Receive {'type': 'http.request', 'body': '<54 bytes>', 'more_body': False}
2026-03-30 10:51:41,717 [TRACE] uvicorn.asgi: ::1:49816 - ASGI [21] Send {'type': 'http.response.start', 'status': <HTTPStatus.ACCEPTED: 202>, 'headers': '<...>'}
2026-03-30 10:51:41,717 [INFO] uvicorn.access: ::1:49816 - "POST /mcp/ HTTP/1.1" 202
2026-03-30 10:51:41,718 [TRACE] uvicorn.asgi: ::1:49816 - ASGI [21] Send {'type': 'http.response.body', 'body': '<0 bytes>'}
2026-03-30 10:51:41,718 [TRACE] uvicorn.asgi: ::1:49816 - ASGI [21] Completed
2026-03-30 10:51:41,718 [TRACE] uvicorn.asgi: ::1:49816 - ASGI [22] Started scope={'type': 'http', 'asgi': {'version': '3.0', 'spec_version': '2.3'}, 'http_version': '1.1', 'server': ('::1', 8003), 'client': ('::1', 49816), 'scheme': 'http', 'method': 'GET', 'root_path': '', 'path': '/mcp', 'raw_path': b'/mcp', 'query_string': b'', 'headers': '<...>', 'state': {}}
2026-03-30 10:51:41,718 [TRACE] uvicorn.asgi: ::1:49816 - ASGI [22] Send {'type': 'http.response.start', 'status': 307, 'headers': '<...>'}
2026-03-30 10:51:41,719 [INFO] uvicorn.access: ::1:49816 - "GET /mcp HTTP/1.1" 307
2026-03-30 10:51:41,719 [TRACE] uvicorn.asgi: ::1:49816 - ASGI [22] Send {'type': 'http.response.body', 'body': '<0 bytes>'}
2026-03-30 10:51:41,719 [TRACE] uvicorn.asgi: ::1:49816 - ASGI [22] Completed
2026-03-30 10:51:41,719 [TRACE] uvicorn.error: ::1:49816 - HTTP connection lost
2026-03-30 10:51:41,719 [TRACE] uvicorn.error: ::1:49817 - HTTP connection made
2026-03-30 10:51:41,720 [TRACE] uvicorn.asgi: ::1:49817 - ASGI [23] Started scope={'type': 'http', 'asgi': {'version': '3.0', 'spec_version': '2.3'}, 'http_version': '1.1', 'server': ('::1', 8003), 'client': ('::1', 49817), 'scheme': 'http', 'method': 'GET', 'root_path': '', 'path': '/mcp/', 'raw_path': b'/mcp/', 'query_string': b'', 'headers': '<...>', 'state': {}}
2026-03-30 10:51:41,720 [TRACE] uvicorn.asgi: ::1:49817 - ASGI [23] Send {'type': 'http.response.start', 'status': 200, 'headers': '<...>'}
2026-03-30 10:51:41,720 [INFO] uvicorn.access: ::1:49817 - "GET /mcp/ HTTP/1.1" 200
2026-03-30 10:51:41,720 [TRACE] uvicorn.asgi: ::1:49817 - ASGI [23] Receive {'type': 'http.request', 'body': '<0 bytes>', 'more_body': False}
2026-03-30 10:51:56,722 [TRACE] uvicorn.asgi: ::1:49817 - ASGI [23] Send {'type': 'http.response.body', 'body': '<45 bytes>', 'more_body': True}
2026-03-30 10:51:57,864 [TRACE] uvicorn.error: ::1:49820 - HTTP connection made
2026-03-30 10:51:57,865 [TRACE] uvicorn.asgi: ::1:49820 - ASGI [24] Started scope={'type': 'http', 'asgi': {'version': '3.0', 'spec_version': '2.3'}, 'http_version': '1.1', 'server': ('::1', 8003), 'client': ('::1', 49820), 'scheme': 'http', 'method': 'POST', 'root_path': '', 'path': '/mcp', 'raw_path': b'/mcp', 'query_string': b'', 'headers': '<...>', 'state': {}}
2026-03-30 10:51:57,865 [TRACE] uvicorn.asgi: ::1:49820 - ASGI [24] Send {'type': 'http.response.start', 'status': 307, 'headers': '<...>'}
2026-03-30 10:51:57,865 [INFO] uvicorn.access: ::1:49820 - "POST /mcp HTTP/1.1" 307
2026-03-30 10:51:57,865 [TRACE] uvicorn.asgi: ::1:49820 - ASGI [24] Send {'type': 'http.response.body', 'body': '<0 bytes>'}
2026-03-30 10:51:57,865 [TRACE] uvicorn.asgi: ::1:49820 - ASGI [24] Completed
2026-03-30 10:51:57,866 [TRACE] uvicorn.error: ::1:49820 - HTTP connection lost
2026-03-30 10:51:57,866 [TRACE] uvicorn.error: ::1:49821 - HTTP connection made
2026-03-30 10:51:57,866 [TRACE] uvicorn.asgi: ::1:49821 - ASGI [25] Started scope={'type': 'http', 'asgi': {'version': '3.0', 'spec_version': '2.3'}, 'http_version': '1.1', 'server': ('::1', 8003), 'client': ('::1', 49821), 'scheme': 'http', 'method': 'POST', 'root_path': '', 'path': '/mcp/', 'raw_path': b'/mcp/', 'query_string': b'', 'headers': '<...>', 'state': {}}
2026-03-30 10:51:57,866 [TRACE] uvicorn.asgi: ::1:49821 - ASGI [25] Receive {'type': 'http.request', 'body': '<189 bytes>', 'more_body': False}
2026-03-30 10:51:57,867 [TRACE] uvicorn.asgi: ::1:49821 - ASGI [25] Send {'type': 'http.response.start', 'status': 200, 'headers': '<...>'}
2026-03-30 10:51:57,867 [INFO] uvicorn.access: ::1:49821 - "POST /mcp/ HTTP/1.1" 200
2026-03-30 10:51:57,867 [INFO] mcp.server.lowlevel.server: Processing request of type GetPromptRequest
2026-03-30 10:51:57,868 [TRACE] uvicorn.asgi: ::1:49821 - ASGI [25] Send {'type': 'http.response.body', 'body': '<504 bytes>', 'more_body': True}
2026-03-30 10:51:57,868 [TRACE] uvicorn.asgi: ::1:49821 - ASGI [25] Send {'type': 'http.response.body', 'body': '<0 bytes>', 'more_body': False}
2026-03-30 10:51:57,869 [TRACE] uvicorn.asgi: ::1:49821 - ASGI [25] Receive {'type': 'http.disconnect'}
2026-03-30 10:51:57,869 [TRACE] uvicorn.asgi: ::1:49821 - ASGI [25] Completed
2026-03-30 10:52:02,869 [TRACE] uvicorn.error: ::1:49821 - HTTP connection lost
2026-03-30 10:52:11,724 [TRACE] uvicorn.asgi: ::1:49817 - ASGI [23] Send {'type': 'http.response.body', 'body': '<45 bytes>', 'more_body': True}
2026-03-30 10:52:26,725 [TRACE] uvicorn.asgi: ::1:49817 - ASGI [23] Send {'type': 'http.response.body', 'body': '<45 bytes>', 'more_body': True}
2026-03-30 10:52:41,727 [TRACE] uvicorn.asgi: ::1:49817 - ASGI [23] Send {'type': 'http.response.body', 'body': '<45 bytes>', 'more_body': True}
2026-03-30 10:52:56,729 [TRACE] uvicorn.asgi: ::1:49817 - ASGI [23] Send {'type': 'http.response.body', 'body': '<45 bytes>', 'more_body': True}
2026-03-30 10:53:11,732 [TRACE] uvicorn.asgi: ::1:49817 - ASGI [23] Send {'type': 'http.response.body', 'body': '<45 bytes>', 'more_body': True}
2026-03-30 10:53:26,734 [TRACE] uvicorn.asgi: ::1:49817 - ASGI [23] Send {'type': 'http.response.body', 'body': '<45 bytes>', 'more_body': True}
2026-03-30 10:53:41,736 [TRACE] uvicorn.asgi: ::1:49817 - ASGI [23] Send {'type': 'http.response.body', 'body': '<45 bytes>', 'more_body': True}
2026-03-30 10:53:56,738 [TRACE] uvicorn.asgi: ::1:49817 - ASGI [23] Send {'type': 'http.response.body', 'body': '<45 bytes>', 'more_body': True}
2026-03-30 10:54:11,739 [TRACE] uvicorn.asgi: ::1:49817 - ASGI [23] Send {'type': 'http.response.body', 'body': '<45 bytes>', 'more_body': True}
2026-03-30 10:54:26,742 [TRACE] uvicorn.asgi: ::1:49817 - ASGI [23] Send {'type': 'http.response.body', 'body': '<45 bytes>', 'more_body': True}
2026-03-30 10:54:41,744 [TRACE] uvicorn.asgi: ::1:49817 - ASGI [23] Send {'type': 'http.response.body', 'body': '<45 bytes>', 'more_body': True}
2026-03-30 10:54:56,746 [TRACE] uvicorn.asgi: ::1:49817 - ASGI [23] Send {'type': 'http.response.body', 'body': '<45 bytes>', 'more_body': True}
2026-03-30 10:55:11,748 [TRACE] uvicorn.asgi: ::1:49817 - ASGI [23] Send {'type': 'http.response.body', 'body': '<45 bytes>', 'more_body': True}
2026-03-30 10:55:26,750 [TRACE] uvicorn.asgi: ::1:49817 - ASGI [23] Send {'type': 'http.response.body', 'body': '<45 bytes>', 'more_body': True}
2026-03-30 10:55:41,752 [TRACE] uvicorn.asgi: ::1:49817 - ASGI [23] Send {'type': 'http.response.body', 'body': '<45 bytes>', 'more_body': True}
2026-03-30 10:55:56,756 [TRACE] uvicorn.asgi: ::1:49817 - ASGI [23] Send {'type': 'http.response.body', 'body': '<45 bytes>', 'more_body': True}
2026-03-30 10:56:11,759 [TRACE] uvicorn.asgi: ::1:49817 - ASGI [23] Send {'type': 'http.response.body', 'body': '<45 bytes>', 'more_body': True}
2026-03-30 10:56:26,762 [TRACE] uvicorn.asgi: ::1:49817 - ASGI [23] Send {'type': 'http.response.body', 'body': '<45 bytes>', 'more_body': True}
2026-03-30 10:56:41,764 [TRACE] uvicorn.asgi: ::1:49817 - ASGI [23] Send {'type': 'http.response.body', 'body': '<45 bytes>', 'more_body': True}
2026-03-30 10:56:56,766 [TRACE] uvicorn.asgi: ::1:49817 - ASGI [23] Send {'type': 'http.response.body', 'body': '<45 bytes>', 'more_body': True}
2026-03-30 10:57:11,769 [TRACE] uvicorn.asgi: ::1:49817 - ASGI [23] Send {'type': 'http.response.body', 'body': '<45 bytes>', 'more_body': True}
2026-03-30 10:57:26,771 [TRACE] uvicorn.asgi: ::1:49817 - ASGI [23] Send {'type': 'http.response.body', 'body': '<45 bytes>', 'more_body': True}
2026-03-30 10:57:41,773 [TRACE] uvicorn.asgi: ::1:49817 - ASGI [23] Send {'type': 'http.response.body', 'body': '<45 bytes>', 'more_body': True}
2026-03-30 10:57:56,775 [TRACE] uvicorn.asgi: ::1:49817 - ASGI [23] Send {'type': 'http.response.body', 'body': '<45 bytes>', 'more_body': True}
2026-03-30 10:58:11,777 [TRACE] uvicorn.asgi: ::1:49817 - ASGI [23] Send {'type': 'http.response.body', 'body': '<45 bytes>', 'more_body': True}
2026-03-30 10:58:26,779 [TRACE] uvicorn.asgi: ::1:49817 - ASGI [23] Send {'type': 'http.response.body', 'body': '<45 bytes>', 'more_body': True}
2026-03-30 10:58:41,781 [TRACE] uvicorn.asgi: ::1:49817 - ASGI [23] Send {'type': 'http.response.body', 'body': '<45 bytes>', 'more_body': True}
2026-03-30 10:58:56,784 [TRACE] uvicorn.asgi: ::1:49817 - ASGI [23] Send {'type': 'http.response.body', 'body': '<45 bytes>', 'more_body': True}
2026-03-30 10:59:11,785 [TRACE] uvicorn.asgi: ::1:49817 - ASGI [23] Send {'type': 'http.response.body', 'body': '<45 bytes>', 'more_body': True}
2026-03-30 10:59:26,787 [TRACE] uvicorn.asgi: ::1:49817 - ASGI [23] Send {'type': 'http.response.body', 'body': '<45 bytes>', 'more_body': True}
2026-03-30 10:59:41,788 [TRACE] uvicorn.asgi: ::1:49817 - ASGI [23] Send {'type': 'http.response.body', 'body': '<45 bytes>', 'more_body': True}
2026-03-30 10:59:56,791 [TRACE] uvicorn.asgi: ::1:49817 - ASGI [23] Send {'type': 'http.response.body', 'body': '<45 bytes>', 'more_body': True}
2026-03-30 11:00:11,792 [TRACE] uvicorn.asgi: ::1:49817 - ASGI [23] Send {'type': 'http.response.body', 'body': '<45 bytes>', 'more_body': True}
2026-03-30 11:00:26,794 [TRACE] uvicorn.asgi: ::1:49817 - ASGI [23] Send {'type': 'http.response.body', 'body': '<45 bytes>', 'more_body': True}
2026-03-30 11:00:41,797 [TRACE] uvicorn.asgi: ::1:49817 - ASGI [23] Send {'type': 'http.response.body', 'body': '<45 bytes>', 'more_body': True}
2026-03-30 11:00:56,799 [TRACE] uvicorn.asgi: ::1:49817 - ASGI [23] Send {'type': 'http.response.body', 'body': '<45 bytes>', 'more_body': True}
2026-03-30 11:01:11,801 [TRACE] uvicorn.asgi: ::1:49817 - ASGI [23] Send {'type': 'http.response.body', 'body': '<45 bytes>', 'more_body': True}
2026-03-30 11:01:26,803 [TRACE] uvicorn.asgi: ::1:49817 - ASGI [23] Send {'type': 'http.response.body', 'body': '<45 bytes>', 'more_body': True}
2026-03-30 11:01:41,805 [TRACE] uvicorn.asgi: ::1:49817 - ASGI [23] Send {'type': 'http.response.body', 'body': '<45 bytes>', 'more_body': True}
2026-03-30 11:01:56,807 [TRACE] uvicorn.asgi: ::1:49817 - ASGI [23] Send {'type': 'http.response.body', 'body': '<45 bytes>', 'more_body': True}
2026-03-30 11:02:11,809 [TRACE] uvicorn.asgi: ::1:49817 - ASGI [23] Send {'type': 'http.response.body', 'body': '<45 bytes>', 'more_body': True}
2026-03-30 11:02:26,811 [TRACE] uvicorn.asgi: ::1:49817 - ASGI [23] Send {'type': 'http.response.body', 'body': '<45 bytes>', 'more_body': True}
2026-03-30 11:02:41,813 [TRACE] uvicorn.asgi: ::1:49817 - ASGI [23] Send {'type': 'http.response.body', 'body': '<45 bytes>', 'more_body': True}
2026-03-30 11:02:56,815 [TRACE] uvicorn.asgi: ::1:49817 - ASGI [23] Send {'type': 'http.response.body', 'body': '<45 bytes>', 'more_body': True}
2026-03-30 11:03:11,817 [TRACE] uvicorn.asgi: ::1:49817 - ASGI [23] Send {'type': 'http.response.body', 'body': '<45 bytes>', 'more_body': True}
2026-03-30 11:03:26,818 [TRACE] uvicorn.asgi: ::1:49817 - ASGI [23] Send {'type': 'http.response.body', 'body': '<45 bytes>', 'more_body': True}
2026-03-30 11:03:41,820 [TRACE] uvicorn.asgi: ::1:49817 - ASGI [23] Send {'type': 'http.response.body', 'body': '<45 bytes>', 'more_body': True}
2026-03-30 11:03:56,822 [TRACE] uvicorn.asgi: ::1:49817 - ASGI [23] Send {'type': 'http.response.body', 'body': '<45 bytes>', 'more_body': True}
2026-03-30 11:04:11,825 [TRACE] uvicorn.asgi: ::1:49817 - ASGI [23] Send {'type': 'http.response.body', 'body': '<45 bytes>', 'more_body': True}
2026-03-30 11:04:26,827 [TRACE] uvicorn.asgi: ::1:49817 - ASGI [23] Send {'type': 'http.response.body', 'body': '<45 bytes>', 'more_body': True}
2026-03-30 11:04:41,828 [TRACE] uvicorn.asgi: ::1:49817 - ASGI [23] Send {'type': 'http.response.body', 'body': '<45 bytes>', 'more_body': True}
2026-03-30 11:04:56,830 [TRACE] uvicorn.asgi: ::1:49817 - ASGI [23] Send {'type': 'http.response.body', 'body': '<45 bytes>', 'more_body': True}
2026-03-30 11:05:11,832 [TRACE] uvicorn.asgi: ::1:49817 - ASGI [23] Send {'type': 'http.response.body', 'body': '<45 bytes>', 'more_body': True}
2026-03-30 11:05:26,834 [TRACE] uvicorn.asgi: ::1:49817 - ASGI [23] Send {'type': 'http.response.body', 'body': '<45 bytes>', 'more_body': True}
2026-03-30 11:05:41,836 [TRACE] uvicorn.asgi: ::1:49817 - ASGI [23] Send {'type': 'http.response.body', 'body': '<45 bytes>', 'more_body': True}
2026-03-30 11:05:56,837 [TRACE] uvicorn.asgi: ::1:49817 - ASGI [23] Send {'type': 'http.response.body', 'body': '<45 bytes>', 'more_body': True}
2026-03-30 11:06:11,839 [TRACE] uvicorn.asgi: ::1:49817 - ASGI [23] Send {'type': 'http.response.body', 'body': '<45 bytes>', 'more_body': True}
2026-03-30 11:06:26,842 [TRACE] uvicorn.asgi: ::1:49817 - ASGI [23] Send {'type': 'http.response.body', 'body': '<45 bytes>', 'more_body': True}
2026-03-30 11:06:41,844 [TRACE] uvicorn.asgi: ::1:49817 - ASGI [23] Send {'type': 'http.response.body', 'body': '<45 bytes>', 'more_body': True}
2026-03-30 11:06:56,846 [TRACE] uvicorn.asgi: ::1:49817 - ASGI [23] Send {'type': 'http.response.body', 'body': '<45 bytes>', 'more_body': True}
2026-03-30 11:07:11,848 [TRACE] uvicorn.asgi: ::1:49817 - ASGI [23] Send {'type': 'http.response.body', 'body': '<45 bytes>', 'more_body': True}
2026-03-30 11:07:26,850 [TRACE] uvicorn.asgi: ::1:49817 - ASGI [23] Send {'type': 'http.response.body', 'body': '<45 bytes>', 'more_body': True}
2026-03-30 11:07:41,853 [TRACE] uvicorn.asgi: ::1:49817 - ASGI [23] Send {'type': 'http.response.body', 'body': '<45 bytes>', 'more_body': True}
2026-03-30 11:07:56,854 [TRACE] uvicorn.asgi: ::1:49817 - ASGI [23] Send {'type': 'http.response.body', 'body': '<45 bytes>', 'more_body': True}
2026-03-30 11:08:11,856 [TRACE] uvicorn.asgi: ::1:49817 - ASGI [23] Send {'type': 'http.response.body', 'body': '<45 bytes>', 'more_body': True}
2026-03-30 11:08:26,858 [TRACE] uvicorn.asgi: ::1:49817 - ASGI [23] Send {'type': 'http.response.body', 'body': '<45 bytes>', 'more_body': True}
2026-03-30 11:08:41,859 [TRACE] uvicorn.asgi: ::1:49817 - ASGI [23] Send {'type': 'http.response.body', 'body': '<45 bytes>', 'more_body': True}
2026-03-30 11:08:56,862 [TRACE] uvicorn.asgi: ::1:49817 - ASGI [23] Send {'type': 'http.response.body', 'body': '<45 bytes>', 'more_body': True}
2026-03-30 11:09:11,864 [TRACE] uvicorn.asgi: ::1:49817 - ASGI [23] Send {'type': 'http.response.body', 'body': '<45 bytes>', 'more_body': True}
2026-03-30 11:09:26,866 [TRACE] uvicorn.asgi: ::1:49817 - ASGI [23] Send {'type': 'http.response.body', 'body': '<45 bytes>', 'more_body': True}
2026-03-30 11:09:41,869 [TRACE] uvicorn.asgi: ::1:49817 - ASGI [23] Send {'type': 'http.response.body', 'body': '<45 bytes>', 'more_body': True}
2026-03-30 11:09:56,870 [TRACE] uvicorn.asgi: ::1:49817 - ASGI [23] Send {'type': 'http.response.body', 'body': '<45 bytes>', 'more_body': True}
2026-03-30 11:10:11,872 [TRACE] uvicorn.asgi: ::1:49817 - ASGI [23] Send {'type': 'http.response.body', 'body': '<45 bytes>', 'more_body': True}
2026-03-30 11:10:26,874 [TRACE] uvicorn.asgi: ::1:49817 - ASGI [23] Send {'type': 'http.response.body', 'body': '<45 bytes>', 'more_body': True}
2026-03-30 11:10:41,876 [TRACE] uvicorn.asgi: ::1:49817 - ASGI [23] Send {'type': 'http.response.body', 'body': '<45 bytes>', 'more_body': True}
2026-03-30 11:10:56,878 [TRACE] uvicorn.asgi: ::1:49817 - ASGI [23] Send {'type': 'http.response.body', 'body': '<45 bytes>', 'more_body': True}
2026-03-30 11:11:11,879 [TRACE] uvicorn.asgi: ::1:49817 - ASGI [23] Send {'type': 'http.response.body', 'body': '<45 bytes>', 'more_body': True}
2026-03-30 11:11:26,880 [TRACE] uvicorn.asgi: ::1:49817 - ASGI [23] Send {'type': 'http.response.body', 'body': '<45 bytes>', 'more_body': True}
2026-03-30 11:11:41,882 [TRACE] uvicorn.asgi: ::1:49817 - ASGI [23] Send {'type': 'http.response.body', 'body': '<45 bytes>', 'more_body': True}
2026-03-30 11:11:56,883 [TRACE] uvicorn.asgi: ::1:49817 - ASGI [23] Send {'type': 'http.response.body', 'body': '<45 bytes>', 'more_body': True}
2026-03-30 11:12:11,886 [TRACE] uvicorn.asgi: ::1:49817 - ASGI [23] Send {'type': 'http.response.body', 'body': '<45 bytes>', 'more_body': True}
2026-03-30 11:12:26,887 [TRACE] uvicorn.asgi: ::1:49817 - ASGI [23] Send {'type': 'http.response.body', 'body': '<45 bytes>', 'more_body': True}
2026-03-30 11:12:41,889 [TRACE] uvicorn.asgi: ::1:49817 - ASGI [23] Send {'type': 'http.response.body', 'body': '<45 bytes>', 'more_body': True}
2026-03-30 11:12:56,891 [TRACE] uvicorn.asgi: ::1:49817 - ASGI [23] Send {'type': 'http.response.body', 'body': '<45 bytes>', 'more_body': True}
2026-03-30 11:13:11,893 [TRACE] uvicorn.asgi: ::1:49817 - ASGI [23] Send {'type': 'http.response.body', 'body': '<45 bytes>', 'more_body': True}
2026-03-30 11:13:26,895 [TRACE] uvicorn.asgi: ::1:49817 - ASGI [23] Send {'type': 'http.response.body', 'body': '<45 bytes>', 'more_body': True}
2026-03-30 11:13:41,897 [TRACE] uvicorn.asgi: ::1:49817 - ASGI [23] Send {'type': 'http.response.body', 'body': '<45 bytes>', 'more_body': True}
2026-03-30 11:13:56,900 [TRACE] uvicorn.asgi: ::1:49817 - ASGI [23] Send {'type': 'http.response.body', 'body': '<45 bytes>', 'more_body': True}
2026-03-30 11:14:11,902 [TRACE] uvicorn.asgi: ::1:49817 - ASGI [23] Send {'type': 'http.response.body', 'body': '<45 bytes>', 'more_body': True}
2026-03-30 11:14:26,904 [TRACE] uvicorn.asgi: ::1:49817 - ASGI [23] Send {'type': 'http.response.body', 'body': '<45 bytes>', 'more_body': True}
2026-03-30 11:14:41,906 [TRACE] uvicorn.asgi: ::1:49817 - ASGI [23] Send {'type': 'http.response.body', 'body': '<45 bytes>', 'more_body': True}
2026-03-30 11:14:56,908 [TRACE] uvicorn.asgi: ::1:49817 - ASGI [23] Send {'type': 'http.response.body', 'body': '<45 bytes>', 'more_body': True}
2026-03-30 11:15:11,910 [TRACE] uvicorn.asgi: ::1:49817 - ASGI [23] Send {'type': 'http.response.body', 'body': '<45 bytes>', 'more_body': True}
2026-03-30 11:15:26,912 [TRACE] uvicorn.asgi: ::1:49817 - ASGI [23] Send {'type': 'http.response.body', 'body': '<45 bytes>', 'more_body': True}
2026-03-30 11:15:41,913 [TRACE] uvicorn.asgi: ::1:49817 - ASGI [23] Send {'type': 'http.response.body', 'body': '<45 bytes>', 'more_body': True}
2026-03-30 11:15:56,915 [TRACE] uvicorn.asgi: ::1:49817 - ASGI [23] Send {'type': 'http.response.body', 'body': '<45 bytes>', 'more_body': True}
2026-03-30 11:16:11,917 [TRACE] uvicorn.asgi: ::1:49817 - ASGI [23] Send {'type': 'http.response.body', 'body': '<45 bytes>', 'more_body': True}
2026-03-30 11:16:26,919 [TRACE] uvicorn.asgi: ::1:49817 - ASGI [23] Send {'type': 'http.response.body', 'body': '<45 bytes>', 'more_body': True}
2026-03-30 11:16:41,921 [TRACE] uvicorn.asgi: ::1:49817 - ASGI [23] Send {'type': 'http.response.body', 'body': '<45 bytes>', 'more_body': True}
2026-03-30 11:16:56,923 [TRACE] uvicorn.asgi: ::1:49817 - ASGI [23] Send {'type': 'http.response.body', 'body': '<45 bytes>', 'more_body': True}
2026-03-30 11:17:11,925 [TRACE] uvicorn.asgi: ::1:49817 - ASGI [23] Send {'type': 'http.response.body', 'body': '<45 bytes>', 'more_body': True}
2026-03-30 11:17:26,927 [TRACE] uvicorn.asgi: ::1:49817 - ASGI [23] Send {'type': 'http.response.body', 'body': '<45 bytes>', 'more_body': True}
2026-03-30 11:17:41,930 [TRACE] uvicorn.asgi: ::1:49817 - ASGI [23] Send {'type': 'http.response.body', 'body': '<45 bytes>', 'more_body': True}
2026-03-30 11:17:56,931 [TRACE] uvicorn.asgi: ::1:49817 - ASGI [23] Send {'type': 'http.response.body', 'body': '<45 bytes>', 'more_body': True}
2026-03-30 11:18:11,933 [TRACE] uvicorn.asgi: ::1:49817 - ASGI [23] Send {'type': 'http.response.body', 'body': '<45 bytes>', 'more_body': True}
2026-03-30 11:18:26,936 [TRACE] uvicorn.asgi: ::1:49817 - ASGI [23] Send {'type': 'http.response.body', 'body': '<45 bytes>', 'more_body': True}
2026-03-30 11:18:41,937 [TRACE] uvicorn.asgi: ::1:49817 - ASGI [23] Send {'type': 'http.response.body', 'body': '<45 bytes>', 'more_body': True}
2026-03-30 11:18:56,940 [TRACE] uvicorn.asgi: ::1:49817 - ASGI [23] Send {'type': 'http.response.body', 'body': '<45 bytes>', 'more_body': True}
2026-03-30 11:19:11,942 [TRACE] uvicorn.asgi: ::1:49817 - ASGI [23] Send {'type': 'http.response.body', 'body': '<45 bytes>', 'more_body': True}
2026-03-30 11:19:26,944 [TRACE] uvicorn.asgi: ::1:49817 - ASGI [23] Send {'type': 'http.response.body', 'body': '<45 bytes>', 'more_body': True}
2026-03-30 11:19:41,947 [TRACE] uvicorn.asgi: ::1:49817 - ASGI [23] Send {'type': 'http.response.body', 'body': '<45 bytes>', 'more_body': True}
2026-03-30 11:19:56,949 [TRACE] uvicorn.asgi: ::1:49817 - ASGI [23] Send {'type': 'http.response.body', 'body': '<45 bytes>', 'more_body': True}
2026-03-30 11:20:11,952 [TRACE] uvicorn.asgi: ::1:49817 - ASGI [23] Send {'type': 'http.response.body', 'body': '<45 bytes>', 'more_body': True}
2026-03-30 11:20:26,955 [TRACE] uvicorn.asgi: ::1:49817 - ASGI [23] Send {'type': 'http.response.body', 'body': '<45 bytes>', 'more_body': True}
2026-03-30 11:20:41,958 [TRACE] uvicorn.asgi: ::1:49817 - ASGI [23] Send {'type': 'http.response.body', 'body': '<45 bytes>', 'more_body': True}
2026-03-30 11:20:56,961 [TRACE] uvicorn.asgi: ::1:49817 - ASGI [23] Send {'type': 'http.response.body', 'body': '<45 bytes>', 'more_body': True}
2026-03-30 11:21:11,963 [TRACE] uvicorn.asgi: ::1:49817 - ASGI [23] Send {'type': 'http.response.body', 'body': '<45 bytes>', 'more_body': True}
2026-03-30 11:21:26,964 [TRACE] uvicorn.asgi: ::1:49817 - ASGI [23] Send {'type': 'http.response.body', 'body': '<45 bytes>', 'more_body': True}
2026-03-30 11:21:41,967 [TRACE] uvicorn.asgi: ::1:49817 - ASGI [23] Send {'type': 'http.response.body', 'body': '<45 bytes>', 'more_body': True}
2026-03-30 11:21:56,969 [TRACE] uvicorn.asgi: ::1:49817 - ASGI [23] Send {'type': 'http.response.body', 'body': '<45 bytes>', 'more_body': True}
2026-03-30 11:22:11,971 [TRACE] uvicorn.asgi: ::1:49817 - ASGI [23] Send {'type': 'http.response.body', 'body': '<45 bytes>', 'more_body': True}
2026-03-30 11:22:26,973 [TRACE] uvicorn.asgi: ::1:49817 - ASGI [23] Send {'type': 'http.response.body', 'body': '<45 bytes>', 'more_body': True}
2026-03-30 11:22:41,976 [TRACE] uvicorn.asgi: ::1:49817 - ASGI [23] Send {'type': 'http.response.body', 'body': '<45 bytes>', 'more_body': True}
2026-03-30 11:22:56,978 [TRACE] uvicorn.asgi: ::1:49817 - ASGI [23] Send {'type': 'http.response.body', 'body': '<45 bytes>', 'more_body': True}
2026-03-30 11:23:11,980 [TRACE] uvicorn.asgi: ::1:49817 - ASGI [23] Send {'type': 'http.response.body', 'body': '<45 bytes>', 'more_body': True}
2026-03-30 11:23:26,982 [TRACE] uvicorn.asgi: ::1:49817 - ASGI [23] Send {'type': 'http.response.body', 'body': '<45 bytes>', 'more_body': True}
2026-03-30 11:23:41,983 [TRACE] uvicorn.asgi: ::1:49817 - ASGI [23] Send {'type': 'http.response.body', 'body': '<45 bytes>', 'more_body': True}
2026-03-30 11:23:56,984 [TRACE] uvicorn.asgi: ::1:49817 - ASGI [23] Send {'type': 'http.response.body', 'body': '<45 bytes>', 'more_body': True}
2026-03-30 11:24:11,986 [TRACE] uvicorn.asgi: ::1:49817 - ASGI [23] Send {'type': 'http.response.body', 'body': '<45 bytes>', 'more_body': True}
2026-03-30 11:24:26,988 [TRACE] uvicorn.asgi: ::1:49817 - ASGI [23] Send {'type': 'http.response.body', 'body': '<45 bytes>', 'more_body': True}
2026-03-30 11:24:41,989 [TRACE] uvicorn.asgi: ::1:49817 - ASGI [23] Send {'type': 'http.response.body', 'body': '<45 bytes>', 'more_body': True}
2026-03-30 11:24:56,991 [TRACE] uvicorn.asgi: ::1:49817 - ASGI [23] Send {'type': 'http.response.body', 'body': '<45 bytes>', 'more_body': True}
2026-03-30 11:25:11,994 [TRACE] uvicorn.asgi: ::1:49817 - ASGI [23] Send {'type': 'http.response.body', 'body': '<45 bytes>', 'more_body': True}
2026-03-30 11:25:26,996 [TRACE] uvicorn.asgi: ::1:49817 - ASGI [23] Send {'type': 'http.response.body', 'body': '<45 bytes>', 'more_body': True}
2026-03-30 11:25:41,998 [TRACE] uvicorn.asgi: ::1:49817 - ASGI [23] Send {'type': 'http.response.body', 'body': '<45 bytes>', 'more_body': True}
2026-03-30 11:25:57,000 [TRACE] uvicorn.asgi: ::1:49817 - ASGI [23] Send {'type': 'http.response.body', 'body': '<45 bytes>', 'more_body': True}
2026-03-30 11:26:12,002 [TRACE] uvicorn.asgi: ::1:49817 - ASGI [23] Send {'type': 'http.response.body', 'body': '<45 bytes>', 'more_body': True}
2026-03-30 11:26:26,989 [TRACE] uvicorn.asgi: ::1:49817 - ASGI [23] Send {'type': 'http.response.body', 'body': '<45 bytes>', 'more_body': True}
2026-03-30 11:26:41,983 [TRACE] uvicorn.asgi: ::1:49817 - ASGI [23] Send {'type': 'http.response.body', 'body': '<45 bytes>', 'more_body': True}
2026-03-30 11:26:56,982 [TRACE] uvicorn.asgi: ::1:49817 - ASGI [23] Send {'type': 'http.response.body', 'body': '<45 bytes>', 'more_body': True}
2026-03-30 11:27:11,983 [TRACE] uvicorn.asgi: ::1:49817 - ASGI [23] Send {'type': 'http.response.body', 'body': '<45 bytes>', 'more_body': True}
2026-03-30 11:27:26,985 [TRACE] uvicorn.asgi: ::1:49817 - ASGI [23] Send {'type': 'http.response.body', 'body': '<45 bytes>', 'more_body': True}
2026-03-30 11:27:41,987 [TRACE] uvicorn.asgi: ::1:49817 - ASGI [23] Send {'type': 'http.response.body', 'body': '<45 bytes>', 'more_body': True}
2026-03-30 11:27:56,989 [TRACE] uvicorn.asgi: ::1:49817 - ASGI [23] Send {'type': 'http.response.body', 'body': '<45 bytes>', 'more_body': True}
2026-03-30 11:28:11,992 [TRACE] uvicorn.asgi: ::1:49817 - ASGI [23] Send {'type': 'http.response.body', 'body': '<45 bytes>', 'more_body': True}
2026-03-30 11:28:26,994 [TRACE] uvicorn.asgi: ::1:49817 - ASGI [23] Send {'type': 'http.response.body', 'body': '<45 bytes>', 'more_body': True}
2026-03-30 11:28:41,997 [TRACE] uvicorn.asgi: ::1:49817 - ASGI [23] Send {'type': 'http.response.body', 'body': '<45 bytes>', 'more_body': True}
2026-03-30 11:28:56,999 [TRACE] uvicorn.asgi: ::1:49817 - ASGI [23] Send {'type': 'http.response.body', 'body': '<45 bytes>', 'more_body': True}
2026-03-30 11:29:12,002 [TRACE] uvicorn.asgi: ::1:49817 - ASGI [23] Send {'type': 'http.response.body', 'body': '<45 bytes>', 'more_body': True}
2026-03-30 11:29:27,004 [TRACE] uvicorn.asgi: ::1:49817 - ASGI [23] Send {'type': 'http.response.body', 'body': '<45 bytes>', 'more_body': True}
2026-03-30 11:29:42,006 [TRACE] uvicorn.asgi: ::1:49817 - ASGI [23] Send {'type': 'http.response.body', 'body': '<45 bytes>', 'more_body': True}
2026-03-30 11:29:57,009 [TRACE] uvicorn.asgi: ::1:49817 - ASGI [23] Send {'type': 'http.response.body', 'body': '<45 bytes>', 'more_body': True}
2026-03-30 11:30:12,011 [TRACE] uvicorn.asgi: ::1:49817 - ASGI [23] Send {'type': 'http.response.body', 'body': '<45 bytes>', 'more_body': True}
2026-03-30 11:30:27,014 [TRACE] uvicorn.asgi: ::1:49817 - ASGI [23] Send {'type': 'http.response.body', 'body': '<45 bytes>', 'more_body': True}
2026-03-30 11:30:42,017 [TRACE] uvicorn.asgi: ::1:49817 - ASGI [23] Send {'type': 'http.response.body', 'body': '<45 bytes>', 'more_body': True}
2026-03-30 11:30:57,018 [TRACE] uvicorn.asgi: ::1:49817 - ASGI [23] Send {'type': 'http.response.body', 'body': '<45 bytes>', 'more_body': True}
2026-03-30 11:31:12,021 [TRACE] uvicorn.asgi: ::1:49817 - ASGI [23] Send {'type': 'http.response.body', 'body': '<45 bytes>', 'more_body': True}
2026-03-30 11:31:27,024 [TRACE] uvicorn.asgi: ::1:49817 - ASGI [23] Send {'type': 'http.response.body', 'body': '<45 bytes>', 'more_body': True}
2026-03-30 11:31:42,026 [TRACE] uvicorn.asgi: ::1:49817 - ASGI [23] Send {'type': 'http.response.body', 'body': '<45 bytes>', 'more_body': True}
2026-03-30 11:31:57,028 [TRACE] uvicorn.asgi: ::1:49817 - ASGI [23] Send {'type': 'http.response.body', 'body': '<45 bytes>', 'more_body': True}
2026-03-30 11:32:12,030 [TRACE] uvicorn.asgi: ::1:49817 - ASGI [23] Send {'type': 'http.response.body', 'body': '<45 bytes>', 'more_body': True}
2026-03-30 11:32:27,032 [TRACE] uvicorn.asgi: ::1:49817 - ASGI [23] Send {'type': 'http.response.body', 'body': '<45 bytes>', 'more_body': True}
2026-03-30 11:32:42,034 [TRACE] uvicorn.asgi: ::1:49817 - ASGI [23] Send {'type': 'http.response.body', 'body': '<45 bytes>', 'more_body': True}
2026-03-30 11:32:57,036 [TRACE] uvicorn.asgi: ::1:49817 - ASGI [23] Send {'type': 'http.response.body', 'body': '<45 bytes>', 'more_body': True}
2026-03-30 11:33:12,038 [TRACE] uvicorn.asgi: ::1:49817 - ASGI [23] Send {'type': 'http.response.body', 'body': '<45 bytes>', 'more_body': True}
2026-03-30 11:33:27,040 [TRACE] uvicorn.asgi: ::1:49817 - ASGI [23] Send {'type': 'http.response.body', 'body': '<45 bytes>', 'more_body': True}
2026-03-30 11:33:42,043 [TRACE] uvicorn.asgi: ::1:49817 - ASGI [23] Send {'type': 'http.response.body', 'body': '<45 bytes>', 'more_body': True}
2026-03-30 11:33:57,045 [TRACE] uvicorn.asgi: ::1:49817 - ASGI [23] Send {'type': 'http.response.body', 'body': '<45 bytes>', 'more_body': True}
2026-03-30 11:34:12,047 [TRACE] uvicorn.asgi: ::1:49817 - ASGI [23] Send {'type': 'http.response.body', 'body': '<45 bytes>', 'more_body': True}
2026-03-30 11:34:27,049 [TRACE] uvicorn.asgi: ::1:49817 - ASGI [23] Send {'type': 'http.response.body', 'body': '<45 bytes>', 'more_body': True}
2026-03-30 11:34:42,051 [TRACE] uvicorn.asgi: ::1:49817 - ASGI [23] Send {'type': 'http.response.body', 'body': '<45 bytes>', 'more_body': True}
2026-03-30 11:34:57,053 [TRACE] uvicorn.asgi: ::1:49817 - ASGI [23] Send {'type': 'http.response.body', 'body': '<45 bytes>', 'more_body': True}
2026-03-30 11:35:12,055 [TRACE] uvicorn.asgi: ::1:49817 - ASGI [23] Send {'type': 'http.response.body', 'body': '<45 bytes>', 'more_body': True}
2026-03-30 11:35:27,057 [TRACE] uvicorn.asgi: ::1:49817 - ASGI [23] Send {'type': 'http.response.body', 'body': '<45 bytes>', 'more_body': True}
2026-03-30 11:35:42,060 [TRACE] uvicorn.asgi: ::1:49817 - ASGI [23] Send {'type': 'http.response.body', 'body': '<45 bytes>', 'more_body': True}
2026-03-30 11:35:57,062 [TRACE] uvicorn.asgi: ::1:49817 - ASGI [23] Send {'type': 'http.response.body', 'body': '<45 bytes>', 'more_body': True}
2026-03-30 11:36:12,064 [TRACE] uvicorn.asgi: ::1:49817 - ASGI [23] Send {'type': 'http.response.body', 'body': '<45 bytes>', 'more_body': True}
2026-03-30 11:36:27,066 [TRACE] uvicorn.asgi: ::1:49817 - ASGI [23] Send {'type': 'http.response.body', 'body': '<45 bytes>', 'more_body': True}
2026-03-30 11:36:42,068 [TRACE] uvicorn.asgi: ::1:49817 - ASGI [23] Send {'type': 'http.response.body', 'body': '<45 bytes>', 'more_body': True}
2026-03-30 11:36:57,069 [TRACE] uvicorn.asgi: ::1:49817 - ASGI [23] Send {'type': 'http.response.body', 'body': '<45 bytes>', 'more_body': True}
2026-03-30 11:37:12,072 [TRACE] uvicorn.asgi: ::1:49817 - ASGI [23] Send {'type': 'http.response.body', 'body': '<45 bytes>', 'more_body': True}
2026-03-30 11:37:27,074 [TRACE] uvicorn.asgi: ::1:49817 - ASGI [23] Send {'type': 'http.response.body', 'body': '<45 bytes>', 'more_body': True}
2026-03-30 11:37:42,075 [TRACE] uvicorn.asgi: ::1:49817 - ASGI [23] Send {'type': 'http.response.body', 'body': '<45 bytes>', 'more_body': True}
2026-03-30 11:37:57,077 [TRACE] uvicorn.asgi: ::1:49817 - ASGI [23] Send {'type': 'http.response.body', 'body': '<45 bytes>', 'more_body': True}
2026-03-30 11:38:12,080 [TRACE] uvicorn.asgi: ::1:49817 - ASGI [23] Send {'type': 'http.response.body', 'body': '<45 bytes>', 'more_body': True}
2026-03-30 11:38:27,082 [TRACE] uvicorn.asgi: ::1:49817 - ASGI [23] Send {'type': 'http.response.body', 'body': '<45 bytes>', 'more_body': True}
2026-03-30 11:38:42,083 [TRACE] uvicorn.asgi: ::1:49817 - ASGI [23] Send {'type': 'http.response.body', 'body': '<45 bytes>', 'more_body': True}
2026-03-30 11:38:57,085 [TRACE] uvicorn.asgi: ::1:49817 - ASGI [23] Send {'type': 'http.response.body', 'body': '<45 bytes>', 'more_body': True}
2026-03-30 11:39:12,088 [TRACE] uvicorn.asgi: ::1:49817 - ASGI [23] Send {'type': 'http.response.body', 'body': '<45 bytes>', 'more_body': True}
2026-03-30 11:39:27,090 [TRACE] uvicorn.asgi: ::1:49817 - ASGI [23] Send {'type': 'http.response.body', 'body': '<45 bytes>', 'more_body': True}
2026-03-30 11:39:42,092 [TRACE] uvicorn.asgi: ::1:49817 - ASGI [23] Send {'type': 'http.response.body', 'body': '<45 bytes>', 'more_body': True}
2026-03-30 11:39:57,094 [TRACE] uvicorn.asgi: ::1:49817 - ASGI [23] Send {'type': 'http.response.body', 'body': '<45 bytes>', 'more_body': True}
2026-03-30 11:40:12,096 [TRACE] uvicorn.asgi: ::1:49817 - ASGI [23] Send {'type': 'http.response.body', 'body': '<45 bytes>', 'more_body': True}
2026-03-30 11:40:27,097 [TRACE] uvicorn.asgi: ::1:49817 - ASGI [23] Send {'type': 'http.response.body', 'body': '<45 bytes>', 'more_body': True}
2026-03-30 11:40:42,098 [TRACE] uvicorn.asgi: ::1:49817 - ASGI [23] Send {'type': 'http.response.body', 'body': '<45 bytes>', 'more_body': True}
2026-03-30 11:40:57,100 [TRACE] uvicorn.asgi: ::1:49817 - ASGI [23] Send {'type': 'http.response.body', 'body': '<45 bytes>', 'more_body': True}
2026-03-30 11:41:12,103 [TRACE] uvicorn.asgi: ::1:49817 - ASGI [23] Send {'type': 'http.response.body', 'body': '<45 bytes>', 'more_body': True}
2026-03-30 11:41:27,107 [TRACE] uvicorn.asgi: ::1:49817 - ASGI [23] Send {'type': 'http.response.body', 'body': '<45 bytes>', 'more_body': True}
2026-03-30 11:41:42,113 [TRACE] uvicorn.asgi: ::1:49817 - ASGI [23] Send {'type': 'http.response.body', 'body': '<45 bytes>', 'more_body': True}
2026-03-30 11:41:57,116 [TRACE] uvicorn.asgi: ::1:49817 - ASGI [23] Send {'type': 'http.response.body', 'body': '<45 bytes>', 'more_body': True}
2026-03-30 11:42:12,119 [TRACE] uvicorn.asgi: ::1:49817 - ASGI [23] Send {'type': 'http.response.body', 'body': '<45 bytes>', 'more_body': True}
2026-03-30 11:42:27,121 [TRACE] uvicorn.asgi: ::1:49817 - ASGI [23] Send {'type': 'http.response.body', 'body': '<45 bytes>', 'more_body': True}
2026-03-30 11:42:42,124 [TRACE] uvicorn.asgi: ::1:49817 - ASGI [23] Send {'type': 'http.response.body', 'body': '<45 bytes>', 'more_body': True}
2026-03-30 11:42:57,126 [TRACE] uvicorn.asgi: ::1:49817 - ASGI [23] Send {'type': 'http.response.body', 'body': '<45 bytes>', 'more_body': True}
2026-03-30 11:43:12,128 [TRACE] uvicorn.asgi: ::1:49817 - ASGI [23] Send {'type': 'http.response.body', 'body': '<45 bytes>', 'more_body': True}
2026-03-30 11:43:27,130 [TRACE] uvicorn.asgi: ::1:49817 - ASGI [23] Send {'type': 'http.response.body', 'body': '<45 bytes>', 'more_body': True}
2026-03-30 11:43:42,132 [TRACE] uvicorn.asgi: ::1:49817 - ASGI [23] Send {'type': 'http.response.body', 'body': '<45 bytes>', 'more_body': True}
2026-03-30 11:43:57,133 [TRACE] uvicorn.asgi: ::1:49817 - ASGI [23] Send {'type': 'http.response.body', 'body': '<45 bytes>', 'more_body': True}
2026-03-30 11:44:12,136 [TRACE] uvicorn.asgi: ::1:49817 - ASGI [23] Send {'type': 'http.response.body', 'body': '<45 bytes>', 'more_body': True}
2026-03-30 11:44:27,138 [TRACE] uvicorn.asgi: ::1:49817 - ASGI [23] Send {'type': 'http.response.body', 'body': '<45 bytes>', 'more_body': True}
2026-03-30 11:44:42,139 [TRACE] uvicorn.asgi: ::1:49817 - ASGI [23] Send {'type': 'http.response.body', 'body': '<45 bytes>', 'more_body': True}
2026-03-30 11:44:57,140 [TRACE] uvicorn.asgi: ::1:49817 - ASGI [23] Send {'type': 'http.response.body', 'body': '<45 bytes>', 'more_body': True}
2026-03-30 11:45:12,142 [TRACE] uvicorn.asgi: ::1:49817 - ASGI [23] Send {'type': 'http.response.body', 'body': '<45 bytes>', 'more_body': True}
2026-03-30 11:45:27,144 [TRACE] uvicorn.asgi: ::1:49817 - ASGI [23] Send {'type': 'http.response.body', 'body': '<45 bytes>', 'more_body': True}
2026-03-30 11:45:42,146 [TRACE] uvicorn.asgi: ::1:49817 - ASGI [23] Send {'type': 'http.response.body', 'body': '<45 bytes>', 'more_body': True}
2026-03-30 11:45:57,149 [TRACE] uvicorn.asgi: ::1:49817 - ASGI [23] Send {'type': 'http.response.body', 'body': '<45 bytes>', 'more_body': True}
2026-03-30 11:46:12,152 [TRACE] uvicorn.asgi: ::1:49817 - ASGI [23] Send {'type': 'http.response.body', 'body': '<45 bytes>', 'more_body': True}
2026-03-30 11:46:27,153 [TRACE] uvicorn.asgi: ::1:49817 - ASGI [23] Send {'type': 'http.response.body', 'body': '<45 bytes>', 'more_body': True}
2026-03-30 11:46:42,155 [TRACE] uvicorn.asgi: ::1:49817 - ASGI [23] Send {'type': 'http.response.body', 'body': '<45 bytes>', 'more_body': True}
2026-03-30 11:46:57,158 [TRACE] uvicorn.asgi: ::1:49817 - ASGI [23] Send {'type': 'http.response.body', 'body': '<45 bytes>', 'more_body': True}
2026-03-30 11:47:12,160 [TRACE] uvicorn.asgi: ::1:49817 - ASGI [23] Send {'type': 'http.response.body', 'body': '<45 bytes>', 'more_body': True}
2026-03-30 11:47:27,162 [TRACE] uvicorn.asgi: ::1:49817 - ASGI [23] Send {'type': 'http.response.body', 'body': '<45 bytes>', 'more_body': True}
2026-03-30 11:47:42,164 [TRACE] uvicorn.asgi: ::1:49817 - ASGI [23] Send {'type': 'http.response.body', 'body': '<45 bytes>', 'more_body': True}
2026-03-30 11:47:57,167 [TRACE] uvicorn.asgi: ::1:49817 - ASGI [23] Send {'type': 'http.response.body', 'body': '<45 bytes>', 'more_body': True}
2026-03-30 11:48:12,169 [TRACE] uvicorn.asgi: ::1:49817 - ASGI [23] Send {'type': 'http.response.body', 'body': '<45 bytes>', 'more_body': True}
2026-03-30 11:48:27,171 [TRACE] uvicorn.asgi: ::1:49817 - ASGI [23] Send {'type': 'http.response.body', 'body': '<45 bytes>', 'more_body': True}
2026-03-30 11:48:42,173 [TRACE] uvicorn.asgi: ::1:49817 - ASGI [23] Send {'type': 'http.response.body', 'body': '<45 bytes>', 'more_body': True}
2026-03-30 11:48:57,175 [TRACE] uvicorn.asgi: ::1:49817 - ASGI [23] Send {'type': 'http.response.body', 'body': '<45 bytes>', 'more_body': True}
2026-03-30 11:49:12,177 [TRACE] uvicorn.asgi: ::1:49817 - ASGI [23] Send {'type': 'http.response.body', 'body': '<45 bytes>', 'more_body': True}
2026-03-30 11:49:27,179 [TRACE] uvicorn.asgi: ::1:49817 - ASGI [23] Send {'type': 'http.response.body', 'body': '<45 bytes>', 'more_body': True}
2026-03-30 11:49:42,182 [TRACE] uvicorn.asgi: ::1:49817 - ASGI [23] Send {'type': 'http.response.body', 'body': '<45 bytes>', 'more_body': True}
2026-03-30 11:49:57,184 [TRACE] uvicorn.asgi: ::1:49817 - ASGI [23] Send {'type': 'http.response.body', 'body': '<45 bytes>', 'more_body': True}
2026-03-30 11:50:12,186 [TRACE] uvicorn.asgi: ::1:49817 - ASGI [23] Send {'type': 'http.response.body', 'body': '<45 bytes>', 'more_body': True}
2026-03-30 11:50:27,188 [TRACE] uvicorn.asgi: ::1:49817 - ASGI [23] Send {'type': 'http.response.body', 'body': '<45 bytes>', 'more_body': True}
2026-03-30 11:50:42,190 [TRACE] uvicorn.asgi: ::1:49817 - ASGI [23] Send {'type': 'http.response.body', 'body': '<45 bytes>', 'more_body': True}
2026-03-30 11:50:57,192 [TRACE] uvicorn.asgi: ::1:49817 - ASGI [23] Send {'type': 'http.response.body', 'body': '<45 bytes>', 'more_body': True}
2026-03-30 11:51:12,195 [TRACE] uvicorn.asgi: ::1:49817 - ASGI [23] Send {'type': 'http.response.body', 'body': '<45 bytes>', 'more_body': True}
2026-03-30 11:51:27,197 [TRACE] uvicorn.asgi: ::1:49817 - ASGI [23] Send {'type': 'http.response.body', 'body': '<45 bytes>', 'more_body': True}
2026-03-30 11:51:42,199 [TRACE] uvicorn.asgi: ::1:49817 - ASGI [23] Send {'type': 'http.response.body', 'body': '<45 bytes>', 'more_body': True}
2026-03-30 11:51:57,200 [TRACE] uvicorn.asgi: ::1:49817 - ASGI [23] Send {'type': 'http.response.body', 'body': '<45 bytes>', 'more_body': True}
2026-03-30 11:52:12,202 [TRACE] uvicorn.asgi: ::1:49817 - ASGI [23] Send {'type': 'http.response.body', 'body': '<45 bytes>', 'more_body': True}
2026-03-30 11:52:27,204 [TRACE] uvicorn.asgi: ::1:49817 - ASGI [23] Send {'type': 'http.response.body', 'body': '<45 bytes>', 'more_body': True}
2026-03-30 11:52:42,207 [TRACE] uvicorn.asgi: ::1:49817 - ASGI [23] Send {'type': 'http.response.body', 'body': '<45 bytes>', 'more_body': True}
2026-03-30 11:52:57,210 [TRACE] uvicorn.asgi: ::1:49817 - ASGI [23] Send {'type': 'http.response.body', 'body': '<45 bytes>', 'more_body': True}
2026-03-30 11:53:12,213 [TRACE] uvicorn.asgi: ::1:49817 - ASGI [23] Send {'type': 'http.response.body', 'body': '<45 bytes>', 'more_body': True}
2026-03-30 11:53:27,216 [TRACE] uvicorn.asgi: ::1:49817 - ASGI [23] Send {'type': 'http.response.body', 'body': '<45 bytes>', 'more_body': True}
2026-03-30 11:53:42,219 [TRACE] uvicorn.asgi: ::1:49817 - ASGI [23] Send {'type': 'http.response.body', 'body': '<45 bytes>', 'more_body': True}
2026-03-30 11:53:57,222 [TRACE] uvicorn.asgi: ::1:49817 - ASGI [23] Send {'type': 'http.response.body', 'body': '<45 bytes>', 'more_body': True}
2026-03-30 11:54:12,225 [TRACE] uvicorn.asgi: ::1:49817 - ASGI [23] Send {'type': 'http.response.body', 'body': '<45 bytes>', 'more_body': True}
2026-03-30 11:54:27,227 [TRACE] uvicorn.asgi: ::1:49817 - ASGI [23] Send {'type': 'http.response.body', 'body': '<45 bytes>', 'more_body': True}
2026-03-30 11:54:42,231 [TRACE] uvicorn.asgi: ::1:49817 - ASGI [23] Send {'type': 'http.response.body', 'body': '<45 bytes>', 'more_body': True}
2026-03-30 11:54:57,234 [TRACE] uvicorn.asgi: ::1:49817 - ASGI [23] Send {'type': 'http.response.body', 'body': '<45 bytes>', 'more_body': True}
2026-03-30 11:55:12,237 [TRACE] uvicorn.asgi: ::1:49817 - ASGI [23] Send {'type': 'http.response.body', 'body': '<45 bytes>', 'more_body': True}
2026-03-30 11:55:27,241 [TRACE] uvicorn.asgi: ::1:49817 - ASGI [23] Send {'type': 'http.response.body', 'body': '<45 bytes>', 'more_body': True}
2026-03-30 11:55:42,244 [TRACE] uvicorn.asgi: ::1:49817 - ASGI [23] Send {'type': 'http.response.body', 'body': '<45 bytes>', 'more_body': True}
2026-03-30 11:55:57,248 [TRACE] uvicorn.asgi: ::1:49817 - ASGI [23] Send {'type': 'http.response.body', 'body': '<45 bytes>', 'more_body': True}
2026-03-30 11:56:12,251 [TRACE] uvicorn.asgi: ::1:49817 - ASGI [23] Send {'type': 'http.response.body', 'body': '<45 bytes>', 'more_body': True}
2026-03-30 11:56:27,255 [TRACE] uvicorn.asgi: ::1:49817 - ASGI [23] Send {'type': 'http.response.body', 'body': '<45 bytes>', 'more_body': True}
2026-03-30 11:56:42,275 [TRACE] uvicorn.asgi: ::1:49817 - ASGI [23] Send {'type': 'http.response.body', 'body': '<45 bytes>', 'more_body': True}
2026-03-30 11:56:57,286 [TRACE] uvicorn.asgi: ::1:49817 - ASGI [23] Send {'type': 'http.response.body', 'body': '<45 bytes>', 'more_body': True}
2026-03-30 11:57:12,293 [TRACE] uvicorn.asgi: ::1:49817 - ASGI [23] Send {'type': 'http.response.body', 'body': '<45 bytes>', 'more_body': True}
2026-03-30 11:57:27,297 [TRACE] uvicorn.asgi: ::1:49817 - ASGI [23] Send {'type': 'http.response.body', 'body': '<45 bytes>', 'more_body': True}
2026-03-30 11:57:42,302 [TRACE] uvicorn.asgi: ::1:49817 - ASGI [23] Send {'type': 'http.response.body', 'body': '<45 bytes>', 'more_body': True}
2026-03-30 11:59:04,715 [TRACE] uvicorn.asgi: ::1:49817 - ASGI [23] Send {'type': 'http.response.body', 'body': '<45 bytes>', 'more_body': True}
2026-03-30 11:59:19,722 [TRACE] uvicorn.asgi: ::1:49817 - ASGI [23] Send {'type': 'http.response.body', 'body': '<45 bytes>', 'more_body': True}
2026-03-30 11:59:34,725 [TRACE] uvicorn.asgi: ::1:49817 - ASGI [23] Send {'type': 'http.response.body', 'body': '<45 bytes>', 'more_body': True}
2026-03-30 11:59:49,728 [TRACE] uvicorn.asgi: ::1:49817 - ASGI [23] Send {'type': 'http.response.body', 'body': '<45 bytes>', 'more_body': True}
2026-03-30 12:00:04,730 [TRACE] uvicorn.asgi: ::1:49817 - ASGI [23] Send {'type': 'http.response.body', 'body': '<45 bytes>', 'more_body': True}
2026-03-30 12:00:19,732 [TRACE] uvicorn.asgi: ::1:49817 - ASGI [23] Send {'type': 'http.response.body', 'body': '<45 bytes>', 'more_body': True}
2026-03-30 12:00:34,734 [TRACE] uvicorn.asgi: ::1:49817 - ASGI [23] Send {'type': 'http.response.body', 'body': '<45 bytes>', 'more_body': True}
2026-03-30 12:00:49,736 [TRACE] uvicorn.asgi: ::1:49817 - ASGI [23] Send {'type': 'http.response.body', 'body': '<45 bytes>', 'more_body': True}
2026-03-30 12:01:04,739 [TRACE] uvicorn.asgi: ::1:49817 - ASGI [23] Send {'type': 'http.response.body', 'body': '<45 bytes>', 'more_body': True}
2026-03-30 12:01:19,741 [TRACE] uvicorn.asgi: ::1:49817 - ASGI [23] Send {'type': 'http.response.body', 'body': '<45 bytes>', 'more_body': True}
2026-03-30 12:01:34,743 [TRACE] uvicorn.asgi: ::1:49817 - ASGI [23] Send {'type': 'http.response.body', 'body': '<45 bytes>', 'more_body': True}
2026-03-30 12:01:49,746 [TRACE] uvicorn.asgi: ::1:49817 - ASGI [23] Send {'type': 'http.response.body', 'body': '<45 bytes>', 'more_body': True}
2026-03-30 12:02:04,748 [TRACE] uvicorn.asgi: ::1:49817 - ASGI [23] Send {'type': 'http.response.body', 'body': '<45 bytes>', 'more_body': True}
2026-03-30 12:02:19,750 [TRACE] uvicorn.asgi: ::1:49817 - ASGI [23] Send {'type': 'http.response.body', 'body': '<45 bytes>', 'more_body': True}
2026-03-30 12:02:34,752 [TRACE] uvicorn.asgi: ::1:49817 - ASGI [23] Send {'type': 'http.response.body', 'body': '<45 bytes>', 'more_body': True}
2026-03-30 12:02:49,755 [TRACE] uvicorn.asgi: ::1:49817 - ASGI [23] Send {'type': 'http.response.body', 'body': '<45 bytes>', 'more_body': True}
2026-03-30 12:03:04,757 [TRACE] uvicorn.asgi: ::1:49817 - ASGI [23] Send {'type': 'http.response.body', 'body': '<45 bytes>', 'more_body': True}
2026-03-30 12:03:19,759 [TRACE] uvicorn.asgi: ::1:49817 - ASGI [23] Send {'type': 'http.response.body', 'body': '<45 bytes>', 'more_body': True}
2026-03-30 12:03:34,761 [TRACE] uvicorn.asgi: ::1:49817 - ASGI [23] Send {'type': 'http.response.body', 'body': '<45 bytes>', 'more_body': True}
2026-03-30 12:03:49,764 [TRACE] uvicorn.asgi: ::1:49817 - ASGI [23] Send {'type': 'http.response.body', 'body': '<45 bytes>', 'more_body': True}
2026-03-30 12:04:04,766 [TRACE] uvicorn.asgi: ::1:49817 - ASGI [23] Send {'type': 'http.response.body', 'body': '<45 bytes>', 'more_body': True}
2026-03-30 12:04:19,768 [TRACE] uvicorn.asgi: ::1:49817 - ASGI [23] Send {'type': 'http.response.body', 'body': '<45 bytes>', 'more_body': True}
2026-03-30 12:04:34,770 [TRACE] uvicorn.asgi: ::1:49817 - ASGI [23] Send {'type': 'http.response.body', 'body': '<45 bytes>', 'more_body': True}
2026-03-30 12:04:49,773 [TRACE] uvicorn.asgi: ::1:49817 - ASGI [23] Send {'type': 'http.response.body', 'body': '<45 bytes>', 'more_body': True}
2026-03-30 12:05:04,775 [TRACE] uvicorn.asgi: ::1:49817 - ASGI [23] Send {'type': 'http.response.body', 'body': '<45 bytes>', 'more_body': True}
2026-03-30 12:05:19,777 [TRACE] uvicorn.asgi: ::1:49817 - ASGI [23] Send {'type': 'http.response.body', 'body': '<45 bytes>', 'more_body': True}
2026-03-30 12:05:34,779 [TRACE] uvicorn.asgi: ::1:49817 - ASGI [23] Send {'type': 'http.response.body', 'body': '<45 bytes>', 'more_body': True}
2026-03-30 12:05:49,781 [TRACE] uvicorn.asgi: ::1:49817 - ASGI [23] Send {'type': 'http.response.body', 'body': '<45 bytes>', 'more_body': True}
2026-03-30 12:06:04,783 [TRACE] uvicorn.asgi: ::1:49817 - ASGI [23] Send {'type': 'http.response.body', 'body': '<45 bytes>', 'more_body': True}
2026-03-30 12:06:19,786 [TRACE] uvicorn.asgi: ::1:49817 - ASGI [23] Send {'type': 'http.response.body', 'body': '<45 bytes>', 'more_body': True}
2026-03-30 12:06:34,788 [TRACE] uvicorn.asgi: ::1:49817 - ASGI [23] Send {'type': 'http.response.body', 'body': '<45 bytes>', 'more_body': True}
2026-03-30 12:06:49,790 [TRACE] uvicorn.asgi: ::1:49817 - ASGI [23] Send {'type': 'http.response.body', 'body': '<45 bytes>', 'more_body': True}
2026-03-30 12:07:04,791 [TRACE] uvicorn.asgi: ::1:49817 - ASGI [23] Send {'type': 'http.response.body', 'body': '<45 bytes>', 'more_body': True}
2026-03-30 12:07:19,794 [TRACE] uvicorn.asgi: ::1:49817 - ASGI [23] Send {'type': 'http.response.body', 'body': '<45 bytes>', 'more_body': True}
2026-03-30 12:07:34,794 [TRACE] uvicorn.asgi: ::1:49817 - ASGI [23] Send {'type': 'http.response.body', 'body': '<45 bytes>', 'more_body': True}
2026-04-01 08:33:55,947 [INFO] uvicorn.error: Started server process [7416]
2026-04-01 08:33:55,948 [INFO] uvicorn.error: Waiting for application startup.
2026-04-01 08:33:55,949 [TRACE] uvicorn.asgi: ASGI [1] Started scope={'type': 'lifespan', 'asgi': {'version': '3.0', 'spec_version': '2.0'}, 'state': {}}
2026-04-01 08:33:55,949 [TRACE] uvicorn.asgi: ASGI [1] Receive {'type': 'lifespan.startup'}
2026-04-01 08:33:55,952 [INFO] mcp.server.streamable_http_manager: StreamableHTTP session manager started
2026-04-01 08:33:55,952 [TRACE] uvicorn.asgi: ASGI [1] Send {'type': 'lifespan.startup.complete'}
2026-04-01 08:33:55,953 [INFO] uvicorn.error: Application startup complete.
2026-04-01 08:33:55,959 [INFO] uvicorn.error: Uvicorn running on http://localhost:8003 (Press CTRL+C to quit)
2026-04-01 08:34:02,601 [INFO] uvicorn.error: Shutting down
2026-04-01 08:34:02,701 [INFO] uvicorn.error: Waiting for application shutdown.
2026-04-01 08:34:02,701 [TRACE] uvicorn.asgi: ASGI [1] Receive {'type': 'lifespan.shutdown'}
2026-04-01 08:34:02,701 [INFO] mcp.server.streamable_http_manager: StreamableHTTP session manager shutting down
2026-04-01 08:34:02,701 [TRACE] uvicorn.asgi: ASGI [1] Send {'type': 'lifespan.shutdown.complete'}
2026-04-01 08:34:02,701 [TRACE] uvicorn.asgi: ASGI [1] Completed
2026-04-01 08:34:02,701 [INFO] uvicorn.error: Application shutdown complete.
2026-04-01 08:34:02,701 [INFO] uvicorn.error: Finished server process [7416]
2026-04-01 09:56:39,486 [INFO] uvicorn.error: Started server process [6196]
2026-04-01 09:56:39,486 [INFO] uvicorn.error: Waiting for application startup.
2026-04-01 09:56:39,486 [TRACE] uvicorn.asgi: ASGI [1] Started scope={'type': 'lifespan', 'asgi': {'version': '3.0', 'spec_version': '2.0'}, 'state': {}}
2026-04-01 09:56:39,487 [TRACE] uvicorn.asgi: ASGI [1] Receive {'type': 'lifespan.startup'}
2026-04-01 09:56:39,490 [INFO] mcp.server.streamable_http_manager: StreamableHTTP session manager started
2026-04-01 09:56:39,491 [TRACE] uvicorn.asgi: ASGI [1] Send {'type': 'lifespan.startup.complete'}
2026-04-01 09:56:39,491 [INFO] uvicorn.error: Application startup complete.
2026-04-01 09:56:39,498 [INFO] uvicorn.error: Uvicorn running on http://localhost:8003 (Press CTRL+C to quit)
2026-04-01 09:57:55,569 [TRACE] uvicorn.error: ::1:55969 - HTTP connection made
2026-04-01 09:57:55,570 [TRACE] uvicorn.asgi: ::1:55969 - ASGI [2] Started scope={'type': 'http', 'asgi': {'version': '3.0', 'spec_version': '2.3'}, 'http_version': '1.1', 'server': ('::1', 8003), 'client': ('::1', 55969), 'scheme': 'http', 'method': 'POST', 'root_path': '', 'path': '/mcp', 'raw_path': b'/mcp', 'query_string': b'', 'headers': '<...>', 'state': {}}
2026-04-01 09:57:55,570 [TRACE] uvicorn.asgi: ::1:55969 - ASGI [2] Send {'type': 'http.response.start', 'status': 307, 'headers': '<...>'}
2026-04-01 09:57:55,571 [INFO] uvicorn.access: ::1:55969 - "POST /mcp HTTP/1.1" 307
2026-04-01 09:57:55,571 [TRACE] uvicorn.asgi: ::1:55969 - ASGI [2] Send {'type': 'http.response.body', 'body': '<0 bytes>'}
2026-04-01 09:57:55,571 [TRACE] uvicorn.asgi: ::1:55969 - ASGI [2] Completed
2026-04-01 09:57:55,574 [TRACE] uvicorn.error: ::1:55969 - HTTP connection lost
2026-04-01 09:57:55,576 [TRACE] uvicorn.error: ::1:55970 - HTTP connection made
2026-04-01 09:57:55,576 [TRACE] uvicorn.asgi: ::1:55970 - ASGI [3] Started scope={'type': 'http', 'asgi': {'version': '3.0', 'spec_version': '2.3'}, 'http_version': '1.1', 'server': ('::1', 8003), 'client': ('::1', 55970), 'scheme': 'http', 'method': 'POST', 'root_path': '', 'path': '/mcp/', 'raw_path': b'/mcp/', 'query_string': b'', 'headers': '<...>', 'state': {}}
2026-04-01 09:57:55,576 [INFO] mcp.server.streamable_http_manager: Created new transport with session ID: 66d6badda3ba4701b498af0bf8bf72f0
2026-04-01 09:57:55,580 [TRACE] uvicorn.asgi: ::1:55970 - ASGI [3] Receive {'type': 'http.request', 'body': '<330 bytes>', 'more_body': False}
2026-04-01 09:57:55,581 [TRACE] uvicorn.asgi: ::1:55970 - ASGI [3] Send {'type': 'http.response.start', 'status': 200, 'headers': '<...>'}
2026-04-01 09:57:55,581 [INFO] uvicorn.access: ::1:55970 - "POST /mcp/ HTTP/1.1" 200
2026-04-01 09:57:55,582 [TRACE] uvicorn.asgi: ::1:55970 - ASGI [3] Send {'type': 'http.response.body', 'body': '<444 bytes>', 'more_body': True}
2026-04-01 09:57:55,583 [TRACE] uvicorn.asgi: ::1:55970 - ASGI [3] Send {'type': 'http.response.body', 'body': '<0 bytes>', 'more_body': False}
2026-04-01 09:57:55,583 [TRACE] uvicorn.asgi: ::1:55970 - ASGI [3] Receive {'type': 'http.disconnect'}
2026-04-01 09:57:55,583 [TRACE] uvicorn.asgi: ::1:55970 - ASGI [3] Completed
2026-04-01 09:57:55,603 [TRACE] uvicorn.asgi: ::1:55970 - ASGI [4] Started scope={'type': 'http', 'asgi': {'version': '3.0', 'spec_version': '2.3'}, 'http_version': '1.1', 'server': ('::1', 8003), 'client': ('::1', 55970), 'scheme': 'http', 'method': 'POST', 'root_path': '', 'path': '/mcp', 'raw_path': b'/mcp', 'query_string': b'', 'headers': '<...>', 'state': {}}
2026-04-01 09:57:55,603 [TRACE] uvicorn.asgi: ::1:55970 - ASGI [4] Send {'type': 'http.response.start', 'status': 307, 'headers': '<...>'}
2026-04-01 09:57:55,604 [INFO] uvicorn.access: ::1:55970 - "POST /mcp HTTP/1.1" 307
2026-04-01 09:57:55,604 [TRACE] uvicorn.asgi: ::1:55970 - ASGI [4] Send {'type': 'http.response.body', 'body': '<0 bytes>'}
2026-04-01 09:57:55,604 [TRACE] uvicorn.asgi: ::1:55970 - ASGI [4] Completed
2026-04-01 09:57:55,606 [TRACE] uvicorn.error: ::1:55970 - HTTP connection lost
2026-04-01 09:57:55,614 [TRACE] uvicorn.error: ::1:51220 - HTTP connection made
2026-04-01 09:57:55,615 [TRACE] uvicorn.error: ::1:51221 - HTTP connection made
2026-04-01 09:57:55,618 [TRACE] uvicorn.asgi: ::1:51220 - ASGI [5] Started scope={'type': 'http', 'asgi': {'version': '3.0', 'spec_version': '2.3'}, 'http_version': '1.1', 'server': ('::1', 8003), 'client': ('::1', 51220), 'scheme': 'http', 'method': 'POST', 'root_path': '', 'path': '/mcp/', 'raw_path': b'/mcp/', 'query_string': b'', 'headers': '<...>', 'state': {}}
2026-04-01 09:57:55,619 [TRACE] uvicorn.asgi: ::1:51220 - ASGI [5] Receive {'type': 'http.request', 'body': '<54 bytes>', 'more_body': False}
2026-04-01 09:57:55,619 [TRACE] uvicorn.asgi: ::1:51220 - ASGI [5] Send {'type': 'http.response.start', 'status': <HTTPStatus.ACCEPTED: 202>, 'headers': '<...>'}
2026-04-01 09:57:55,619 [INFO] uvicorn.access: ::1:51220 - "POST /mcp/ HTTP/1.1" 202
2026-04-01 09:57:55,620 [TRACE] uvicorn.asgi: ::1:51220 - ASGI [5] Send {'type': 'http.response.body', 'body': '<0 bytes>'}
2026-04-01 09:57:55,620 [TRACE] uvicorn.asgi: ::1:51220 - ASGI [5] Completed
2026-04-01 09:57:55,621 [TRACE] uvicorn.asgi: ::1:51221 - ASGI [6] Started scope={'type': 'http', 'asgi': {'version': '3.0', 'spec_version': '2.3'}, 'http_version': '1.1', 'server': ('::1', 8003), 'client': ('::1', 51221), 'scheme': 'http', 'method': 'POST', 'root_path': '', 'path': '/mcp', 'raw_path': b'/mcp', 'query_string': b'', 'headers': '<...>', 'state': {}}
2026-04-01 09:57:55,621 [TRACE] uvicorn.asgi: ::1:51221 - ASGI [6] Send {'type': 'http.response.start', 'status': 307, 'headers': '<...>'}
2026-04-01 09:57:55,621 [INFO] uvicorn.access: ::1:51221 - "POST /mcp HTTP/1.1" 307
2026-04-01 09:57:55,622 [TRACE] uvicorn.asgi: ::1:51221 - ASGI [6] Send {'type': 'http.response.body', 'body': '<0 bytes>'}
2026-04-01 09:57:55,622 [TRACE] uvicorn.asgi: ::1:51221 - ASGI [6] Completed
2026-04-01 09:57:55,624 [TRACE] uvicorn.asgi: ::1:51220 - ASGI [7] Started scope={'type': 'http', 'asgi': {'version': '3.0', 'spec_version': '2.3'}, 'http_version': '1.1', 'server': ('::1', 8003), 'client': ('::1', 51220), 'scheme': 'http', 'method': 'GET', 'root_path': '', 'path': '/mcp', 'raw_path': b'/mcp', 'query_string': b'', 'headers': '<...>', 'state': {}}
2026-04-01 09:57:55,624 [TRACE] uvicorn.asgi: ::1:51220 - ASGI [7] Send {'type': 'http.response.start', 'status': 307, 'headers': '<...>'}
2026-04-01 09:57:55,624 [INFO] uvicorn.access: ::1:51220 - "GET /mcp HTTP/1.1" 307
2026-04-01 09:57:55,625 [TRACE] uvicorn.asgi: ::1:51220 - ASGI [7] Send {'type': 'http.response.body', 'body': '<0 bytes>'}
2026-04-01 09:57:55,625 [TRACE] uvicorn.asgi: ::1:51220 - ASGI [7] Completed
2026-04-01 09:57:55,625 [TRACE] uvicorn.error: ::1:51221 - HTTP connection lost
2026-04-01 09:57:55,627 [TRACE] uvicorn.error: ::1:51220 - HTTP connection lost
2026-04-01 09:57:55,628 [TRACE] uvicorn.error: ::1:51222 - HTTP connection made
2026-04-01 09:57:55,629 [TRACE] uvicorn.asgi: ::1:51222 - ASGI [8] Started scope={'type': 'http', 'asgi': {'version': '3.0', 'spec_version': '2.3'}, 'http_version': '1.1', 'server': ('::1', 8003), 'client': ('::1', 51222), 'scheme': 'http', 'method': 'POST', 'root_path': '', 'path': '/mcp/', 'raw_path': b'/mcp/', 'query_string': b'', 'headers': '<...>', 'state': {}}
2026-04-01 09:57:55,629 [TRACE] uvicorn.asgi: ::1:51222 - ASGI [8] Receive {'type': 'http.request', 'body': '<79 bytes>', 'more_body': False}
2026-04-01 09:57:55,630 [TRACE] uvicorn.error: ::1:51223 - HTTP connection made
2026-04-01 09:57:55,630 [TRACE] uvicorn.asgi: ::1:51222 - ASGI [8] Send {'type': 'http.response.start', 'status': 200, 'headers': '<...>'}
2026-04-01 09:57:55,631 [INFO] uvicorn.access: ::1:51222 - "POST /mcp/ HTTP/1.1" 200
2026-04-01 09:57:55,631 [TRACE] uvicorn.asgi: ::1:51223 - ASGI [9] Started scope={'type': 'http', 'asgi': {'version': '3.0', 'spec_version': '2.3'}, 'http_version': '1.1', 'server': ('::1', 8003), 'client': ('::1', 51223), 'scheme': 'http', 'method': 'GET', 'root_path': '', 'path': '/mcp/', 'raw_path': b'/mcp/', 'query_string': b'', 'headers': '<...>', 'state': {}}
2026-04-01 09:57:55,632 [TRACE] uvicorn.asgi: ::1:51223 - ASGI [9] Send {'type': 'http.response.start', 'status': 200, 'headers': '<...>'}
2026-04-01 09:57:55,632 [INFO] uvicorn.access: ::1:51223 - "GET /mcp/ HTTP/1.1" 200
2026-04-01 09:57:55,633 [TRACE] uvicorn.asgi: ::1:51223 - ASGI [9] Receive {'type': 'http.request', 'body': '<0 bytes>', 'more_body': False}
2026-04-01 09:57:55,633 [INFO] mcp.server.lowlevel.server: Processing request of type SetLevelRequest
2026-04-01 09:57:55,633 [TRACE] uvicorn.asgi: ::1:51222 - ASGI [8] Send {'type': 'http.response.body', 'body': '<62 bytes>', 'more_body': True}
2026-04-01 09:57:55,634 [TRACE] uvicorn.asgi: ::1:51222 - ASGI [8] Send {'type': 'http.response.body', 'body': '<0 bytes>', 'more_body': False}
2026-04-01 09:57:55,634 [TRACE] uvicorn.asgi: ::1:51222 - ASGI [8] Receive {'type': 'http.disconnect'}
2026-04-01 09:57:55,635 [TRACE] uvicorn.asgi: ::1:51222 - ASGI [8] Completed
2026-04-01 09:57:59,086 [TRACE] uvicorn.asgi: ::1:51222 - ASGI [10] Started scope={'type': 'http', 'asgi': {'version': '3.0', 'spec_version': '2.3'}, 'http_version': '1.1', 'server': ('::1', 8003), 'client': ('::1', 51222), 'scheme': 'http', 'method': 'POST', 'root_path': '', 'path': '/mcp', 'raw_path': b'/mcp', 'query_string': b'', 'headers': '<...>', 'state': {}}
2026-04-01 09:57:59,086 [TRACE] uvicorn.asgi: ::1:51222 - ASGI [10] Send {'type': 'http.response.start', 'status': 307, 'headers': '<...>'}
2026-04-01 09:57:59,087 [INFO] uvicorn.access: ::1:51222 - "POST /mcp HTTP/1.1" 307
2026-04-01 09:57:59,087 [TRACE] uvicorn.asgi: ::1:51222 - ASGI [10] Send {'type': 'http.response.body', 'body': '<0 bytes>'}
2026-04-01 09:57:59,087 [TRACE] uvicorn.asgi: ::1:51222 - ASGI [10] Completed
2026-04-01 09:57:59,089 [TRACE] uvicorn.error: ::1:51222 - HTTP connection lost
2026-04-01 09:57:59,090 [TRACE] uvicorn.error: ::1:51224 - HTTP connection made
2026-04-01 09:57:59,091 [TRACE] uvicorn.asgi: ::1:51224 - ASGI [11] Started scope={'type': 'http', 'asgi': {'version': '3.0', 'spec_version': '2.3'}, 'http_version': '1.1', 'server': ('::1', 8003), 'client': ('::1', 51224), 'scheme': 'http', 'method': 'POST', 'root_path': '', 'path': '/mcp/', 'raw_path': b'/mcp/', 'query_string': b'', 'headers': '<...>', 'state': {}}
2026-04-01 09:57:59,091 [TRACE] uvicorn.asgi: ::1:51224 - ASGI [11] Receive {'type': 'http.request', 'body': '<87 bytes>', 'more_body': False}
2026-04-01 09:57:59,092 [TRACE] uvicorn.asgi: ::1:51224 - ASGI [11] Send {'type': 'http.response.start', 'status': 200, 'headers': '<...>'}
2026-04-01 09:57:59,092 [INFO] uvicorn.access: ::1:51224 - "POST /mcp/ HTTP/1.1" 200
2026-04-01 09:57:59,093 [INFO] mcp.server.lowlevel.server: Processing request of type ListPromptsRequest
2026-04-01 09:57:59,094 [TRACE] uvicorn.asgi: ::1:51224 - ASGI [11] Send {'type': 'http.response.body', 'body': '<502 bytes>', 'more_body': True}
2026-04-01 09:57:59,095 [TRACE] uvicorn.asgi: ::1:51224 - ASGI [11] Send {'type': 'http.response.body', 'body': '<0 bytes>', 'more_body': False}
2026-04-01 09:57:59,095 [TRACE] uvicorn.asgi: ::1:51224 - ASGI [11] Receive {'type': 'http.disconnect'}
2026-04-01 09:57:59,095 [TRACE] uvicorn.asgi: ::1:51224 - ASGI [11] Completed
2026-04-01 09:58:04,101 [TRACE] uvicorn.error: ::1:51224 - HTTP connection lost
2026-04-01 09:58:09,589 [TRACE] uvicorn.error: ::1:57022 - HTTP connection made
2026-04-01 09:58:09,589 [TRACE] uvicorn.asgi: ::1:57022 - ASGI [12] Started scope={'type': 'http', 'asgi': {'version': '3.0', 'spec_version': '2.3'}, 'http_version': '1.1', 'server': ('::1', 8003), 'client': ('::1', 57022), 'scheme': 'http', 'method': 'POST', 'root_path': '', 'path': '/mcp', 'raw_path': b'/mcp', 'query_string': b'', 'headers': '<...>', 'state': {}}
2026-04-01 09:58:09,589 [TRACE] uvicorn.asgi: ::1:57022 - ASGI [12] Send {'type': 'http.response.start', 'status': 307, 'headers': '<...>'}
2026-04-01 09:58:09,589 [INFO] uvicorn.access: ::1:57022 - "POST /mcp HTTP/1.1" 307
2026-04-01 09:58:09,589 [TRACE] uvicorn.asgi: ::1:57022 - ASGI [12] Send {'type': 'http.response.body', 'body': '<0 bytes>'}
2026-04-01 09:58:09,589 [TRACE] uvicorn.asgi: ::1:57022 - ASGI [12] Completed
2026-04-01 09:58:09,599 [TRACE] uvicorn.error: ::1:57022 - HTTP connection lost
2026-04-01 09:58:09,599 [TRACE] uvicorn.error: ::1:57023 - HTTP connection made
2026-04-01 09:58:09,599 [TRACE] uvicorn.asgi: ::1:57023 - ASGI [13] Started scope={'type': 'http', 'asgi': {'version': '3.0', 'spec_version': '2.3'}, 'http_version': '1.1', 'server': ('::1', 8003), 'client': ('::1', 57023), 'scheme': 'http', 'method': 'POST', 'root_path': '', 'path': '/mcp/', 'raw_path': b'/mcp/', 'query_string': b'', 'headers': '<...>', 'state': {}}
2026-04-01 09:58:09,599 [TRACE] uvicorn.asgi: ::1:57023 - ASGI [13] Receive {'type': 'http.request', 'body': '<185 bytes>', 'more_body': False}
2026-04-01 09:58:09,601 [TRACE] uvicorn.asgi: ::1:57023 - ASGI [13] Send {'type': 'http.response.start', 'status': 200, 'headers': '<...>'}
2026-04-01 09:58:09,606 [INFO] uvicorn.access: ::1:57023 - "POST /mcp/ HTTP/1.1" 200
2026-04-01 09:58:09,607 [INFO] mcp.server.lowlevel.server: Processing request of type GetPromptRequest
2026-04-01 09:58:09,611 [TRACE] uvicorn.asgi: ::1:57023 - ASGI [13] Send {'type': 'http.response.body', 'body': '<746 bytes>', 'more_body': True}
2026-04-01 09:58:09,611 [TRACE] uvicorn.asgi: ::1:57023 - ASGI [13] Send {'type': 'http.response.body', 'body': '<0 bytes>', 'more_body': False}
2026-04-01 09:58:09,617 [TRACE] uvicorn.asgi: ::1:57023 - ASGI [13] Receive {'type': 'http.disconnect'}
2026-04-01 09:58:09,617 [TRACE] uvicorn.asgi: ::1:57023 - ASGI [13] Completed
2026-04-01 09:58:10,635 [TRACE] uvicorn.asgi: ::1:51223 - ASGI [9] Send {'type': 'http.response.body', 'body': '<45 bytes>', 'more_body': True}
2026-04-01 09:58:14,595 [TRACE] uvicorn.error: ::1:57023 - HTTP connection lost
2026-04-01 09:58:20,902 [TRACE] uvicorn.error: ::1:50331 - HTTP connection made
2026-04-01 09:58:20,902 [TRACE] uvicorn.asgi: ::1:50331 - ASGI [14] Started scope={'type': 'http', 'asgi': {'version': '3.0', 'spec_version': '2.3'}, 'http_version': '1.1', 'server': ('::1', 8003), 'client': ('::1', 50331), 'scheme': 'http', 'method': 'POST', 'root_path': '', 'path': '/mcp', 'raw_path': b'/mcp', 'query_string': b'', 'headers': '<...>', 'state': {}}
2026-04-01 09:58:20,902 [TRACE] uvicorn.asgi: ::1:50331 - ASGI [14] Send {'type': 'http.response.start', 'status': 307, 'headers': '<...>'}
2026-04-01 09:58:20,917 [INFO] uvicorn.access: ::1:50331 - "POST /mcp HTTP/1.1" 307
2026-04-01 09:58:20,917 [TRACE] uvicorn.asgi: ::1:50331 - ASGI [14] Send {'type': 'http.response.body', 'body': '<0 bytes>'}
2026-04-01 09:58:20,917 [TRACE] uvicorn.asgi: ::1:50331 - ASGI [14] Completed
2026-04-01 09:58:20,918 [TRACE] uvicorn.error: ::1:50331 - HTTP connection lost
2026-04-01 09:58:20,919 [TRACE] uvicorn.error: ::1:50332 - HTTP connection made
2026-04-01 09:58:20,920 [TRACE] uvicorn.asgi: ::1:50332 - ASGI [15] Started scope={'type': 'http', 'asgi': {'version': '3.0', 'spec_version': '2.3'}, 'http_version': '1.1', 'server': ('::1', 8003), 'client': ('::1', 50332), 'scheme': 'http', 'method': 'POST', 'root_path': '', 'path': '/mcp/', 'raw_path': b'/mcp/', 'query_string': b'', 'headers': '<...>', 'state': {}}
2026-04-01 09:58:20,921 [TRACE] uvicorn.asgi: ::1:50332 - ASGI [15] Receive {'type': 'http.request', 'body': '<141 bytes>', 'more_body': False}
2026-04-01 09:58:20,922 [TRACE] uvicorn.asgi: ::1:50332 - ASGI [15] Send {'type': 'http.response.start', 'status': 200, 'headers': '<...>'}
2026-04-01 09:58:20,922 [INFO] uvicorn.access: ::1:50332 - "POST /mcp/ HTTP/1.1" 200
2026-04-01 09:58:20,922 [INFO] mcp.server.lowlevel.server: Processing request of type GetPromptRequest
2026-04-01 09:58:20,922 [TRACE] uvicorn.asgi: ::1:50332 - ASGI [15] Send {'type': 'http.response.body', 'body': '<635 bytes>', 'more_body': True}
2026-04-01 09:58:20,922 [TRACE] uvicorn.asgi: ::1:50332 - ASGI [15] Send {'type': 'http.response.body', 'body': '<0 bytes>', 'more_body': False}
2026-04-01 09:58:20,922 [TRACE] uvicorn.asgi: ::1:50332 - ASGI [15] Receive {'type': 'http.disconnect'}
2026-04-01 09:58:20,926 [TRACE] uvicorn.asgi: ::1:50332 - ASGI [15] Completed
2026-04-01 09:58:25,626 [TRACE] uvicorn.asgi: ::1:51223 - ASGI [9] Send {'type': 'http.response.body', 'body': '<45 bytes>', 'more_body': True}
2026-04-01 09:58:25,935 [TRACE] uvicorn.error: ::1:50332 - HTTP connection lost
2026-04-01 09:58:31,742 [TRACE] uvicorn.error: ::1:49779 - HTTP connection made
2026-04-01 09:58:31,743 [TRACE] uvicorn.asgi: ::1:49779 - ASGI [16] Started scope={'type': 'http', 'asgi': {'version': '3.0', 'spec_version': '2.3'}, 'http_version': '1.1', 'server': ('::1', 8003), 'client': ('::1', 49779), 'scheme': 'http', 'method': 'DELETE', 'root_path': '', 'path': '/mcp', 'raw_path': b'/mcp', 'query_string': b'', 'headers': '<...>', 'state': {}}
2026-04-01 09:58:31,744 [TRACE] uvicorn.asgi: ::1:49779 - ASGI [16] Send {'type': 'http.response.start', 'status': 307, 'headers': '<...>'}
2026-04-01 09:58:31,744 [INFO] uvicorn.access: ::1:49779 - "DELETE /mcp HTTP/1.1" 307
2026-04-01 09:58:31,744 [TRACE] uvicorn.asgi: ::1:49779 - ASGI [16] Send {'type': 'http.response.body', 'body': '<0 bytes>'}
2026-04-01 09:58:31,744 [TRACE] uvicorn.asgi: ::1:49779 - ASGI [16] Completed
2026-04-01 09:58:31,745 [TRACE] uvicorn.error: ::1:49779 - HTTP connection lost
2026-04-01 09:58:31,746 [TRACE] uvicorn.error: ::1:49780 - HTTP connection made
2026-04-01 09:58:31,746 [TRACE] uvicorn.asgi: ::1:49780 - ASGI [17] Started scope={'type': 'http', 'asgi': {'version': '3.0', 'spec_version': '2.3'}, 'http_version': '1.1', 'server': ('::1', 8003), 'client': ('::1', 49780), 'scheme': 'http', 'method': 'DELETE', 'root_path': '', 'path': '/mcp/', 'raw_path': b'/mcp/', 'query_string': b'', 'headers': '<...>', 'state': {}}
2026-04-01 09:58:31,746 [INFO] mcp.server.streamable_http: Terminating session: 66d6badda3ba4701b498af0bf8bf72f0
2026-04-01 09:58:31,747 [TRACE] uvicorn.asgi: ::1:49780 - ASGI [17] Send {'type': 'http.response.start', 'status': <HTTPStatus.OK: 200>, 'headers': '<...>'}
2026-04-01 09:58:31,747 [INFO] uvicorn.access: ::1:49780 - "DELETE /mcp/ HTTP/1.1" 200
2026-04-01 09:58:31,747 [TRACE] uvicorn.asgi: ::1:49780 - ASGI [17] Send {'type': 'http.response.body', 'body': '<0 bytes>'}
2026-04-01 09:58:31,747 [TRACE] uvicorn.asgi: ::1:49780 - ASGI [17] Completed
2026-04-01 09:58:31,748 [TRACE] uvicorn.asgi: ::1:51223 - ASGI [9] Send {'type': 'http.response.body', 'body': '<0 bytes>', 'more_body': False}
2026-04-01 09:58:31,748 [TRACE] uvicorn.asgi: ::1:51223 - ASGI [9] Receive {'type': 'http.disconnect'}
2026-04-01 09:58:31,749 [TRACE] uvicorn.asgi: ::1:51223 - ASGI [9] Completed
2026-04-01 09:58:31,749 [TRACE] uvicorn.error: ::1:51223 - HTTP connection lost
2026-04-01 09:58:36,751 [TRACE] uvicorn.error: ::1:49780 - HTTP connection lost
2026-04-20 12:09:47,494 [INFO] uvicorn.error: Started server process [16452]
2026-04-20 12:09:47,495 [INFO] uvicorn.error: Waiting for application startup.
2026-04-20 12:09:47,495 [TRACE] uvicorn.asgi: ASGI [1] Started scope={'type': 'lifespan', 'asgi': {'version': '3.0', 'spec_version': '2.0'}, 'state': {}}
2026-04-20 12:09:47,496 [TRACE] uvicorn.asgi: ASGI [1] Receive {'type': 'lifespan.startup'}
2026-04-20 12:09:47,500 [INFO] mcp.server.streamable_http_manager: StreamableHTTP session manager started
2026-04-20 12:09:47,500 [TRACE] uvicorn.asgi: ASGI [1] Send {'type': 'lifespan.startup.complete'}
2026-04-20 12:09:47,500 [INFO] uvicorn.error: Application startup complete.
2026-04-20 12:09:47,508 [INFO] uvicorn.error: Uvicorn running on http://localhost:8003 (Press CTRL+C to quit)
2026-04-20 12:11:05,203 [TRACE] uvicorn.error: 127.0.0.1:62574 - HTTP connection made
2026-04-20 12:11:05,204 [TRACE] uvicorn.asgi: 127.0.0.1:62574 - ASGI [2] Started scope={'type': 'http', 'asgi': {'version': '3.0', 'spec_version': '2.3'}, 'http_version': '1.1', 'server': ('127.0.0.1', 8003), 'client': ('127.0.0.1', 62574), 'scheme': 'http', 'method': 'POST', 'root_path': '', 'path': '/celsius-to-fahrenheit', 'raw_path': b'/celsius-to-fahrenheit', 'query_string': b'', 'headers': '<...>', 'state': {}}
2026-04-20 12:11:05,205 [TRACE] uvicorn.asgi: 127.0.0.1:62574 - ASGI [2] Send {'type': 'http.response.start', 'status': 422, 'headers': '<...>'}
2026-04-20 12:11:05,206 [INFO] uvicorn.access: 127.0.0.1:62574 - "POST /celsius-to-fahrenheit HTTP/1.1" 422
2026-04-20 12:11:05,206 [TRACE] uvicorn.asgi: 127.0.0.1:62574 - ASGI [2] Send {'type': 'http.response.body', 'body': '<93 bytes>'}
2026-04-20 12:11:05,206 [TRACE] uvicorn.asgi: 127.0.0.1:62574 - ASGI [2] Completed
2026-04-20 12:11:05,207 [TRACE] uvicorn.error: 127.0.0.1:62574 - HTTP connection lost
2026-04-20 12:11:35,848 [TRACE] uvicorn.error: 127.0.0.1:50872 - HTTP connection made
2026-04-20 12:11:35,873 [TRACE] uvicorn.asgi: 127.0.0.1:50872 - ASGI [3] Started scope={'type': 'http', 'asgi': {'version': '3.0', 'spec_version': '2.3'}, 'http_version': '1.1', 'server': ('127.0.0.1', 8003), 'client': ('127.0.0.1', 50872), 'scheme': 'http', 'method': 'POST', 'root_path': '', 'path': '/kilometers-to-miles', 'raw_path': b'/kilometers-to-miles', 'query_string': b'', 'headers': '<...>', 'state': {}}
2026-04-20 12:11:35,874 [TRACE] uvicorn.asgi: 127.0.0.1:50872 - ASGI [3] Send {'type': 'http.response.start', 'status': 422, 'headers': '<...>'}
2026-04-20 12:11:35,875 [INFO] uvicorn.access: 127.0.0.1:50872 - "POST /kilometers-to-miles HTTP/1.1" 422
2026-04-20 12:11:35,875 [TRACE] uvicorn.asgi: 127.0.0.1:50872 - ASGI [3] Send {'type': 'http.response.body', 'body': '<96 bytes>'}
2026-04-20 12:11:35,875 [TRACE] uvicorn.asgi: 127.0.0.1:50872 - ASGI [3] Completed
2026-04-20 12:11:35,876 [TRACE] uvicorn.error: 127.0.0.1:50872 - HTTP connection lost
2026-04-20 12:17:02,940 [TRACE] uvicorn.error: ::1:53090 - HTTP connection made
2026-04-20 12:17:02,940 [TRACE] uvicorn.asgi: ::1:53090 - ASGI [4] Started scope={'type': 'http', 'asgi': {'version': '3.0', 'spec_version': '2.3'}, 'http_version': '1.1', 'server': ('::1', 8003), 'client': ('::1', 53090), 'scheme': 'http', 'method': 'POST', 'root_path': '', 'path': '/mcp', 'raw_path': b'/mcp', 'query_string': b'', 'headers': '<...>', 'state': {}}
2026-04-20 12:17:02,941 [TRACE] uvicorn.asgi: ::1:53090 - ASGI [4] Send {'type': 'http.response.start', 'status': 307, 'headers': '<...>'}
2026-04-20 12:17:02,941 [INFO] uvicorn.access: ::1:53090 - "POST /mcp HTTP/1.1" 307
2026-04-20 12:17:02,941 [TRACE] uvicorn.asgi: ::1:53090 - ASGI [4] Send {'type': 'http.response.body', 'body': '<0 bytes>'}
2026-04-20 12:17:02,941 [TRACE] uvicorn.asgi: ::1:53090 - ASGI [4] Completed
2026-04-20 12:17:02,944 [TRACE] uvicorn.error: ::1:53090 - HTTP connection lost
2026-04-20 12:17:02,947 [TRACE] uvicorn.error: ::1:53091 - HTTP connection made
2026-04-20 12:17:02,947 [TRACE] uvicorn.asgi: ::1:53091 - ASGI [5] Started scope={'type': 'http', 'asgi': {'version': '3.0', 'spec_version': '2.3'}, 'http_version': '1.1', 'server': ('::1', 8003), 'client': ('::1', 53091), 'scheme': 'http', 'method': 'POST', 'root_path': '', 'path': '/mcp/', 'raw_path': b'/mcp/', 'query_string': b'', 'headers': '<...>', 'state': {}}
2026-04-20 12:17:02,948 [INFO] mcp.server.streamable_http_manager: Created new transport with session ID: be420c2385d5473c95c212f2632fa620
2026-04-20 12:17:02,949 [TRACE] uvicorn.asgi: ::1:53091 - ASGI [5] Receive {'type': 'http.request', 'body': '<330 bytes>', 'more_body': False}
2026-04-20 12:17:02,951 [TRACE] uvicorn.asgi: ::1:53091 - ASGI [5] Send {'type': 'http.response.start', 'status': 200, 'headers': '<...>'}
2026-04-20 12:17:02,951 [INFO] uvicorn.access: ::1:53091 - "POST /mcp/ HTTP/1.1" 200
2026-04-20 12:17:02,952 [TRACE] uvicorn.asgi: ::1:53091 - ASGI [5] Send {'type': 'http.response.body', 'body': '<444 bytes>', 'more_body': True}
2026-04-20 12:17:02,952 [TRACE] uvicorn.asgi: ::1:53091 - ASGI [5] Send {'type': 'http.response.body', 'body': '<0 bytes>', 'more_body': False}
2026-04-20 12:17:02,952 [TRACE] uvicorn.asgi: ::1:53091 - ASGI [5] Receive {'type': 'http.disconnect'}
2026-04-20 12:17:02,953 [TRACE] uvicorn.asgi: ::1:53091 - ASGI [5] Completed
2026-04-20 12:17:02,980 [TRACE] uvicorn.asgi: ::1:53091 - ASGI [6] Started scope={'type': 'http', 'asgi': {'version': '3.0', 'spec_version': '2.3'}, 'http_version': '1.1', 'server': ('::1', 8003), 'client': ('::1', 53091), 'scheme': 'http', 'method': 'POST', 'root_path': '', 'path': '/mcp', 'raw_path': b'/mcp', 'query_string': b'', 'headers': '<...>', 'state': {}}
2026-04-20 12:17:02,982 [TRACE] uvicorn.asgi: ::1:53091 - ASGI [6] Send {'type': 'http.response.start', 'status': 307, 'headers': '<...>'}
2026-04-20 12:17:02,983 [INFO] uvicorn.access: ::1:53091 - "POST /mcp HTTP/1.1" 307
2026-04-20 12:17:02,984 [TRACE] uvicorn.asgi: ::1:53091 - ASGI [6] Send {'type': 'http.response.body', 'body': '<0 bytes>'}
2026-04-20 12:17:02,985 [TRACE] uvicorn.asgi: ::1:53091 - ASGI [6] Completed
2026-04-20 12:17:02,985 [TRACE] uvicorn.error: ::1:53091 - HTTP connection lost
2026-04-20 12:17:02,995 [TRACE] uvicorn.error: ::1:53092 - HTTP connection made
2026-04-20 12:17:02,996 [TRACE] uvicorn.error: ::1:53093 - HTTP connection made
2026-04-20 12:17:02,997 [TRACE] uvicorn.asgi: ::1:53092 - ASGI [7] Started scope={'type': 'http', 'asgi': {'version': '3.0', 'spec_version': '2.3'}, 'http_version': '1.1', 'server': ('::1', 8003), 'client': ('::1', 53092), 'scheme': 'http', 'method': 'POST', 'root_path': '', 'path': '/mcp/', 'raw_path': b'/mcp/', 'query_string': b'', 'headers': '<...>', 'state': {}}
2026-04-20 12:17:02,998 [TRACE] uvicorn.asgi: ::1:53092 - ASGI [7] Receive {'type': 'http.request', 'body': '<54 bytes>', 'more_body': False}
2026-04-20 12:17:02,998 [TRACE] uvicorn.asgi: ::1:53092 - ASGI [7] Send {'type': 'http.response.start', 'status': <HTTPStatus.ACCEPTED: 202>, 'headers': '<...>'}
2026-04-20 12:17:02,998 [INFO] uvicorn.access: ::1:53092 - "POST /mcp/ HTTP/1.1" 202
2026-04-20 12:17:02,999 [TRACE] uvicorn.asgi: ::1:53092 - ASGI [7] Send {'type': 'http.response.body', 'body': '<0 bytes>'}
2026-04-20 12:17:02,999 [TRACE] uvicorn.asgi: ::1:53092 - ASGI [7] Completed
2026-04-20 12:17:03,000 [TRACE] uvicorn.asgi: ::1:53093 - ASGI [8] Started scope={'type': 'http', 'asgi': {'version': '3.0', 'spec_version': '2.3'}, 'http_version': '1.1', 'server': ('::1', 8003), 'client': ('::1', 53093), 'scheme': 'http', 'method': 'POST', 'root_path': '', 'path': '/mcp', 'raw_path': b'/mcp', 'query_string': b'', 'headers': '<...>', 'state': {}}
2026-04-20 12:17:03,000 [TRACE] uvicorn.asgi: ::1:53093 - ASGI [8] Send {'type': 'http.response.start', 'status': 307, 'headers': '<...>'}
2026-04-20 12:17:03,001 [INFO] uvicorn.access: ::1:53093 - "POST /mcp HTTP/1.1" 307
2026-04-20 12:17:03,001 [TRACE] uvicorn.asgi: ::1:53093 - ASGI [8] Send {'type': 'http.response.body', 'body': '<0 bytes>'}
2026-04-20 12:17:03,001 [TRACE] uvicorn.asgi: ::1:53093 - ASGI [8] Completed
2026-04-20 12:17:03,003 [TRACE] uvicorn.asgi: ::1:53092 - ASGI [9] Started scope={'type': 'http', 'asgi': {'version': '3.0', 'spec_version': '2.3'}, 'http_version': '1.1', 'server': ('::1', 8003), 'client': ('::1', 53092), 'scheme': 'http', 'method': 'GET', 'root_path': '', 'path': '/mcp', 'raw_path': b'/mcp', 'query_string': b'', 'headers': '<...>', 'state': {}}
2026-04-20 12:17:03,005 [TRACE] uvicorn.asgi: ::1:53092 - ASGI [9] Send {'type': 'http.response.start', 'status': 307, 'headers': '<...>'}
2026-04-20 12:17:03,007 [INFO] uvicorn.access: ::1:53092 - "GET /mcp HTTP/1.1" 307
2026-04-20 12:17:03,007 [TRACE] uvicorn.asgi: ::1:53092 - ASGI [9] Send {'type': 'http.response.body', 'body': '<0 bytes>'}
2026-04-20 12:17:03,008 [TRACE] uvicorn.asgi: ::1:53092 - ASGI [9] Completed
2026-04-20 12:17:03,008 [TRACE] uvicorn.error: ::1:53093 - HTTP connection lost
2026-04-20 12:17:03,009 [TRACE] uvicorn.error: ::1:53094 - HTTP connection made
2026-04-20 12:17:03,010 [TRACE] uvicorn.asgi: ::1:53094 - ASGI [10] Started scope={'type': 'http', 'asgi': {'version': '3.0', 'spec_version': '2.3'}, 'http_version': '1.1', 'server': ('::1', 8003), 'client': ('::1', 53094), 'scheme': 'http', 'method': 'POST', 'root_path': '', 'path': '/mcp/', 'raw_path': b'/mcp/', 'query_string': b'', 'headers': '<...>', 'state': {}}
2026-04-20 12:17:03,010 [TRACE] uvicorn.asgi: ::1:53094 - ASGI [10] Receive {'type': 'http.request', 'body': '<79 bytes>', 'more_body': False}
2026-04-20 12:17:03,011 [TRACE] uvicorn.error: ::1:53092 - HTTP connection lost
2026-04-20 12:17:03,011 [TRACE] uvicorn.asgi: ::1:53094 - ASGI [10] Send {'type': 'http.response.start', 'status': 200, 'headers': '<...>'}
2026-04-20 12:17:03,012 [INFO] uvicorn.access: ::1:53094 - "POST /mcp/ HTTP/1.1" 200
2026-04-20 12:17:03,012 [TRACE] uvicorn.error: ::1:53095 - HTTP connection made
2026-04-20 12:17:03,013 [TRACE] uvicorn.asgi: ::1:53095 - ASGI [11] Started scope={'type': 'http', 'asgi': {'version': '3.0', 'spec_version': '2.3'}, 'http_version': '1.1', 'server': ('::1', 8003), 'client': ('::1', 53095), 'scheme': 'http', 'method': 'GET', 'root_path': '', 'path': '/mcp/', 'raw_path': b'/mcp/', 'query_string': b'', 'headers': '<...>', 'state': {}}
2026-04-20 12:17:03,014 [INFO] mcp.server.lowlevel.server: Processing request of type SetLevelRequest
2026-04-20 12:17:03,015 [TRACE] uvicorn.asgi: ::1:53095 - ASGI [11] Send {'type': 'http.response.start', 'status': 200, 'headers': '<...>'}
2026-04-20 12:17:03,015 [INFO] uvicorn.access: ::1:53095 - "GET /mcp/ HTTP/1.1" 200
2026-04-20 12:17:03,016 [TRACE] uvicorn.asgi: ::1:53095 - ASGI [11] Receive {'type': 'http.request', 'body': '<0 bytes>', 'more_body': False}
2026-04-20 12:17:03,016 [TRACE] uvicorn.asgi: ::1:53094 - ASGI [10] Send {'type': 'http.response.body', 'body': '<62 bytes>', 'more_body': True}
2026-04-20 12:17:03,017 [TRACE] uvicorn.asgi: ::1:53094 - ASGI [10] Send {'type': 'http.response.body', 'body': '<0 bytes>', 'more_body': False}
2026-04-20 12:17:03,017 [TRACE] uvicorn.asgi: ::1:53094 - ASGI [10] Receive {'type': 'http.disconnect'}
2026-04-20 12:17:03,018 [TRACE] uvicorn.asgi: ::1:53094 - ASGI [10] Completed
2026-04-20 12:17:08,028 [TRACE] uvicorn.error: ::1:53094 - HTTP connection lost
2026-04-20 12:17:12,114 [TRACE] uvicorn.error: ::1:51732 - HTTP connection made
2026-04-20 12:17:12,115 [TRACE] uvicorn.asgi: ::1:51732 - ASGI [12] Started scope={'type': 'http', 'asgi': {'version': '3.0', 'spec_version': '2.3'}, 'http_version': '1.1', 'server': ('::1', 8003), 'client': ('::1', 51732), 'scheme': 'http', 'method': 'POST', 'root_path': '', 'path': '/mcp', 'raw_path': b'/mcp', 'query_string': b'', 'headers': '<...>', 'state': {}}
2026-04-20 12:17:12,115 [TRACE] uvicorn.asgi: ::1:51732 - ASGI [12] Send {'type': 'http.response.start', 'status': 307, 'headers': '<...>'}
2026-04-20 12:17:12,115 [INFO] uvicorn.access: ::1:51732 - "POST /mcp HTTP/1.1" 307
2026-04-20 12:17:12,116 [TRACE] uvicorn.asgi: ::1:51732 - ASGI [12] Send {'type': 'http.response.body', 'body': '<0 bytes>'}
2026-04-20 12:17:12,116 [TRACE] uvicorn.asgi: ::1:51732 - ASGI [12] Completed
2026-04-20 12:17:12,118 [TRACE] uvicorn.error: ::1:51732 - HTTP connection lost
2026-04-20 12:17:12,119 [TRACE] uvicorn.error: ::1:51733 - HTTP connection made
2026-04-20 12:17:12,120 [TRACE] uvicorn.asgi: ::1:51733 - ASGI [13] Started scope={'type': 'http', 'asgi': {'version': '3.0', 'spec_version': '2.3'}, 'http_version': '1.1', 'server': ('::1', 8003), 'client': ('::1', 51733), 'scheme': 'http', 'method': 'POST', 'root_path': '', 'path': '/mcp/', 'raw_path': b'/mcp/', 'query_string': b'', 'headers': '<...>', 'state': {}}
2026-04-20 12:17:12,120 [TRACE] uvicorn.asgi: ::1:51733 - ASGI [13] Receive {'type': 'http.request', 'body': '<89 bytes>', 'more_body': False}
2026-04-20 12:17:12,121 [TRACE] uvicorn.asgi: ::1:51733 - ASGI [13] Send {'type': 'http.response.start', 'status': 200, 'headers': '<...>'}
2026-04-20 12:17:12,121 [INFO] uvicorn.access: ::1:51733 - "POST /mcp/ HTTP/1.1" 200
2026-04-20 12:17:12,122 [INFO] mcp.server.lowlevel.server: Processing request of type ListResourcesRequest
2026-04-20 12:17:12,127 [TRACE] uvicorn.asgi: ::1:51733 - ASGI [13] Send {'type': 'http.response.body', 'body': '<358 bytes>', 'more_body': True}
2026-04-20 12:17:12,127 [TRACE] uvicorn.asgi: ::1:51733 - ASGI [13] Send {'type': 'http.response.body', 'body': '<0 bytes>', 'more_body': False}
2026-04-20 12:17:12,129 [TRACE] uvicorn.asgi: ::1:51733 - ASGI [13] Receive {'type': 'http.disconnect'}
2026-04-20 12:17:12,129 [TRACE] uvicorn.asgi: ::1:51733 - ASGI [13] Completed
2026-04-20 12:17:15,999 [TRACE] uvicorn.asgi: ::1:51733 - ASGI [14] Started scope={'type': 'http', 'asgi': {'version': '3.0', 'spec_version': '2.3'}, 'http_version': '1.1', 'server': ('::1', 8003), 'client': ('::1', 51733), 'scheme': 'http', 'method': 'POST', 'root_path': '', 'path': '/mcp', 'raw_path': b'/mcp', 'query_string': b'', 'headers': '<...>', 'state': {}}
2026-04-20 12:17:16,000 [TRACE] uvicorn.asgi: ::1:51733 - ASGI [14] Send {'type': 'http.response.start', 'status': 307, 'headers': '<...>'}
2026-04-20 12:17:16,000 [INFO] uvicorn.access: ::1:51733 - "POST /mcp HTTP/1.1" 307
2026-04-20 12:17:16,000 [TRACE] uvicorn.asgi: ::1:51733 - ASGI [14] Send {'type': 'http.response.body', 'body': '<0 bytes>'}
2026-04-20 12:17:16,001 [TRACE] uvicorn.asgi: ::1:51733 - ASGI [14] Completed
2026-04-20 12:17:16,002 [TRACE] uvicorn.error: ::1:51733 - HTTP connection lost
2026-04-20 12:17:16,003 [TRACE] uvicorn.error: ::1:51734 - HTTP connection made
2026-04-20 12:17:16,003 [TRACE] uvicorn.asgi: ::1:51734 - ASGI [15] Started scope={'type': 'http', 'asgi': {'version': '3.0', 'spec_version': '2.3'}, 'http_version': '1.1', 'server': ('::1', 8003), 'client': ('::1', 51734), 'scheme': 'http', 'method': 'POST', 'root_path': '', 'path': '/mcp/', 'raw_path': b'/mcp/', 'query_string': b'', 'headers': '<...>', 'state': {}}
2026-04-20 12:17:16,004 [TRACE] uvicorn.asgi: ::1:51734 - ASGI [15] Receive {'type': 'http.request', 'body': '<133 bytes>', 'more_body': False}
2026-04-20 12:17:16,004 [TRACE] uvicorn.asgi: ::1:51734 - ASGI [15] Send {'type': 'http.response.start', 'status': 200, 'headers': '<...>'}
2026-04-20 12:17:16,005 [INFO] uvicorn.access: ::1:51734 - "POST /mcp/ HTTP/1.1" 200
2026-04-20 12:17:16,006 [INFO] mcp.server.lowlevel.server: Processing request of type ReadResourceRequest
2026-04-20 12:17:16,010 [TRACE] uvicorn.asgi: ::1:51734 - ASGI [15] Send {'type': 'http.response.body', 'body': '<1232 bytes>', 'more_body': True}
2026-04-20 12:17:16,010 [TRACE] uvicorn.asgi: ::1:51734 - ASGI [15] Send {'type': 'http.response.body', 'body': '<0 bytes>', 'more_body': False}
2026-04-20 12:17:16,012 [TRACE] uvicorn.asgi: ::1:51734 - ASGI [15] Receive {'type': 'http.disconnect'}
2026-04-20 12:17:16,012 [TRACE] uvicorn.asgi: ::1:51734 - ASGI [15] Completed
2026-04-20 12:17:18,025 [TRACE] uvicorn.asgi: ::1:53095 - ASGI [11] Send {'type': 'http.response.body', 'body': '<45 bytes>', 'more_body': True}
2026-04-20 12:17:20,020 [TRACE] uvicorn.asgi: ::1:51734 - ASGI [16] Started scope={'type': 'http', 'asgi': {'version': '3.0', 'spec_version': '2.3'}, 'http_version': '1.1', 'server': ('::1', 8003), 'client': ('::1', 51734), 'scheme': 'http', 'method': 'POST', 'root_path': '', 'path': '/mcp', 'raw_path': b'/mcp', 'query_string': b'', 'headers': '<...>', 'state': {}}
2026-04-20 12:17:20,020 [TRACE] uvicorn.asgi: ::1:51734 - ASGI [16] Send {'type': 'http.response.start', 'status': 307, 'headers': '<...>'}
2026-04-20 12:17:20,020 [INFO] uvicorn.access: ::1:51734 - "POST /mcp HTTP/1.1" 307
2026-04-20 12:17:20,021 [TRACE] uvicorn.asgi: ::1:51734 - ASGI [16] Send {'type': 'http.response.body', 'body': '<0 bytes>'}
2026-04-20 12:17:20,022 [TRACE] uvicorn.asgi: ::1:51734 - ASGI [16] Completed
2026-04-20 12:17:20,023 [TRACE] uvicorn.error: ::1:51734 - HTTP connection lost
2026-04-20 12:17:20,025 [TRACE] uvicorn.error: ::1:51739 - HTTP connection made
2026-04-20 12:17:20,025 [TRACE] uvicorn.asgi: ::1:51739 - ASGI [17] Started scope={'type': 'http', 'asgi': {'version': '3.0', 'spec_version': '2.3'}, 'http_version': '1.1', 'server': ('::1', 8003), 'client': ('::1', 51739), 'scheme': 'http', 'method': 'POST', 'root_path': '', 'path': '/mcp/', 'raw_path': b'/mcp/', 'query_string': b'', 'headers': '<...>', 'state': {}}
2026-04-20 12:17:20,026 [TRACE] uvicorn.asgi: ::1:51739 - ASGI [17] Receive {'type': 'http.request', 'body': '<140 bytes>', 'more_body': False}
2026-04-20 12:17:20,026 [TRACE] uvicorn.asgi: ::1:51739 - ASGI [17] Send {'type': 'http.response.start', 'status': 200, 'headers': '<...>'}
2026-04-20 12:17:20,026 [INFO] uvicorn.access: ::1:51739 - "POST /mcp/ HTTP/1.1" 200
2026-04-20 12:17:20,027 [INFO] mcp.server.lowlevel.server: Processing request of type ReadResourceRequest
2026-04-20 12:17:20,028 [TRACE] uvicorn.asgi: ::1:51739 - ASGI [17] Send {'type': 'http.response.body', 'body': '<411 bytes>', 'more_body': True}
2026-04-20 12:17:20,030 [TRACE] uvicorn.asgi: ::1:51739 - ASGI [17] Send {'type': 'http.response.body', 'body': '<0 bytes>', 'more_body': False}
2026-04-20 12:17:20,030 [TRACE] uvicorn.asgi: ::1:51739 - ASGI [17] Receive {'type': 'http.disconnect'}
2026-04-20 12:17:20,031 [TRACE] uvicorn.asgi: ::1:51739 - ASGI [17] Completed
2026-04-20 12:17:24,090 [TRACE] uvicorn.asgi: ::1:51739 - ASGI [18] Started scope={'type': 'http', 'asgi': {'version': '3.0', 'spec_version': '2.3'}, 'http_version': '1.1', 'server': ('::1', 8003), 'client': ('::1', 51739), 'scheme': 'http', 'method': 'POST', 'root_path': '', 'path': '/mcp', 'raw_path': b'/mcp', 'query_string': b'', 'headers': '<...>', 'state': {}}
2026-04-20 12:17:24,091 [TRACE] uvicorn.asgi: ::1:51739 - ASGI [18] Send {'type': 'http.response.start', 'status': 307, 'headers': '<...>'}
2026-04-20 12:17:24,091 [INFO] uvicorn.access: ::1:51739 - "POST /mcp HTTP/1.1" 307
2026-04-20 12:17:24,091 [TRACE] uvicorn.asgi: ::1:51739 - ASGI [18] Send {'type': 'http.response.body', 'body': '<0 bytes>'}
2026-04-20 12:17:24,092 [TRACE] uvicorn.asgi: ::1:51739 - ASGI [18] Completed
2026-04-20 12:17:24,093 [TRACE] uvicorn.error: ::1:51739 - HTTP connection lost
2026-04-20 12:17:24,094 [TRACE] uvicorn.error: ::1:51742 - HTTP connection made
2026-04-20 12:17:24,095 [TRACE] uvicorn.asgi: ::1:51742 - ASGI [19] Started scope={'type': 'http', 'asgi': {'version': '3.0', 'spec_version': '2.3'}, 'http_version': '1.1', 'server': ('::1', 8003), 'client': ('::1', 51742), 'scheme': 'http', 'method': 'POST', 'root_path': '', 'path': '/mcp/', 'raw_path': b'/mcp/', 'query_string': b'', 'headers': '<...>', 'state': {}}
2026-04-20 12:17:24,095 [TRACE] uvicorn.asgi: ::1:51742 - ASGI [19] Receive {'type': 'http.request', 'body': '<87 bytes>', 'more_body': False}
2026-04-20 12:17:24,097 [TRACE] uvicorn.asgi: ::1:51742 - ASGI [19] Send {'type': 'http.response.start', 'status': 200, 'headers': '<...>'}
2026-04-20 12:17:24,097 [INFO] uvicorn.access: ::1:51742 - "POST /mcp/ HTTP/1.1" 200
2026-04-20 12:17:24,098 [INFO] mcp.server.lowlevel.server: Processing request of type ListPromptsRequest
2026-04-20 12:17:24,099 [TRACE] uvicorn.asgi: ::1:51742 - ASGI [19] Send {'type': 'http.response.body', 'body': '<502 bytes>', 'more_body': True}
2026-04-20 12:17:24,099 [TRACE] uvicorn.asgi: ::1:51742 - ASGI [19] Send {'type': 'http.response.body', 'body': '<0 bytes>', 'more_body': False}
2026-04-20 12:17:24,100 [TRACE] uvicorn.asgi: ::1:51742 - ASGI [19] Receive {'type': 'http.disconnect'}
2026-04-20 12:17:24,100 [TRACE] uvicorn.asgi: ::1:51742 - ASGI [19] Completed
2026-04-20 12:17:29,108 [TRACE] uvicorn.error: ::1:51742 - HTTP connection lost
2026-04-20 12:17:33,044 [TRACE] uvicorn.asgi: ::1:53095 - ASGI [11] Send {'type': 'http.response.body', 'body': '<45 bytes>', 'more_body': True}
2026-04-20 12:17:42,765 [TRACE] uvicorn.error: ::1:61918 - HTTP connection made
2026-04-20 12:17:42,765 [TRACE] uvicorn.asgi: ::1:61918 - ASGI [20] Started scope={'type': 'http', 'asgi': {'version': '3.0', 'spec_version': '2.3'}, 'http_version': '1.1', 'server': ('::1', 8003), 'client': ('::1', 61918), 'scheme': 'http', 'method': 'POST', 'root_path': '', 'path': '/mcp', 'raw_path': b'/mcp', 'query_string': b'', 'headers': '<...>', 'state': {}}
2026-04-20 12:17:42,766 [TRACE] uvicorn.asgi: ::1:61918 - ASGI [20] Send {'type': 'http.response.start', 'status': 307, 'headers': '<...>'}
2026-04-20 12:17:42,766 [INFO] uvicorn.access: ::1:61918 - "POST /mcp HTTP/1.1" 307
2026-04-20 12:17:42,766 [TRACE] uvicorn.asgi: ::1:61918 - ASGI [20] Send {'type': 'http.response.body', 'body': '<0 bytes>'}
2026-04-20 12:17:42,767 [TRACE] uvicorn.asgi: ::1:61918 - ASGI [20] Completed
2026-04-20 12:17:42,767 [TRACE] uvicorn.error: ::1:61918 - HTTP connection lost
2026-04-20 12:17:42,768 [TRACE] uvicorn.error: ::1:61919 - HTTP connection made
2026-04-20 12:17:42,769 [TRACE] uvicorn.asgi: ::1:61919 - ASGI [21] Started scope={'type': 'http', 'asgi': {'version': '3.0', 'spec_version': '2.3'}, 'http_version': '1.1', 'server': ('::1', 8003), 'client': ('::1', 61919), 'scheme': 'http', 'method': 'POST', 'root_path': '', 'path': '/mcp/', 'raw_path': b'/mcp/', 'query_string': b'', 'headers': '<...>', 'state': {}}
2026-04-20 12:17:42,769 [TRACE] uvicorn.asgi: ::1:61919 - ASGI [21] Receive {'type': 'http.request', 'body': '<186 bytes>', 'more_body': False}
2026-04-20 12:17:42,770 [TRACE] uvicorn.asgi: ::1:61919 - ASGI [21] Send {'type': 'http.response.start', 'status': 200, 'headers': '<...>'}
2026-04-20 12:17:42,770 [INFO] uvicorn.access: ::1:61919 - "POST /mcp/ HTTP/1.1" 200
2026-04-20 12:17:42,771 [INFO] mcp.server.lowlevel.server: Processing request of type GetPromptRequest
2026-04-20 12:17:42,773 [TRACE] uvicorn.asgi: ::1:61919 - ASGI [21] Send {'type': 'http.response.body', 'body': '<747 bytes>', 'more_body': True}
2026-04-20 12:17:42,774 [TRACE] uvicorn.asgi: ::1:61919 - ASGI [21] Send {'type': 'http.response.body', 'body': '<0 bytes>', 'more_body': False}
2026-04-20 12:17:42,774 [TRACE] uvicorn.asgi: ::1:61919 - ASGI [21] Receive {'type': 'http.disconnect'}
2026-04-20 12:17:42,775 [TRACE] uvicorn.asgi: ::1:61919 - ASGI [21] Completed
2026-04-20 12:17:47,776 [TRACE] uvicorn.error: ::1:61919 - HTTP connection lost
2026-04-20 12:17:48,055 [TRACE] uvicorn.asgi: ::1:53095 - ASGI [11] Send {'type': 'http.response.body', 'body': '<45 bytes>', 'more_body': True}
2026-04-20 12:18:03,060 [TRACE] uvicorn.asgi: ::1:53095 - ASGI [11] Send {'type': 'http.response.body', 'body': '<45 bytes>', 'more_body': True}
2026-04-20 12:18:04,961 [TRACE] uvicorn.error: ::1:53420 - HTTP connection made
2026-04-20 12:18:04,962 [TRACE] uvicorn.asgi: ::1:53420 - ASGI [22] Started scope={'type': 'http', 'asgi': {'version': '3.0', 'spec_version': '2.3'}, 'http_version': '1.1', 'server': ('::1', 8003), 'client': ('::1', 53420), 'scheme': 'http', 'method': 'POST', 'root_path': '', 'path': '/mcp', 'raw_path': b'/mcp', 'query_string': b'', 'headers': '<...>', 'state': {}}
2026-04-20 12:18:04,963 [TRACE] uvicorn.asgi: ::1:53420 - ASGI [22] Send {'type': 'http.response.start', 'status': 307, 'headers': '<...>'}
2026-04-20 12:18:04,963 [INFO] uvicorn.access: ::1:53420 - "POST /mcp HTTP/1.1" 307
2026-04-20 12:18:04,963 [TRACE] uvicorn.asgi: ::1:53420 - ASGI [22] Send {'type': 'http.response.body', 'body': '<0 bytes>'}
2026-04-20 12:18:04,964 [TRACE] uvicorn.asgi: ::1:53420 - ASGI [22] Completed
2026-04-20 12:18:04,965 [TRACE] uvicorn.error: ::1:53420 - HTTP connection lost
2026-04-20 12:18:04,966 [TRACE] uvicorn.error: ::1:53421 - HTTP connection made
2026-04-20 12:18:04,967 [TRACE] uvicorn.asgi: ::1:53421 - ASGI [23] Started scope={'type': 'http', 'asgi': {'version': '3.0', 'spec_version': '2.3'}, 'http_version': '1.1', 'server': ('::1', 8003), 'client': ('::1', 53421), 'scheme': 'http', 'method': 'POST', 'root_path': '', 'path': '/mcp/', 'raw_path': b'/mcp/', 'query_string': b'', 'headers': '<...>', 'state': {}}
2026-04-20 12:18:04,967 [TRACE] uvicorn.asgi: ::1:53421 - ASGI [23] Receive {'type': 'http.request', 'body': '<85 bytes>', 'more_body': False}
2026-04-20 12:18:04,968 [TRACE] uvicorn.asgi: ::1:53421 - ASGI [23] Send {'type': 'http.response.start', 'status': 200, 'headers': '<...>'}
2026-04-20 12:18:04,968 [INFO] uvicorn.access: ::1:53421 - "POST /mcp/ HTTP/1.1" 200
2026-04-20 12:18:04,969 [INFO] mcp.server.lowlevel.server: Processing request of type ListToolsRequest
2026-04-20 12:18:04,971 [TRACE] uvicorn.asgi: ::1:53421 - ASGI [23] Send {'type': 'http.response.body', 'body': '<2518 bytes>', 'more_body': True}
2026-04-20 12:18:04,971 [TRACE] uvicorn.asgi: ::1:53421 - ASGI [23] Send {'type': 'http.response.body', 'body': '<0 bytes>', 'more_body': False}
2026-04-20 12:18:04,972 [TRACE] uvicorn.asgi: ::1:53421 - ASGI [23] Receive {'type': 'http.disconnect'}
2026-04-20 12:18:04,972 [TRACE] uvicorn.asgi: ::1:53421 - ASGI [23] Completed
2026-04-20 12:18:09,413 [TRACE] uvicorn.asgi: ::1:53421 - ASGI [24] Started scope={'type': 'http', 'asgi': {'version': '3.0', 'spec_version': '2.3'}, 'http_version': '1.1', 'server': ('::1', 8003), 'client': ('::1', 53421), 'scheme': 'http', 'method': 'POST', 'root_path': '', 'path': '/mcp', 'raw_path': b'/mcp', 'query_string': b'', 'headers': '<...>', 'state': {}}
2026-04-20 12:18:09,414 [TRACE] uvicorn.asgi: ::1:53421 - ASGI [24] Send {'type': 'http.response.start', 'status': 307, 'headers': '<...>'}
2026-04-20 12:18:09,414 [INFO] uvicorn.access: ::1:53421 - "POST /mcp HTTP/1.1" 307
2026-04-20 12:18:09,414 [TRACE] uvicorn.asgi: ::1:53421 - ASGI [24] Send {'type': 'http.response.body', 'body': '<0 bytes>'}
2026-04-20 12:18:09,415 [TRACE] uvicorn.asgi: ::1:53421 - ASGI [24] Completed
2026-04-20 12:18:09,417 [TRACE] uvicorn.error: ::1:53421 - HTTP connection lost
2026-04-20 12:18:09,418 [TRACE] uvicorn.error: ::1:57745 - HTTP connection made
2026-04-20 12:18:09,419 [TRACE] uvicorn.asgi: ::1:57745 - ASGI [25] Started scope={'type': 'http', 'asgi': {'version': '3.0', 'spec_version': '2.3'}, 'http_version': '1.1', 'server': ('::1', 8003), 'client': ('::1', 57745), 'scheme': 'http', 'method': 'POST', 'root_path': '', 'path': '/mcp/', 'raw_path': b'/mcp/', 'query_string': b'', 'headers': '<...>', 'state': {}}
2026-04-20 12:18:09,419 [TRACE] uvicorn.asgi: ::1:57745 - ASGI [25] Receive {'type': 'http.request', 'body': '<169 bytes>', 'more_body': False}
2026-04-20 12:18:09,420 [TRACE] uvicorn.asgi: ::1:57745 - ASGI [25] Send {'type': 'http.response.start', 'status': 200, 'headers': '<...>'}
2026-04-20 12:18:09,420 [INFO] uvicorn.access: ::1:57745 - "POST /mcp/ HTTP/1.1" 200
2026-04-20 12:18:09,420 [INFO] mcp.server.lowlevel.server: Processing request of type CallToolRequest
2026-04-20 12:18:09,423 [INFO] httpx: HTTP Request: POST http://fastapi/celsius-to-fahrenheit?celsius=0 "HTTP/1.1 200 OK"
2026-04-20 12:18:09,424 [TRACE] uvicorn.asgi: ::1:57745 - ASGI [25] Send {'type': 'http.response.body', 'body': '<244 bytes>', 'more_body': True}
2026-04-20 12:18:09,425 [TRACE] uvicorn.asgi: ::1:57745 - ASGI [25] Send {'type': 'http.response.body', 'body': '<0 bytes>', 'more_body': False}
2026-04-20 12:18:09,425 [TRACE] uvicorn.asgi: ::1:57745 - ASGI [25] Receive {'type': 'http.disconnect'}
2026-04-20 12:18:09,426 [TRACE] uvicorn.asgi: ::1:57745 - ASGI [25] Completed
2026-04-20 12:18:14,430 [TRACE] uvicorn.error: ::1:57745 - HTTP connection lost
2026-04-20 12:18:16,249 [TRACE] uvicorn.error: ::1:54355 - HTTP connection made
2026-04-20 12:18:16,250 [TRACE] uvicorn.asgi: ::1:54355 - ASGI [26] Started scope={'type': 'http', 'asgi': {'version': '3.0', 'spec_version': '2.3'}, 'http_version': '1.1', 'server': ('::1', 8003), 'client': ('::1', 54355), 'scheme': 'http', 'method': 'POST', 'root_path': '', 'path': '/mcp', 'raw_path': b'/mcp', 'query_string': b'', 'headers': '<...>', 'state': {}}
2026-04-20 12:18:16,250 [TRACE] uvicorn.asgi: ::1:54355 - ASGI [26] Send {'type': 'http.response.start', 'status': 307, 'headers': '<...>'}
2026-04-20 12:18:16,251 [INFO] uvicorn.access: ::1:54355 - "POST /mcp HTTP/1.1" 307
2026-04-20 12:18:16,251 [TRACE] uvicorn.asgi: ::1:54355 - ASGI [26] Send {'type': 'http.response.body', 'body': '<0 bytes>'}
2026-04-20 12:18:16,251 [TRACE] uvicorn.asgi: ::1:54355 - ASGI [26] Completed
2026-04-20 12:18:16,252 [TRACE] uvicorn.error: ::1:54355 - HTTP connection lost
2026-04-20 12:18:16,253 [TRACE] uvicorn.error: ::1:54356 - HTTP connection made
2026-04-20 12:18:16,254 [TRACE] uvicorn.asgi: ::1:54356 - ASGI [27] Started scope={'type': 'http', 'asgi': {'version': '3.0', 'spec_version': '2.3'}, 'http_version': '1.1', 'server': ('::1', 8003), 'client': ('::1', 54356), 'scheme': 'http', 'method': 'POST', 'root_path': '', 'path': '/mcp/', 'raw_path': b'/mcp/', 'query_string': b'', 'headers': '<...>', 'state': {}}
2026-04-20 12:18:16,254 [TRACE] uvicorn.asgi: ::1:54356 - ASGI [27] Receive {'type': 'http.request', 'body': '<170 bytes>', 'more_body': False}
2026-04-20 12:18:16,255 [TRACE] uvicorn.asgi: ::1:54356 - ASGI [27] Send {'type': 'http.response.start', 'status': 200, 'headers': '<...>'}
2026-04-20 12:18:16,255 [INFO] uvicorn.access: ::1:54356 - "POST /mcp/ HTTP/1.1" 200
2026-04-20 12:18:16,256 [INFO] mcp.server.lowlevel.server: Processing request of type CallToolRequest
2026-04-20 12:18:16,258 [INFO] httpx: HTTP Request: POST http://fastapi/celsius-to-fahrenheit?celsius=10 "HTTP/1.1 200 OK"
2026-04-20 12:18:16,259 [TRACE] uvicorn.asgi: ::1:54356 - ASGI [27] Send {'type': 'http.response.body', 'body': '<244 bytes>', 'more_body': True}
2026-04-20 12:18:16,259 [TRACE] uvicorn.asgi: ::1:54356 - ASGI [27] Send {'type': 'http.response.body', 'body': '<0 bytes>', 'more_body': False}
2026-04-20 12:18:16,260 [TRACE] uvicorn.asgi: ::1:54356 - ASGI [27] Receive {'type': 'http.disconnect'}
2026-04-20 12:18:16,260 [TRACE] uvicorn.asgi: ::1:54356 - ASGI [27] Completed
2026-04-20 12:18:18,072 [TRACE] uvicorn.asgi: ::1:53095 - ASGI [11] Send {'type': 'http.response.body', 'body': '<45 bytes>', 'more_body': True}
2026-04-20 12:18:21,262 [TRACE] uvicorn.error: ::1:54356 - HTTP connection lost
2026-04-20 12:18:33,079 [TRACE] uvicorn.asgi: ::1:53095 - ASGI [11] Send {'type': 'http.response.body', 'body': '<45 bytes>', 'more_body': True}
2026-04-20 12:18:48,083 [TRACE] uvicorn.asgi: ::1:53095 - ASGI [11] Send {'type': 'http.response.body', 'body': '<45 bytes>', 'more_body': True}
2026-04-20 12:19:03,107 [TRACE] uvicorn.asgi: ::1:53095 - ASGI [11] Send {'type': 'http.response.body', 'body': '<45 bytes>', 'more_body': True}
2026-04-20 12:19:18,088 [TRACE] uvicorn.asgi: ::1:53095 - ASGI [11] Send {'type': 'http.response.body', 'body': '<45 bytes>', 'more_body': True}
2026-04-20 12:19:22,194 [TRACE] uvicorn.error: 127.0.0.1:49383 - HTTP connection made
2026-04-20 12:19:22,194 [TRACE] uvicorn.asgi: 127.0.0.1:49383 - ASGI [28] Started scope={'type': 'http', 'asgi': {'version': '3.0', 'spec_version': '2.3'}, 'http_version': '1.1', 'server': ('127.0.0.1', 8003), 'client': ('127.0.0.1', 49383), 'scheme': 'http', 'method': 'POST', 'root_path': '', 'path': '/mcp/', 'raw_path': b'/mcp/', 'query_string': b'', 'headers': '<...>', 'state': {}}
2026-04-20 12:19:22,194 [INFO] mcp.server.streamable_http_manager: Created new transport with session ID: 1a58b391761d47ba87a8176cd1acb527
2026-04-20 12:19:22,195 [TRACE] uvicorn.asgi: 127.0.0.1:49383 - ASGI [28] Receive {'type': 'http.request', 'body': '<151 bytes>', 'more_body': False}
2026-04-20 12:19:22,196 [TRACE] uvicorn.asgi: 127.0.0.1:49383 - ASGI [28] Send {'type': 'http.response.start', 'status': 200, 'headers': '<...>'}
2026-04-20 12:19:22,196 [INFO] uvicorn.access: 127.0.0.1:49383 - "POST /mcp/ HTTP/1.1" 200
2026-04-20 12:19:22,196 [TRACE] uvicorn.asgi: 127.0.0.1:49383 - ASGI [28] Send {'type': 'http.response.body', 'body': '<444 bytes>', 'more_body': True}
2026-04-20 12:19:22,196 [TRACE] uvicorn.asgi: 127.0.0.1:49383 - ASGI [28] Send {'type': 'http.response.body', 'body': '<0 bytes>', 'more_body': False}
2026-04-20 12:19:22,197 [TRACE] uvicorn.asgi: 127.0.0.1:49383 - ASGI [28] Receive {'type': 'http.disconnect'}
2026-04-20 12:19:22,197 [TRACE] uvicorn.error: 127.0.0.1:49383 - HTTP connection lost
2026-04-20 12:19:22,197 [TRACE] uvicorn.asgi: 127.0.0.1:49383 - ASGI [28] Completed
2026-04-20 12:19:32,871 [TRACE] uvicorn.error: 127.0.0.1:49389 - HTTP connection made
2026-04-20 12:19:32,897 [TRACE] uvicorn.asgi: 127.0.0.1:49389 - ASGI [29] Started scope={'type': 'http', 'asgi': {'version': '3.0', 'spec_version': '2.3'}, 'http_version': '1.1', 'server': ('127.0.0.1', 8003), 'client': ('127.0.0.1', 49389), 'scheme': 'http', 'method': 'POST', 'root_path': '', 'path': '/mcp/', 'raw_path': b'/mcp/', 'query_string': b'', 'headers': '<...>', 'state': {}}
2026-04-20 12:19:32,898 [TRACE] uvicorn.asgi: 127.0.0.1:49389 - ASGI [29] Receive {'type': 'http.request', 'body': '<179 bytes>', 'more_body': False}
2026-04-20 12:19:32,899 [TRACE] uvicorn.asgi: 127.0.0.1:49389 - ASGI [29] Send {'type': 'http.response.start', 'status': 200, 'headers': '<...>'}
2026-04-20 12:19:32,899 [INFO] uvicorn.access: 127.0.0.1:49389 - "POST /mcp/ HTTP/1.1" 200
2026-04-20 12:19:32,900 [TRACE] uvicorn.asgi: 127.0.0.1:49389 - ASGI [29] Send {'type': 'http.response.body', 'body': '<444 bytes>', 'more_body': True}
2026-04-20 12:19:32,900 [TRACE] uvicorn.asgi: 127.0.0.1:49389 - ASGI [29] Send {'type': 'http.response.body', 'body': '<0 bytes>', 'more_body': False}
2026-04-20 12:19:32,901 [TRACE] uvicorn.asgi: 127.0.0.1:49389 - ASGI [29] Receive {'type': 'http.disconnect'}
2026-04-20 12:19:32,901 [TRACE] uvicorn.error: 127.0.0.1:49389 - HTTP connection lost
2026-04-20 12:19:32,901 [TRACE] uvicorn.asgi: 127.0.0.1:49389 - ASGI [29] Completed
2026-04-20 12:19:33,083 [TRACE] uvicorn.asgi: ::1:53095 - ASGI [11] Send {'type': 'http.response.body', 'body': '<45 bytes>', 'more_body': True}
2026-04-20 12:19:42,622 [TRACE] uvicorn.error: 127.0.0.1:49392 - HTTP connection made
2026-04-20 12:19:42,645 [TRACE] uvicorn.asgi: 127.0.0.1:49392 - ASGI [30] Started scope={'type': 'http', 'asgi': {'version': '3.0', 'spec_version': '2.3'}, 'http_version': '1.1', 'server': ('127.0.0.1', 8003), 'client': ('127.0.0.1', 49392), 'scheme': 'http', 'method': 'POST', 'root_path': '', 'path': '/mcp/', 'raw_path': b'/mcp/', 'query_string': b'', 'headers': '<...>', 'state': {}}
2026-04-20 12:19:42,646 [TRACE] uvicorn.asgi: 127.0.0.1:49392 - ASGI [30] Receive {'type': 'http.request', 'body': '<58 bytes>', 'more_body': False}
2026-04-20 12:19:42,646 [TRACE] uvicorn.asgi: 127.0.0.1:49392 - ASGI [30] Send {'type': 'http.response.start', 'status': 200, 'headers': '<...>'}
2026-04-20 12:19:42,646 [INFO] uvicorn.access: 127.0.0.1:49392 - "POST /mcp/ HTTP/1.1" 200
2026-04-20 12:19:42,647 [INFO] mcp.server.lowlevel.server: Processing request of type ListToolsRequest
2026-04-20 12:19:42,648 [TRACE] uvicorn.asgi: 127.0.0.1:49392 - ASGI [30] Send {'type': 'http.response.body', 'body': '<2518 bytes>', 'more_body': True}
2026-04-20 12:19:42,648 [TRACE] uvicorn.asgi: 127.0.0.1:49392 - ASGI [30] Send {'type': 'http.response.body', 'body': '<0 bytes>', 'more_body': False}
2026-04-20 12:19:42,649 [TRACE] uvicorn.asgi: 127.0.0.1:49392 - ASGI [30] Receive {'type': 'http.disconnect'}
2026-04-20 12:19:42,649 [TRACE] uvicorn.error: 127.0.0.1:49392 - HTTP connection lost
2026-04-20 12:19:42,649 [TRACE] uvicorn.asgi: 127.0.0.1:49392 - ASGI [30] Completed
2026-04-20 12:19:48,092 [TRACE] uvicorn.asgi: ::1:53095 - ASGI [11] Send {'type': 'http.response.body', 'body': '<45 bytes>', 'more_body': True}
2026-04-20 12:19:57,098 [TRACE] uvicorn.error: 127.0.0.1:49393 - HTTP connection made
2026-04-20 12:19:57,108 [TRACE] uvicorn.asgi: 127.0.0.1:49393 - ASGI [31] Started scope={'type': 'http', 'asgi': {'version': '3.0', 'spec_version': '2.3'}, 'http_version': '1.1', 'server': ('127.0.0.1', 8003), 'client': ('127.0.0.1', 49393), 'scheme': 'http', 'method': 'POST', 'root_path': '', 'path': '/mcp/', 'raw_path': b'/mcp/', 'query_string': b'', 'headers': '<...>', 'state': {}}
2026-04-20 12:19:57,108 [TRACE] uvicorn.asgi: 127.0.0.1:49393 - ASGI [31] Receive {'type': 'http.request', 'body': '<115 bytes>', 'more_body': False}
2026-04-20 12:19:57,109 [TRACE] uvicorn.asgi: 127.0.0.1:49393 - ASGI [31] Send {'type': 'http.response.start', 'status': 200, 'headers': '<...>'}
2026-04-20 12:19:57,109 [INFO] uvicorn.access: 127.0.0.1:49393 - "POST /mcp/ HTTP/1.1" 200
2026-04-20 12:19:57,110 [INFO] mcp.server.lowlevel.server: Processing request of type CallToolRequest
2026-04-20 12:19:57,110 [TRACE] uvicorn.asgi: 127.0.0.1:49393 - ASGI [31] Send {'type': 'http.response.body', 'body': '<151 bytes>', 'more_body': True}
2026-04-20 12:19:57,112 [TRACE] uvicorn.asgi: 127.0.0.1:49393 - ASGI [31] Send {'type': 'http.response.body', 'body': '<0 bytes>', 'more_body': False}
2026-04-20 12:19:57,112 [TRACE] uvicorn.asgi: 127.0.0.1:49393 - ASGI [31] Receive {'type': 'http.disconnect'}
2026-04-20 12:19:57,112 [TRACE] uvicorn.error: 127.0.0.1:49393 - HTTP connection lost
2026-04-20 12:19:57,113 [TRACE] uvicorn.asgi: 127.0.0.1:49393 - ASGI [31] Completed
2026-04-20 12:20:03,092 [TRACE] uvicorn.asgi: ::1:53095 - ASGI [11] Send {'type': 'http.response.body', 'body': '<45 bytes>', 'more_body': True}
2026-04-20 12:20:18,086 [TRACE] uvicorn.asgi: ::1:53095 - ASGI [11] Send {'type': 'http.response.body', 'body': '<45 bytes>', 'more_body': True}
2026-04-20 12:20:33,105 [TRACE] uvicorn.asgi: ::1:53095 - ASGI [11] Send {'type': 'http.response.body', 'body': '<45 bytes>', 'more_body': True}
2026-04-20 12:20:35,267 [TRACE] uvicorn.error: 127.0.0.1:49402 - HTTP connection made
2026-04-20 12:20:35,281 [TRACE] uvicorn.asgi: 127.0.0.1:49402 - ASGI [32] Started scope={'type': 'http', 'asgi': {'version': '3.0', 'spec_version': '2.3'}, 'http_version': '1.1', 'server': ('127.0.0.1', 8003), 'client': ('127.0.0.1', 49402), 'scheme': 'http', 'method': 'POST', 'root_path': '', 'path': '/mcp/', 'raw_path': b'/mcp/', 'query_string': b'', 'headers': '<...>', 'state': {}}
2026-04-20 12:20:35,282 [TRACE] uvicorn.asgi: 127.0.0.1:49402 - ASGI [32] Receive {'type': 'http.request', 'body': '<143 bytes>', 'more_body': False}
2026-04-20 12:20:35,282 [TRACE] uvicorn.asgi: 127.0.0.1:49402 - ASGI [32] Send {'type': 'http.response.start', 'status': 200, 'headers': '<...>'}
2026-04-20 12:20:35,282 [INFO] uvicorn.access: 127.0.0.1:49402 - "POST /mcp/ HTTP/1.1" 200
2026-04-20 12:20:35,283 [INFO] mcp.server.lowlevel.server: Processing request of type CallToolRequest
2026-04-20 12:20:35,285 [INFO] httpx: HTTP Request: POST http://fastapi/celsius-to-fahrenheit?celsius=25 "HTTP/1.1 200 OK"
2026-04-20 12:20:35,285 [TRACE] uvicorn.asgi: 127.0.0.1:49402 - ASGI [32] Send {'type': 'http.response.body', 'body': '<244 bytes>', 'more_body': True}
2026-04-20 12:20:35,285 [TRACE] uvicorn.asgi: 127.0.0.1:49402 - ASGI [32] Send {'type': 'http.response.body', 'body': '<0 bytes>', 'more_body': False}
2026-04-20 12:20:35,286 [TRACE] uvicorn.asgi: 127.0.0.1:49402 - ASGI [32] Receive {'type': 'http.disconnect'}
2026-04-20 12:20:35,286 [TRACE] uvicorn.error: 127.0.0.1:49402 - HTTP connection lost
2026-04-20 12:20:35,286 [TRACE] uvicorn.asgi: 127.0.0.1:49402 - ASGI [32] Completed
2026-04-20 12:20:48,110 [TRACE] uvicorn.asgi: ::1:53095 - ASGI [11] Send {'type': 'http.response.body', 'body': '<45 bytes>', 'more_body': True}
2026-04-20 12:20:50,183 [TRACE] uvicorn.error: 127.0.0.1:49405 - HTTP connection made
2026-04-20 12:20:50,201 [TRACE] uvicorn.asgi: 127.0.0.1:49405 - ASGI [33] Started scope={'type': 'http', 'asgi': {'version': '3.0', 'spec_version': '2.3'}, 'http_version': '1.1', 'server': ('127.0.0.1', 8003), 'client': ('127.0.0.1', 49405), 'scheme': 'http', 'method': 'POST', 'root_path': '', 'path': '/mcp/', 'raw_path': b'/mcp/', 'query_string': b'', 'headers': '<...>', 'state': {}}
2026-04-20 12:20:50,202 [TRACE] uvicorn.asgi: 127.0.0.1:49405 - ASGI [33] Receive {'type': 'http.request', 'body': '<62 bytes>', 'more_body': False}
2026-04-20 12:20:50,202 [TRACE] uvicorn.asgi: 127.0.0.1:49405 - ASGI [33] Send {'type': 'http.response.start', 'status': 200, 'headers': '<...>'}
2026-04-20 12:20:50,202 [INFO] uvicorn.access: 127.0.0.1:49405 - "POST /mcp/ HTTP/1.1" 200
2026-04-20 12:20:50,203 [INFO] mcp.server.lowlevel.server: Processing request of type ListResourcesRequest
2026-04-20 12:20:50,203 [TRACE] uvicorn.asgi: 127.0.0.1:49405 - ASGI [33] Send {'type': 'http.response.body', 'body': '<358 bytes>', 'more_body': True}
2026-04-20 12:20:50,204 [TRACE] uvicorn.asgi: 127.0.0.1:49405 - ASGI [33] Send {'type': 'http.response.body', 'body': '<0 bytes>', 'more_body': False}
2026-04-20 12:20:50,204 [TRACE] uvicorn.asgi: 127.0.0.1:49405 - ASGI [33] Receive {'type': 'http.disconnect'}
2026-04-20 12:20:50,204 [TRACE] uvicorn.error: 127.0.0.1:49405 - HTTP connection lost
2026-04-20 12:20:50,204 [TRACE] uvicorn.asgi: 127.0.0.1:49405 - ASGI [33] Completed
2026-04-20 12:21:02,000 [TRACE] uvicorn.error: 127.0.0.1:49672 - HTTP connection made
2026-04-20 12:21:02,014 [TRACE] uvicorn.asgi: 127.0.0.1:49672 - ASGI [34] Started scope={'type': 'http', 'asgi': {'version': '3.0', 'spec_version': '2.3'}, 'http_version': '1.1', 'server': ('127.0.0.1', 8003), 'client': ('127.0.0.1', 49672), 'scheme': 'http', 'method': 'POST', 'root_path': '', 'path': '/mcp/', 'raw_path': b'/mcp/', 'query_string': b'', 'headers': '<...>', 'state': {}}
2026-04-20 12:21:02,014 [TRACE] uvicorn.asgi: 127.0.0.1:49672 - ASGI [34] Receive {'type': 'http.request', 'body': '<95 bytes>', 'more_body': False}
2026-04-20 12:21:02,015 [TRACE] uvicorn.asgi: 127.0.0.1:49672 - ASGI [34] Send {'type': 'http.response.start', 'status': 200, 'headers': '<...>'}
2026-04-20 12:21:02,015 [INFO] uvicorn.access: 127.0.0.1:49672 - "POST /mcp/ HTTP/1.1" 200
2026-04-20 12:21:02,016 [INFO] mcp.server.lowlevel.server: Processing request of type ReadResourceRequest
2026-04-20 12:21:02,017 [TRACE] uvicorn.asgi: 127.0.0.1:49672 - ASGI [34] Send {'type': 'http.response.body', 'body': '<152 bytes>', 'more_body': True}
2026-04-20 12:21:02,018 [TRACE] uvicorn.asgi: 127.0.0.1:49672 - ASGI [34] Send {'type': 'http.response.body', 'body': '<0 bytes>', 'more_body': False}
2026-04-20 12:21:02,018 [TRACE] uvicorn.asgi: 127.0.0.1:49672 - ASGI [34] Receive {'type': 'http.disconnect'}
2026-04-20 12:21:02,018 [TRACE] uvicorn.error: 127.0.0.1:49672 - HTTP connection lost
2026-04-20 12:21:02,018 [TRACE] uvicorn.asgi: 127.0.0.1:49672 - ASGI [34] Completed
2026-04-20 12:21:03,116 [TRACE] uvicorn.asgi: ::1:53095 - ASGI [11] Send {'type': 'http.response.body', 'body': '<45 bytes>', 'more_body': True}
2026-04-20 12:21:18,120 [TRACE] uvicorn.asgi: ::1:53095 - ASGI [11] Send {'type': 'http.response.body', 'body': '<45 bytes>', 'more_body': True}
2026-04-20 12:21:24,682 [TRACE] uvicorn.error: ::1:56445 - HTTP connection made
2026-04-20 12:21:24,683 [TRACE] uvicorn.asgi: ::1:56445 - ASGI [35] Started scope={'type': 'http', 'asgi': {'version': '3.0', 'spec_version': '2.3'}, 'http_version': '1.1', 'server': ('::1', 8003), 'client': ('::1', 56445), 'scheme': 'http', 'method': 'POST', 'root_path': '', 'path': '/mcp', 'raw_path': b'/mcp', 'query_string': b'', 'headers': '<...>', 'state': {}}
2026-04-20 12:21:24,683 [TRACE] uvicorn.asgi: ::1:56445 - ASGI [35] Send {'type': 'http.response.start', 'status': 307, 'headers': '<...>'}
2026-04-20 12:21:24,683 [INFO] uvicorn.access: ::1:56445 - "POST /mcp HTTP/1.1" 307
2026-04-20 12:21:24,684 [TRACE] uvicorn.asgi: ::1:56445 - ASGI [35] Send {'type': 'http.response.body', 'body': '<0 bytes>'}
2026-04-20 12:21:24,684 [TRACE] uvicorn.asgi: ::1:56445 - ASGI [35] Completed
2026-04-20 12:21:24,685 [TRACE] uvicorn.error: ::1:56445 - HTTP connection lost
2026-04-20 12:21:24,686 [TRACE] uvicorn.error: ::1:56446 - HTTP connection made
2026-04-20 12:21:24,687 [TRACE] uvicorn.asgi: ::1:56446 - ASGI [36] Started scope={'type': 'http', 'asgi': {'version': '3.0', 'spec_version': '2.3'}, 'http_version': '1.1', 'server': ('::1', 8003), 'client': ('::1', 56446), 'scheme': 'http', 'method': 'POST', 'root_path': '', 'path': '/mcp/', 'raw_path': b'/mcp/', 'query_string': b'', 'headers': '<...>', 'state': {}}
2026-04-20 12:21:24,687 [TRACE] uvicorn.asgi: ::1:56446 - ASGI [36] Receive {'type': 'http.request', 'body': '<91 bytes>', 'more_body': False}
2026-04-20 12:21:24,688 [TRACE] uvicorn.asgi: ::1:56446 - ASGI [36] Send {'type': 'http.response.start', 'status': 200, 'headers': '<...>'}
2026-04-20 12:21:24,688 [INFO] uvicorn.access: ::1:56446 - "POST /mcp/ HTTP/1.1" 200
2026-04-20 12:21:24,689 [INFO] mcp.server.lowlevel.server: Processing request of type ListResourcesRequest
2026-04-20 12:21:24,690 [TRACE] uvicorn.asgi: ::1:56446 - ASGI [36] Send {'type': 'http.response.body', 'body': '<359 bytes>', 'more_body': True}
2026-04-20 12:21:24,690 [TRACE] uvicorn.asgi: ::1:56446 - ASGI [36] Send {'type': 'http.response.body', 'body': '<0 bytes>', 'more_body': False}
2026-04-20 12:21:24,691 [TRACE] uvicorn.asgi: ::1:56446 - ASGI [36] Receive {'type': 'http.disconnect'}
2026-04-20 12:21:24,691 [TRACE] uvicorn.asgi: ::1:56446 - ASGI [36] Completed
2026-04-20 12:21:29,698 [TRACE] uvicorn.error: ::1:56446 - HTTP connection lost
2026-04-20 12:21:33,115 [TRACE] uvicorn.asgi: ::1:53095 - ASGI [11] Send {'type': 'http.response.body', 'body': '<45 bytes>', 'more_body': True}
2026-04-20 12:21:48,130 [TRACE] uvicorn.asgi: ::1:53095 - ASGI [11] Send {'type': 'http.response.body', 'body': '<45 bytes>', 'more_body': True}
2026-04-20 12:22:03,152 [TRACE] uvicorn.asgi: ::1:53095 - ASGI [11] Send {'type': 'http.response.body', 'body': '<45 bytes>', 'more_body': True}
2026-04-20 12:22:18,146 [TRACE] uvicorn.asgi: ::1:53095 - ASGI [11] Send {'type': 'http.response.body', 'body': '<45 bytes>', 'more_body': True}
2026-04-20 12:22:33,174 [TRACE] uvicorn.asgi: ::1:53095 - ASGI [11] Send {'type': 'http.response.body', 'body': '<45 bytes>', 'more_body': True}
2026-04-20 12:22:48,183 [TRACE] uvicorn.asgi: ::1:53095 - ASGI [11] Send {'type': 'http.response.body', 'body': '<45 bytes>', 'more_body': True}
2026-04-20 12:23:03,189 [TRACE] uvicorn.asgi: ::1:53095 - ASGI [11] Send {'type': 'http.response.body', 'body': '<45 bytes>', 'more_body': True}
2026-04-20 12:23:18,204 [TRACE] uvicorn.asgi: ::1:53095 - ASGI [11] Send {'type': 'http.response.body', 'body': '<45 bytes>', 'more_body': True}
2026-04-20 12:23:33,212 [TRACE] uvicorn.asgi: ::1:53095 - ASGI [11] Send {'type': 'http.response.body', 'body': '<45 bytes>', 'more_body': True}
2026-04-20 12:23:48,217 [TRACE] uvicorn.asgi: ::1:53095 - ASGI [11] Send {'type': 'http.response.body', 'body': '<45 bytes>', 'more_body': True}
2026-04-20 12:24:03,230 [TRACE] uvicorn.asgi: ::1:53095 - ASGI [11] Send {'type': 'http.response.body', 'body': '<45 bytes>', 'more_body': True}
2026-04-20 12:24:18,233 [TRACE] uvicorn.asgi: ::1:53095 - ASGI [11] Send {'type': 'http.response.body', 'body': '<45 bytes>', 'more_body': True}
2026-04-20 12:24:33,239 [TRACE] uvicorn.asgi: ::1:53095 - ASGI [11] Send {'type': 'http.response.body', 'body': '<45 bytes>', 'more_body': True}
2026-04-20 12:24:48,254 [TRACE] uvicorn.asgi: ::1:53095 - ASGI [11] Send {'type': 'http.response.body', 'body': '<45 bytes>', 'more_body': True}
2026-04-20 12:25:03,274 [TRACE] uvicorn.asgi: ::1:53095 - ASGI [11] Send {'type': 'http.response.body', 'body': '<45 bytes>', 'more_body': True}
2026-04-20 12:25:18,296 [TRACE] uvicorn.asgi: ::1:53095 - ASGI [11] Send {'type': 'http.response.body', 'body': '<45 bytes>', 'more_body': True}
2026-04-20 12:25:33,307 [TRACE] uvicorn.asgi: ::1:53095 - ASGI [11] Send {'type': 'http.response.body', 'body': '<45 bytes>', 'more_body': True}
2026-04-20 12:25:48,331 [TRACE] uvicorn.asgi: ::1:53095 - ASGI [11] Send {'type': 'http.response.body', 'body': '<45 bytes>', 'more_body': True}
2026-04-20 12:25:51,350 [INFO] uvicorn.error: Shutting down
2026-04-20 12:25:51,351 [TRACE] uvicorn.asgi: ::1:53095 - ASGI [11] Receive {'type': 'http.disconnect'}
2026-04-20 12:25:51,355 [TRACE] uvicorn.asgi: ::1:53095 - ASGI [11] Completed
2026-04-20 12:25:51,355 [TRACE] uvicorn.error: ::1:53095 - HTTP connection lost
2026-04-20 12:25:51,460 [INFO] uvicorn.error: Waiting for application shutdown.
2026-04-20 12:25:51,460 [TRACE] uvicorn.asgi: ASGI [1] Receive {'type': 'lifespan.shutdown'}
2026-04-20 12:25:51,461 [INFO] mcp.server.streamable_http_manager: StreamableHTTP session manager shutting down
2026-04-20 12:25:51,461 [TRACE] uvicorn.asgi: ASGI [1] Send {'type': 'lifespan.shutdown.complete'}
2026-04-20 12:25:51,461 [TRACE] uvicorn.asgi: ASGI [1] Completed
2026-04-20 12:25:51,461 [INFO] uvicorn.error: Application shutdown complete.
2026-04-20 12:25:51,462 [INFO] uvicorn.error: Finished server process [16452]
2026-04-20 12:25:56,700 [INFO] uvicorn.error: Started server process [17052]
2026-04-20 12:25:56,701 [INFO] uvicorn.error: Waiting for application startup.
2026-04-20 12:25:56,701 [TRACE] uvicorn.asgi: ASGI [1] Started scope={'type': 'lifespan', 'asgi': {'version': '3.0', 'spec_version': '2.0'}, 'state': {}}
2026-04-20 12:25:56,701 [TRACE] uvicorn.asgi: ASGI [1] Receive {'type': 'lifespan.startup'}
2026-04-20 12:25:56,706 [INFO] mcp.server.streamable_http_manager: StreamableHTTP session manager started
2026-04-20 12:25:56,706 [TRACE] uvicorn.asgi: ASGI [1] Send {'type': 'lifespan.startup.complete'}
2026-04-20 12:25:56,707 [INFO] uvicorn.error: Application startup complete.
2026-04-20 12:25:56,714 [INFO] uvicorn.error: Uvicorn running on http://localhost:8003 (Press CTRL+C to quit)
2026-04-20 12:26:26,011 [INFO] uvicorn.error: Shutting down
2026-04-20 12:26:26,119 [INFO] uvicorn.error: Waiting for application shutdown.
2026-04-20 12:26:26,120 [TRACE] uvicorn.asgi: ASGI [1] Receive {'type': 'lifespan.shutdown'}
2026-04-20 12:26:26,120 [INFO] mcp.server.streamable_http_manager: StreamableHTTP session manager shutting down
2026-04-20 12:26:26,121 [TRACE] uvicorn.asgi: ASGI [1] Send {'type': 'lifespan.shutdown.complete'}
2026-04-20 12:26:26,121 [TRACE] uvicorn.asgi: ASGI [1] Completed
2026-04-20 12:26:26,122 [INFO] uvicorn.error: Application shutdown complete.
2026-04-20 12:26:26,122 [INFO] uvicorn.error: Finished server process [17052]
2026-04-20 12:26:29,524 [INFO] uvicorn.error: Started server process [21304]
2026-04-20 12:26:29,525 [INFO] uvicorn.error: Waiting for application startup.
2026-04-20 12:26:29,525 [TRACE] uvicorn.asgi: ASGI [1] Started scope={'type': 'lifespan', 'asgi': {'version': '3.0', 'spec_version': '2.0'}, 'state': {}}
2026-04-20 12:26:29,525 [TRACE] uvicorn.asgi: ASGI [1] Receive {'type': 'lifespan.startup'}
2026-04-20 12:26:29,528 [INFO] mcp.server.streamable_http_manager: StreamableHTTP session manager started
2026-04-20 12:26:29,528 [TRACE] uvicorn.asgi: ASGI [1] Send {'type': 'lifespan.startup.complete'}
2026-04-20 12:26:29,530 [INFO] uvicorn.error: Application startup complete.
2026-04-20 12:26:29,537 [INFO] uvicorn.error: Uvicorn running on http://localhost:8003 (Press CTRL+C to quit)
2026-04-20 12:26:39,047 [TRACE] uvicorn.error: ::1:58719 - HTTP connection made
2026-04-20 12:26:39,048 [TRACE] uvicorn.asgi: ::1:58719 - ASGI [2] Started scope={'type': 'http', 'asgi': {'version': '3.0', 'spec_version': '2.3'}, 'http_version': '1.1', 'server': ('::1', 8003), 'client': ('::1', 58719), 'scheme': 'http', 'method': 'POST', 'root_path': '', 'path': '/mcp', 'raw_path': b'/mcp', 'query_string': b'', 'headers': '<...>', 'state': {}}
2026-04-20 12:26:39,049 [TRACE] uvicorn.asgi: ::1:58719 - ASGI [2] Send {'type': 'http.response.start', 'status': 307, 'headers': '<...>'}
2026-04-20 12:26:39,049 [INFO] uvicorn.access: ::1:58719 - "POST /mcp HTTP/1.1" 307
2026-04-20 12:26:39,049 [TRACE] uvicorn.asgi: ::1:58719 - ASGI [2] Send {'type': 'http.response.body', 'body': '<0 bytes>'}
2026-04-20 12:26:39,049 [TRACE] uvicorn.asgi: ::1:58719 - ASGI [2] Completed
2026-04-20 12:26:39,050 [TRACE] uvicorn.error: ::1:58719 - HTTP connection lost
2026-04-20 12:26:39,052 [TRACE] uvicorn.error: ::1:58720 - HTTP connection made
2026-04-20 12:26:39,052 [TRACE] uvicorn.asgi: ::1:58720 - ASGI [3] Started scope={'type': 'http', 'asgi': {'version': '3.0', 'spec_version': '2.3'}, 'http_version': '1.1', 'server': ('::1', 8003), 'client': ('::1', 58720), 'scheme': 'http', 'method': 'POST', 'root_path': '', 'path': '/mcp/', 'raw_path': b'/mcp/', 'query_string': b'', 'headers': '<...>', 'state': {}}
2026-04-20 12:26:39,053 [TRACE] uvicorn.asgi: ::1:58720 - ASGI [3] Send {'type': 'http.response.start', 'status': <HTTPStatus.NOT_FOUND: 404>, 'headers': '<...>'}
2026-04-20 12:26:39,053 [INFO] uvicorn.access: ::1:58720 - "POST /mcp/ HTTP/1.1" 404
2026-04-20 12:26:39,053 [TRACE] uvicorn.asgi: ::1:58720 - ASGI [3] Send {'type': 'http.response.body', 'body': '<91 bytes>'}
2026-04-20 12:26:39,053 [TRACE] uvicorn.asgi: ::1:58720 - ASGI [3] Completed
2026-04-20 12:26:44,056 [TRACE] uvicorn.error: ::1:58720 - HTTP connection lost
2026-04-20 12:26:51,144 [TRACE] uvicorn.error: ::1:54964 - HTTP connection made
2026-04-20 12:26:51,145 [TRACE] uvicorn.asgi: ::1:54964 - ASGI [4] Started scope={'type': 'http', 'asgi': {'version': '3.0', 'spec_version': '2.3'}, 'http_version': '1.1', 'server': ('::1', 8003), 'client': ('::1', 54964), 'scheme': 'http', 'method': 'DELETE', 'root_path': '', 'path': '/mcp', 'raw_path': b'/mcp', 'query_string': b'', 'headers': '<...>', 'state': {}}
2026-04-20 12:26:51,145 [TRACE] uvicorn.asgi: ::1:54964 - ASGI [4] Send {'type': 'http.response.start', 'status': 307, 'headers': '<...>'}
2026-04-20 12:26:51,145 [INFO] uvicorn.access: ::1:54964 - "DELETE /mcp HTTP/1.1" 307
2026-04-20 12:26:51,146 [TRACE] uvicorn.asgi: ::1:54964 - ASGI [4] Send {'type': 'http.response.body', 'body': '<0 bytes>'}
2026-04-20 12:26:51,146 [TRACE] uvicorn.asgi: ::1:54964 - ASGI [4] Completed
2026-04-20 12:26:51,147 [TRACE] uvicorn.error: ::1:54964 - HTTP connection lost
2026-04-20 12:26:51,148 [TRACE] uvicorn.error: ::1:54965 - HTTP connection made
2026-04-20 12:26:51,148 [TRACE] uvicorn.asgi: ::1:54965 - ASGI [5] Started scope={'type': 'http', 'asgi': {'version': '3.0', 'spec_version': '2.3'}, 'http_version': '1.1', 'server': ('::1', 8003), 'client': ('::1', 54965), 'scheme': 'http', 'method': 'DELETE', 'root_path': '', 'path': '/mcp/', 'raw_path': b'/mcp/', 'query_string': b'', 'headers': '<...>', 'state': {}}
2026-04-20 12:26:51,149 [TRACE] uvicorn.asgi: ::1:54965 - ASGI [5] Send {'type': 'http.response.start', 'status': <HTTPStatus.NOT_FOUND: 404>, 'headers': '<...>'}
2026-04-20 12:26:51,149 [INFO] uvicorn.access: ::1:54965 - "DELETE /mcp/ HTTP/1.1" 404
2026-04-20 12:26:51,149 [TRACE] uvicorn.asgi: ::1:54965 - ASGI [5] Send {'type': 'http.response.body', 'body': '<91 bytes>'}
2026-04-20 12:26:51,150 [TRACE] uvicorn.asgi: ::1:54965 - ASGI [5] Completed
2026-04-20 12:26:51,152 [TRACE] uvicorn.error: ::1:54965 - HTTP connection lost
2026-04-20 12:26:52,298 [TRACE] uvicorn.error: ::1:59967 - HTTP connection made
2026-04-20 12:26:52,298 [TRACE] uvicorn.asgi: ::1:59967 - ASGI [6] Started scope={'type': 'http', 'asgi': {'version': '3.0', 'spec_version': '2.3'}, 'http_version': '1.1', 'server': ('::1', 8003), 'client': ('::1', 59967), 'scheme': 'http', 'method': 'DELETE', 'root_path': '', 'path': '/mcp', 'raw_path': b'/mcp', 'query_string': b'', 'headers': '<...>', 'state': {}}
2026-04-20 12:26:52,299 [TRACE] uvicorn.asgi: ::1:59967 - ASGI [6] Send {'type': 'http.response.start', 'status': 307, 'headers': '<...>'}
2026-04-20 12:26:52,299 [INFO] uvicorn.access: ::1:59967 - "DELETE /mcp HTTP/1.1" 307
2026-04-20 12:26:52,300 [TRACE] uvicorn.asgi: ::1:59967 - ASGI [6] Send {'type': 'http.response.body', 'body': '<0 bytes>'}
2026-04-20 12:26:52,300 [TRACE] uvicorn.asgi: ::1:59967 - ASGI [6] Completed
2026-04-20 12:26:52,301 [TRACE] uvicorn.error: ::1:59967 - HTTP connection lost
2026-04-20 12:26:52,303 [TRACE] uvicorn.error: ::1:59968 - HTTP connection made
2026-04-20 12:26:52,303 [TRACE] uvicorn.asgi: ::1:59968 - ASGI [7] Started scope={'type': 'http', 'asgi': {'version': '3.0', 'spec_version': '2.3'}, 'http_version': '1.1', 'server': ('::1', 8003), 'client': ('::1', 59968), 'scheme': 'http', 'method': 'DELETE', 'root_path': '', 'path': '/mcp/', 'raw_path': b'/mcp/', 'query_string': b'', 'headers': '<...>', 'state': {}}
2026-04-20 12:26:52,304 [TRACE] uvicorn.asgi: ::1:59968 - ASGI [7] Send {'type': 'http.response.start', 'status': <HTTPStatus.NOT_FOUND: 404>, 'headers': '<...>'}
2026-04-20 12:26:52,304 [INFO] uvicorn.access: ::1:59968 - "DELETE /mcp/ HTTP/1.1" 404
2026-04-20 12:26:52,305 [TRACE] uvicorn.asgi: ::1:59968 - ASGI [7] Send {'type': 'http.response.body', 'body': '<91 bytes>'}
2026-04-20 12:26:52,305 [TRACE] uvicorn.asgi: ::1:59968 - ASGI [7] Completed
2026-04-20 12:26:52,312 [TRACE] uvicorn.error: ::1:59969 - HTTP connection made
2026-04-20 12:26:52,313 [TRACE] uvicorn.asgi: ::1:59969 - ASGI [8] Started scope={'type': 'http', 'asgi': {'version': '3.0', 'spec_version': '2.3'}, 'http_version': '1.1', 'server': ('::1', 8003), 'client': ('::1', 59969), 'scheme': 'http', 'method': 'POST', 'root_path': '', 'path': '/mcp', 'raw_path': b'/mcp', 'query_string': b'', 'headers': '<...>', 'state': {}}
2026-04-20 12:26:52,313 [TRACE] uvicorn.asgi: ::1:59969 - ASGI [8] Send {'type': 'http.response.start', 'status': 307, 'headers': '<...>'}
2026-04-20 12:26:52,313 [INFO] uvicorn.access: ::1:59969 - "POST /mcp HTTP/1.1" 307
2026-04-20 12:26:52,314 [TRACE] uvicorn.asgi: ::1:59969 - ASGI [8] Send {'type': 'http.response.body', 'body': '<0 bytes>'}
2026-04-20 12:26:52,314 [TRACE] uvicorn.asgi: ::1:59969 - ASGI [8] Completed
2026-04-20 12:26:52,316 [TRACE] uvicorn.error: ::1:59969 - HTTP connection lost
2026-04-20 12:26:52,317 [TRACE] uvicorn.asgi: ::1:59968 - ASGI [9] Started scope={'type': 'http', 'asgi': {'version': '3.0', 'spec_version': '2.3'}, 'http_version': '1.1', 'server': ('::1', 8003), 'client': ('::1', 59968), 'scheme': 'http', 'method': 'POST', 'root_path': '', 'path': '/mcp/', 'raw_path': b'/mcp/', 'query_string': b'', 'headers': '<...>', 'state': {}}
2026-04-20 12:26:52,318 [INFO] mcp.server.streamable_http_manager: Created new transport with session ID: 4cffe3fcddfa464698b9934c780f3430
2026-04-20 12:26:52,318 [TRACE] uvicorn.asgi: ::1:59968 - ASGI [9] Receive {'type': 'http.request', 'body': '<330 bytes>', 'more_body': False}
2026-04-20 12:26:52,320 [TRACE] uvicorn.asgi: ::1:59968 - ASGI [9] Send {'type': 'http.response.start', 'status': 200, 'headers': '<...>'}
2026-04-20 12:26:52,320 [INFO] uvicorn.access: ::1:59968 - "POST /mcp/ HTTP/1.1" 200
2026-04-20 12:26:52,321 [TRACE] uvicorn.asgi: ::1:59968 - ASGI [9] Send {'type': 'http.response.body', 'body': '<444 bytes>', 'more_body': True}
2026-04-20 12:26:52,322 [TRACE] uvicorn.asgi: ::1:59968 - ASGI [9] Send {'type': 'http.response.body', 'body': '<0 bytes>', 'more_body': False}
2026-04-20 12:26:52,323 [TRACE] uvicorn.asgi: ::1:59968 - ASGI [9] Receive {'type': 'http.disconnect'}
2026-04-20 12:26:52,323 [TRACE] uvicorn.asgi: ::1:59968 - ASGI [9] Completed
2026-04-20 12:26:52,333 [TRACE] uvicorn.asgi: ::1:59968 - ASGI [10] Started scope={'type': 'http', 'asgi': {'version': '3.0', 'spec_version': '2.3'}, 'http_version': '1.1', 'server': ('::1', 8003), 'client': ('::1', 59968), 'scheme': 'http', 'method': 'POST', 'root_path': '', 'path': '/mcp', 'raw_path': b'/mcp', 'query_string': b'', 'headers': '<...>', 'state': {}}
2026-04-20 12:26:52,334 [TRACE] uvicorn.asgi: ::1:59968 - ASGI [10] Send {'type': 'http.response.start', 'status': 307, 'headers': '<...>'}
2026-04-20 12:26:52,334 [INFO] uvicorn.access: ::1:59968 - "POST /mcp HTTP/1.1" 307
2026-04-20 12:26:52,335 [TRACE] uvicorn.asgi: ::1:59968 - ASGI [10] Send {'type': 'http.response.body', 'body': '<0 bytes>'}
2026-04-20 12:26:52,335 [TRACE] uvicorn.asgi: ::1:59968 - ASGI [10] Completed
2026-04-20 12:26:52,336 [TRACE] uvicorn.error: ::1:59968 - HTTP connection lost
2026-04-20 12:26:52,337 [TRACE] uvicorn.error: ::1:59970 - HTTP connection made
2026-04-20 12:26:52,344 [TRACE] uvicorn.asgi: ::1:59970 - ASGI [11] Started scope={'type': 'http', 'asgi': {'version': '3.0', 'spec_version': '2.3'}, 'http_version': '1.1', 'server': ('::1', 8003), 'client': ('::1', 59970), 'scheme': 'http', 'method': 'POST', 'root_path': '', 'path': '/mcp/', 'raw_path': b'/mcp/', 'query_string': b'', 'headers': '<...>', 'state': {}}
2026-04-20 12:26:52,344 [TRACE] uvicorn.asgi: ::1:59970 - ASGI [11] Receive {'type': 'http.request', 'body': '<54 bytes>', 'more_body': False}
2026-04-20 12:26:52,345 [TRACE] uvicorn.asgi: ::1:59970 - ASGI [11] Send {'type': 'http.response.start', 'status': <HTTPStatus.ACCEPTED: 202>, 'headers': '<...>'}
2026-04-20 12:26:52,345 [INFO] uvicorn.access: ::1:59970 - "POST /mcp/ HTTP/1.1" 202
2026-04-20 12:26:52,346 [TRACE] uvicorn.asgi: ::1:59970 - ASGI [11] Send {'type': 'http.response.body', 'body': '<0 bytes>'}
2026-04-20 12:26:52,346 [TRACE] uvicorn.asgi: ::1:59970 - ASGI [11] Completed
2026-04-20 12:26:52,346 [TRACE] uvicorn.error: ::1:59971 - HTTP connection made
2026-04-20 12:26:52,348 [TRACE] uvicorn.asgi: ::1:59971 - ASGI [12] Started scope={'type': 'http', 'asgi': {'version': '3.0', 'spec_version': '2.3'}, 'http_version': '1.1', 'server': ('::1', 8003), 'client': ('::1', 59971), 'scheme': 'http', 'method': 'POST', 'root_path': '', 'path': '/mcp', 'raw_path': b'/mcp', 'query_string': b'', 'headers': '<...>', 'state': {}}
2026-04-20 12:26:52,349 [TRACE] uvicorn.asgi: ::1:59971 - ASGI [12] Send {'type': 'http.response.start', 'status': 307, 'headers': '<...>'}
2026-04-20 12:26:52,349 [INFO] uvicorn.access: ::1:59971 - "POST /mcp HTTP/1.1" 307
2026-04-20 12:26:52,349 [TRACE] uvicorn.asgi: ::1:59971 - ASGI [12] Send {'type': 'http.response.body', 'body': '<0 bytes>'}
2026-04-20 12:26:52,350 [TRACE] uvicorn.asgi: ::1:59971 - ASGI [12] Completed
2026-04-20 12:26:52,351 [TRACE] uvicorn.asgi: ::1:59970 - ASGI [13] Started scope={'type': 'http', 'asgi': {'version': '3.0', 'spec_version': '2.3'}, 'http_version': '1.1', 'server': ('::1', 8003), 'client': ('::1', 59970), 'scheme': 'http', 'method': 'GET', 'root_path': '', 'path': '/mcp', 'raw_path': b'/mcp', 'query_string': b'', 'headers': '<...>', 'state': {}}
2026-04-20 12:26:52,351 [TRACE] uvicorn.asgi: ::1:59970 - ASGI [13] Send {'type': 'http.response.start', 'status': 307, 'headers': '<...>'}
2026-04-20 12:26:52,352 [INFO] uvicorn.access: ::1:59970 - "GET /mcp HTTP/1.1" 307
2026-04-20 12:26:52,352 [TRACE] uvicorn.asgi: ::1:59970 - ASGI [13] Send {'type': 'http.response.body', 'body': '<0 bytes>'}
2026-04-20 12:26:52,352 [TRACE] uvicorn.asgi: ::1:59970 - ASGI [13] Completed
2026-04-20 12:26:52,353 [TRACE] uvicorn.error: ::1:59971 - HTTP connection lost
2026-04-20 12:26:52,353 [TRACE] uvicorn.error: ::1:59972 - HTTP connection made
2026-04-20 12:26:52,354 [TRACE] uvicorn.asgi: ::1:59972 - ASGI [14] Started scope={'type': 'http', 'asgi': {'version': '3.0', 'spec_version': '2.3'}, 'http_version': '1.1', 'server': ('::1', 8003), 'client': ('::1', 59972), 'scheme': 'http', 'method': 'POST', 'root_path': '', 'path': '/mcp/', 'raw_path': b'/mcp/', 'query_string': b'', 'headers': '<...>', 'state': {}}
2026-04-20 12:26:52,354 [TRACE] uvicorn.asgi: ::1:59972 - ASGI [14] Receive {'type': 'http.request', 'body': '<79 bytes>', 'more_body': False}
2026-04-20 12:26:52,355 [TRACE] uvicorn.error: ::1:59970 - HTTP connection lost
2026-04-20 12:26:52,356 [TRACE] uvicorn.asgi: ::1:59972 - ASGI [14] Send {'type': 'http.response.start', 'status': 200, 'headers': '<...>'}
2026-04-20 12:26:52,356 [INFO] uvicorn.access: ::1:59972 - "POST /mcp/ HTTP/1.1" 200
2026-04-20 12:26:52,357 [TRACE] uvicorn.error: ::1:59973 - HTTP connection made
2026-04-20 12:26:52,358 [TRACE] uvicorn.asgi: ::1:59973 - ASGI [15] Started scope={'type': 'http', 'asgi': {'version': '3.0', 'spec_version': '2.3'}, 'http_version': '1.1', 'server': ('::1', 8003), 'client': ('::1', 59973), 'scheme': 'http', 'method': 'GET', 'root_path': '', 'path': '/mcp/', 'raw_path': b'/mcp/', 'query_string': b'', 'headers': '<...>', 'state': {}}
2026-04-20 12:26:52,358 [INFO] mcp.server.lowlevel.server: Processing request of type SetLevelRequest
2026-04-20 12:26:52,359 [TRACE] uvicorn.asgi: ::1:59973 - ASGI [15] Send {'type': 'http.response.start', 'status': 200, 'headers': '<...>'}
2026-04-20 12:26:52,359 [INFO] uvicorn.access: ::1:59973 - "GET /mcp/ HTTP/1.1" 200
2026-04-20 12:26:52,359 [TRACE] uvicorn.asgi: ::1:59973 - ASGI [15] Receive {'type': 'http.request', 'body': '<0 bytes>', 'more_body': False}
2026-04-20 12:26:52,360 [TRACE] uvicorn.asgi: ::1:59972 - ASGI [14] Send {'type': 'http.response.body', 'body': '<62 bytes>', 'more_body': True}
2026-04-20 12:26:52,360 [TRACE] uvicorn.asgi: ::1:59972 - ASGI [14] Send {'type': 'http.response.body', 'body': '<0 bytes>', 'more_body': False}
2026-04-20 12:26:52,361 [TRACE] uvicorn.asgi: ::1:59972 - ASGI [14] Receive {'type': 'http.disconnect'}
2026-04-20 12:26:52,361 [TRACE] uvicorn.asgi: ::1:59972 - ASGI [14] Completed
2026-04-20 12:26:54,932 [TRACE] uvicorn.asgi: ::1:59972 - ASGI [16] Started scope={'type': 'http', 'asgi': {'version': '3.0', 'spec_version': '2.3'}, 'http_version': '1.1', 'server': ('::1', 8003), 'client': ('::1', 59972), 'scheme': 'http', 'method': 'POST', 'root_path': '', 'path': '/mcp', 'raw_path': b'/mcp', 'query_string': b'', 'headers': '<...>', 'state': {}}
2026-04-20 12:26:54,933 [TRACE] uvicorn.asgi: ::1:59972 - ASGI [16] Send {'type': 'http.response.start', 'status': 307, 'headers': '<...>'}
2026-04-20 12:26:54,933 [INFO] uvicorn.access: ::1:59972 - "POST /mcp HTTP/1.1" 307
2026-04-20 12:26:54,933 [TRACE] uvicorn.asgi: ::1:59972 - ASGI [16] Send {'type': 'http.response.body', 'body': '<0 bytes>'}
2026-04-20 12:26:54,933 [TRACE] uvicorn.asgi: ::1:59972 - ASGI [16] Completed
2026-04-20 12:26:54,935 [TRACE] uvicorn.error: ::1:59972 - HTTP connection lost
2026-04-20 12:26:54,936 [TRACE] uvicorn.error: ::1:59975 - HTTP connection made
2026-04-20 12:26:54,937 [TRACE] uvicorn.asgi: ::1:59975 - ASGI [17] Started scope={'type': 'http', 'asgi': {'version': '3.0', 'spec_version': '2.3'}, 'http_version': '1.1', 'server': ('::1', 8003), 'client': ('::1', 59975), 'scheme': 'http', 'method': 'POST', 'root_path': '', 'path': '/mcp/', 'raw_path': b'/mcp/', 'query_string': b'', 'headers': '<...>', 'state': {}}
2026-04-20 12:26:54,937 [TRACE] uvicorn.asgi: ::1:59975 - ASGI [17] Receive {'type': 'http.request', 'body': '<89 bytes>', 'more_body': False}
2026-04-20 12:26:54,938 [TRACE] uvicorn.asgi: ::1:59975 - ASGI [17] Send {'type': 'http.response.start', 'status': 200, 'headers': '<...>'}
2026-04-20 12:26:54,938 [INFO] uvicorn.access: ::1:59975 - "POST /mcp/ HTTP/1.1" 200
2026-04-20 12:26:54,938 [INFO] mcp.server.lowlevel.server: Processing request of type ListResourcesRequest
2026-04-20 12:26:54,942 [TRACE] uvicorn.asgi: ::1:59975 - ASGI [17] Send {'type': 'http.response.body', 'body': '<358 bytes>', 'more_body': True}
2026-04-20 12:26:54,942 [TRACE] uvicorn.asgi: ::1:59975 - ASGI [17] Send {'type': 'http.response.body', 'body': '<0 bytes>', 'more_body': False}
2026-04-20 12:26:54,943 [TRACE] uvicorn.asgi: ::1:59975 - ASGI [17] Receive {'type': 'http.disconnect'}
2026-04-20 12:26:54,943 [TRACE] uvicorn.asgi: ::1:59975 - ASGI [17] Completed
2026-04-20 12:26:59,953 [TRACE] uvicorn.error: ::1:59975 - HTTP connection lost
2026-04-20 12:27:07,367 [TRACE] uvicorn.asgi: ::1:59973 - ASGI [15] Send {'type': 'http.response.body', 'body': '<45 bytes>', 'more_body': True}
2026-04-20 12:27:22,373 [TRACE] uvicorn.asgi: ::1:59973 - ASGI [15] Send {'type': 'http.response.body', 'body': '<45 bytes>', 'more_body': True}
2026-04-20 12:27:37,375 [TRACE] uvicorn.asgi: ::1:59973 - ASGI [15] Send {'type': 'http.response.body', 'body': '<45 bytes>', 'more_body': True}
2026-04-20 12:27:52,379 [TRACE] uvicorn.asgi: ::1:59973 - ASGI [15] Send {'type': 'http.response.body', 'body': '<45 bytes>', 'more_body': True}
2026-04-20 12:27:56,386 [TRACE] uvicorn.error: ::1:56613 - HTTP connection made
2026-04-20 12:27:56,387 [TRACE] uvicorn.asgi: ::1:56613 - ASGI [18] Started scope={'type': 'http', 'asgi': {'version': '3.0', 'spec_version': '2.3'}, 'http_version': '1.1', 'server': ('::1', 8003), 'client': ('::1', 56613), 'scheme': 'http', 'method': 'POST', 'root_path': '', 'path': '/mcp', 'raw_path': b'/mcp', 'query_string': b'', 'headers': '<...>', 'state': {}}
2026-04-20 12:27:56,387 [TRACE] uvicorn.asgi: ::1:56613 - ASGI [18] Send {'type': 'http.response.start', 'status': 307, 'headers': '<...>'}
2026-04-20 12:27:56,388 [INFO] uvicorn.access: ::1:56613 - "POST /mcp HTTP/1.1" 307
2026-04-20 12:27:56,388 [TRACE] uvicorn.asgi: ::1:56613 - ASGI [18] Send {'type': 'http.response.body', 'body': '<0 bytes>'}
2026-04-20 12:27:56,388 [TRACE] uvicorn.asgi: ::1:56613 - ASGI [18] Completed
2026-04-20 12:27:56,389 [TRACE] uvicorn.error: ::1:56613 - HTTP connection lost
2026-04-20 12:27:56,390 [TRACE] uvicorn.error: ::1:56614 - HTTP connection made
2026-04-20 12:27:56,391 [TRACE] uvicorn.asgi: ::1:56614 - ASGI [19] Started scope={'type': 'http', 'asgi': {'version': '3.0', 'spec_version': '2.3'}, 'http_version': '1.1', 'server': ('::1', 8003), 'client': ('::1', 56614), 'scheme': 'http', 'method': 'POST', 'root_path': '', 'path': '/mcp/', 'raw_path': b'/mcp/', 'query_string': b'', 'headers': '<...>', 'state': {}}
2026-04-20 12:27:56,391 [INFO] mcp.server.streamable_http_manager: Created new transport with session ID: 9659890914a64d0e9c023dc473925329
2026-04-20 12:27:56,392 [TRACE] uvicorn.asgi: ::1:56614 - ASGI [19] Receive {'type': 'http.request', 'body': '<330 bytes>', 'more_body': False}
2026-04-20 12:27:56,393 [TRACE] uvicorn.asgi: ::1:56614 - ASGI [19] Send {'type': 'http.response.start', 'status': 200, 'headers': '<...>'}
2026-04-20 12:27:56,393 [INFO] uvicorn.access: ::1:56614 - "POST /mcp/ HTTP/1.1" 200
2026-04-20 12:27:56,394 [TRACE] uvicorn.asgi: ::1:56614 - ASGI [19] Send {'type': 'http.response.body', 'body': '<444 bytes>', 'more_body': True}
2026-04-20 12:27:56,394 [TRACE] uvicorn.asgi: ::1:56614 - ASGI [19] Send {'type': 'http.response.body', 'body': '<0 bytes>', 'more_body': False}
2026-04-20 12:27:56,394 [TRACE] uvicorn.asgi: ::1:56614 - ASGI [19] Receive {'type': 'http.disconnect'}
2026-04-20 12:27:56,395 [TRACE] uvicorn.asgi: ::1:56614 - ASGI [19] Completed
2026-04-20 12:27:56,403 [TRACE] uvicorn.asgi: ::1:56614 - ASGI [20] Started scope={'type': 'http', 'asgi': {'version': '3.0', 'spec_version': '2.3'}, 'http_version': '1.1', 'server': ('::1', 8003), 'client': ('::1', 56614), 'scheme': 'http', 'method': 'POST', 'root_path': '', 'path': '/mcp', 'raw_path': b'/mcp', 'query_string': b'', 'headers': '<...>', 'state': {}}
2026-04-20 12:27:56,404 [TRACE] uvicorn.asgi: ::1:56614 - ASGI [20] Send {'type': 'http.response.start', 'status': 307, 'headers': '<...>'}
2026-04-20 12:27:56,405 [INFO] uvicorn.access: ::1:56614 - "POST /mcp HTTP/1.1" 307
2026-04-20 12:27:56,405 [TRACE] uvicorn.asgi: ::1:56614 - ASGI [20] Send {'type': 'http.response.body', 'body': '<0 bytes>'}
2026-04-20 12:27:56,405 [TRACE] uvicorn.asgi: ::1:56614 - ASGI [20] Completed
2026-04-20 12:27:56,407 [TRACE] uvicorn.error: ::1:56614 - HTTP connection lost
2026-04-20 12:27:56,412 [TRACE] uvicorn.error: ::1:63232 - HTTP connection made
2026-04-20 12:27:56,412 [TRACE] uvicorn.error: ::1:63233 - HTTP connection made
2026-04-20 12:27:56,413 [TRACE] uvicorn.asgi: ::1:63232 - ASGI [21] Started scope={'type': 'http', 'asgi': {'version': '3.0', 'spec_version': '2.3'}, 'http_version': '1.1', 'server': ('::1', 8003), 'client': ('::1', 63232), 'scheme': 'http', 'method': 'POST', 'root_path': '', 'path': '/mcp/', 'raw_path': b'/mcp/', 'query_string': b'', 'headers': '<...>', 'state': {}}
2026-04-20 12:27:56,414 [TRACE] uvicorn.asgi: ::1:63232 - ASGI [21] Receive {'type': 'http.request', 'body': '<54 bytes>', 'more_body': False}
2026-04-20 12:27:56,414 [TRACE] uvicorn.asgi: ::1:63232 - ASGI [21] Send {'type': 'http.response.start', 'status': <HTTPStatus.ACCEPTED: 202>, 'headers': '<...>'}
2026-04-20 12:27:56,415 [INFO] uvicorn.access: ::1:63232 - "POST /mcp/ HTTP/1.1" 202
2026-04-20 12:27:56,415 [TRACE] uvicorn.asgi: ::1:63232 - ASGI [21] Send {'type': 'http.response.body', 'body': '<0 bytes>'}
2026-04-20 12:27:56,416 [TRACE] uvicorn.asgi: ::1:63232 - ASGI [21] Completed
2026-04-20 12:27:56,416 [TRACE] uvicorn.asgi: ::1:63233 - ASGI [22] Started scope={'type': 'http', 'asgi': {'version': '3.0', 'spec_version': '2.3'}, 'http_version': '1.1', 'server': ('::1', 8003), 'client': ('::1', 63233), 'scheme': 'http', 'method': 'POST', 'root_path': '', 'path': '/mcp', 'raw_path': b'/mcp', 'query_string': b'', 'headers': '<...>', 'state': {}}
2026-04-20 12:27:56,416 [TRACE] uvicorn.asgi: ::1:63233 - ASGI [22] Send {'type': 'http.response.start', 'status': 307, 'headers': '<...>'}
2026-04-20 12:27:56,417 [INFO] uvicorn.access: ::1:63233 - "POST /mcp HTTP/1.1" 307
2026-04-20 12:27:56,417 [TRACE] uvicorn.asgi: ::1:63233 - ASGI [22] Send {'type': 'http.response.body', 'body': '<0 bytes>'}
2026-04-20 12:27:56,418 [TRACE] uvicorn.asgi: ::1:63233 - ASGI [22] Completed
2026-04-20 12:27:56,418 [TRACE] uvicorn.asgi: ::1:63232 - ASGI [23] Started scope={'type': 'http', 'asgi': {'version': '3.0', 'spec_version': '2.3'}, 'http_version': '1.1', 'server': ('::1', 8003), 'client': ('::1', 63232), 'scheme': 'http', 'method': 'GET', 'root_path': '', 'path': '/mcp', 'raw_path': b'/mcp', 'query_string': b'', 'headers': '<...>', 'state': {}}
2026-04-20 12:27:56,419 [TRACE] uvicorn.asgi: ::1:63232 - ASGI [23] Send {'type': 'http.response.start', 'status': 307, 'headers': '<...>'}
2026-04-20 12:27:56,419 [INFO] uvicorn.access: ::1:63232 - "GET /mcp HTTP/1.1" 307
2026-04-20 12:27:56,420 [TRACE] uvicorn.asgi: ::1:63232 - ASGI [23] Send {'type': 'http.response.body', 'body': '<0 bytes>'}
2026-04-20 12:27:56,420 [TRACE] uvicorn.asgi: ::1:63232 - ASGI [23] Completed
2026-04-20 12:27:56,420 [TRACE] uvicorn.error: ::1:63233 - HTTP connection lost
2026-04-20 12:27:56,421 [TRACE] uvicorn.error: ::1:63234 - HTTP connection made
2026-04-20 12:27:56,422 [TRACE] uvicorn.error: ::1:63232 - HTTP connection lost
2026-04-20 12:27:56,422 [TRACE] uvicorn.asgi: ::1:63234 - ASGI [24] Started scope={'type': 'http', 'asgi': {'version': '3.0', 'spec_version': '2.3'}, 'http_version': '1.1', 'server': ('::1', 8003), 'client': ('::1', 63234), 'scheme': 'http', 'method': 'POST', 'root_path': '', 'path': '/mcp/', 'raw_path': b'/mcp/', 'query_string': b'', 'headers': '<...>', 'state': {}}
2026-04-20 12:27:56,423 [TRACE] uvicorn.asgi: ::1:63234 - ASGI [24] Receive {'type': 'http.request', 'body': '<79 bytes>', 'more_body': False}
2026-04-20 12:27:56,423 [TRACE] uvicorn.error: ::1:63235 - HTTP connection made
2026-04-20 12:27:56,424 [TRACE] uvicorn.asgi: ::1:63234 - ASGI [24] Send {'type': 'http.response.start', 'status': 200, 'headers': '<...>'}
2026-04-20 12:27:56,424 [INFO] uvicorn.access: ::1:63234 - "POST /mcp/ HTTP/1.1" 200
2026-04-20 12:27:56,425 [TRACE] uvicorn.asgi: ::1:63235 - ASGI [25] Started scope={'type': 'http', 'asgi': {'version': '3.0', 'spec_version': '2.3'}, 'http_version': '1.1', 'server': ('::1', 8003), 'client': ('::1', 63235), 'scheme': 'http', 'method': 'GET', 'root_path': '', 'path': '/mcp/', 'raw_path': b'/mcp/', 'query_string': b'', 'headers': '<...>', 'state': {}}
2026-04-20 12:27:56,427 [TRACE] uvicorn.asgi: ::1:63235 - ASGI [25] Send {'type': 'http.response.start', 'status': 200, 'headers': '<...>'}
2026-04-20 12:27:56,427 [INFO] uvicorn.access: ::1:63235 - "GET /mcp/ HTTP/1.1" 200
2026-04-20 12:27:56,429 [TRACE] uvicorn.asgi: ::1:63235 - ASGI [25] Receive {'type': 'http.request', 'body': '<0 bytes>', 'more_body': False}
2026-04-20 12:27:56,429 [INFO] mcp.server.lowlevel.server: Processing request of type SetLevelRequest
2026-04-20 12:27:56,430 [TRACE] uvicorn.asgi: ::1:63234 - ASGI [24] Send {'type': 'http.response.body', 'body': '<62 bytes>', 'more_body': True}
2026-04-20 12:27:56,431 [TRACE] uvicorn.asgi: ::1:63234 - ASGI [24] Send {'type': 'http.response.body', 'body': '<0 bytes>', 'more_body': False}
2026-04-20 12:27:56,431 [TRACE] uvicorn.asgi: ::1:63234 - ASGI [24] Receive {'type': 'http.disconnect'}
2026-04-20 12:27:56,431 [TRACE] uvicorn.asgi: ::1:63234 - ASGI [24] Completed
2026-04-20 12:27:58,229 [TRACE] uvicorn.asgi: ::1:63234 - ASGI [26] Started scope={'type': 'http', 'asgi': {'version': '3.0', 'spec_version': '2.3'}, 'http_version': '1.1', 'server': ('::1', 8003), 'client': ('::1', 63234), 'scheme': 'http', 'method': 'POST', 'root_path': '', 'path': '/mcp', 'raw_path': b'/mcp', 'query_string': b'', 'headers': '<...>', 'state': {}}
2026-04-20 12:27:58,230 [TRACE] uvicorn.asgi: ::1:63234 - ASGI [26] Send {'type': 'http.response.start', 'status': 307, 'headers': '<...>'}
2026-04-20 12:27:58,231 [INFO] uvicorn.access: ::1:63234 - "POST /mcp HTTP/1.1" 307
2026-04-20 12:27:58,231 [TRACE] uvicorn.asgi: ::1:63234 - ASGI [26] Send {'type': 'http.response.body', 'body': '<0 bytes>'}
2026-04-20 12:27:58,232 [TRACE] uvicorn.asgi: ::1:63234 - ASGI [26] Completed
2026-04-20 12:27:58,232 [TRACE] uvicorn.error: ::1:63234 - HTTP connection lost
2026-04-20 12:27:58,234 [TRACE] uvicorn.error: ::1:63236 - HTTP connection made
2026-04-20 12:27:58,234 [TRACE] uvicorn.asgi: ::1:63236 - ASGI [27] Started scope={'type': 'http', 'asgi': {'version': '3.0', 'spec_version': '2.3'}, 'http_version': '1.1', 'server': ('::1', 8003), 'client': ('::1', 63236), 'scheme': 'http', 'method': 'POST', 'root_path': '', 'path': '/mcp/', 'raw_path': b'/mcp/', 'query_string': b'', 'headers': '<...>', 'state': {}}
2026-04-20 12:27:58,235 [TRACE] uvicorn.asgi: ::1:63236 - ASGI [27] Receive {'type': 'http.request', 'body': '<89 bytes>', 'more_body': False}
2026-04-20 12:27:58,235 [TRACE] uvicorn.asgi: ::1:63236 - ASGI [27] Send {'type': 'http.response.start', 'status': 200, 'headers': '<...>'}
2026-04-20 12:27:58,235 [INFO] uvicorn.access: ::1:63236 - "POST /mcp/ HTTP/1.1" 200
2026-04-20 12:27:58,236 [INFO] mcp.server.lowlevel.server: Processing request of type ListResourcesRequest
2026-04-20 12:27:58,237 [TRACE] uvicorn.asgi: ::1:63236 - ASGI [27] Send {'type': 'http.response.body', 'body': '<358 bytes>', 'more_body': True}
2026-04-20 12:27:58,237 [TRACE] uvicorn.asgi: ::1:63236 - ASGI [27] Send {'type': 'http.response.body', 'body': '<0 bytes>', 'more_body': False}
2026-04-20 12:27:58,238 [TRACE] uvicorn.asgi: ::1:63236 - ASGI [27] Receive {'type': 'http.disconnect'}
2026-04-20 12:27:58,238 [TRACE] uvicorn.asgi: ::1:63236 - ASGI [27] Completed
2026-04-20 12:27:59,710 [TRACE] uvicorn.asgi: ::1:63236 - ASGI [28] Started scope={'type': 'http', 'asgi': {'version': '3.0', 'spec_version': '2.3'}, 'http_version': '1.1', 'server': ('::1', 8003), 'client': ('::1', 63236), 'scheme': 'http', 'method': 'POST', 'root_path': '', 'path': '/mcp', 'raw_path': b'/mcp', 'query_string': b'', 'headers': '<...>', 'state': {}}
2026-04-20 12:27:59,711 [TRACE] uvicorn.asgi: ::1:63236 - ASGI [28] Send {'type': 'http.response.start', 'status': 307, 'headers': '<...>'}
2026-04-20 12:27:59,711 [INFO] uvicorn.access: ::1:63236 - "POST /mcp HTTP/1.1" 307
2026-04-20 12:27:59,711 [TRACE] uvicorn.asgi: ::1:63236 - ASGI [28] Send {'type': 'http.response.body', 'body': '<0 bytes>'}
2026-04-20 12:27:59,712 [TRACE] uvicorn.asgi: ::1:63236 - ASGI [28] Completed
2026-04-20 12:27:59,712 [TRACE] uvicorn.error: ::1:63236 - HTTP connection lost
2026-04-20 12:27:59,713 [TRACE] uvicorn.error: ::1:63237 - HTTP connection made
2026-04-20 12:27:59,714 [TRACE] uvicorn.asgi: ::1:63237 - ASGI [29] Started scope={'type': 'http', 'asgi': {'version': '3.0', 'spec_version': '2.3'}, 'http_version': '1.1', 'server': ('::1', 8003), 'client': ('::1', 63237), 'scheme': 'http', 'method': 'POST', 'root_path': '', 'path': '/mcp/', 'raw_path': b'/mcp/', 'query_string': b'', 'headers': '<...>', 'state': {}}
2026-04-20 12:27:59,715 [TRACE] uvicorn.asgi: ::1:63237 - ASGI [29] Receive {'type': 'http.request', 'body': '<133 bytes>', 'more_body': False}
2026-04-20 12:27:59,715 [TRACE] uvicorn.asgi: ::1:63237 - ASGI [29] Send {'type': 'http.response.start', 'status': 200, 'headers': '<...>'}
2026-04-20 12:27:59,715 [INFO] uvicorn.access: ::1:63237 - "POST /mcp/ HTTP/1.1" 200
2026-04-20 12:27:59,716 [INFO] mcp.server.lowlevel.server: Processing request of type ReadResourceRequest
2026-04-20 12:27:59,720 [TRACE] uvicorn.asgi: ::1:63237 - ASGI [29] Send {'type': 'http.response.body', 'body': '<1232 bytes>', 'more_body': True}
2026-04-20 12:27:59,721 [TRACE] uvicorn.asgi: ::1:63237 - ASGI [29] Send {'type': 'http.response.body', 'body': '<0 bytes>', 'more_body': False}
2026-04-20 12:27:59,721 [TRACE] uvicorn.asgi: ::1:63237 - ASGI [29] Receive {'type': 'http.disconnect'}
2026-04-20 12:27:59,722 [TRACE] uvicorn.asgi: ::1:63237 - ASGI [29] Completed
2026-04-20 12:28:04,726 [TRACE] uvicorn.error: ::1:63237 - HTTP connection lost
2026-04-20 12:28:07,405 [TRACE] uvicorn.asgi: ::1:59973 - ASGI [15] Send {'type': 'http.response.body', 'body': '<45 bytes>', 'more_body': True}
2026-04-20 12:28:11,443 [TRACE] uvicorn.asgi: ::1:63235 - ASGI [25] Send {'type': 'http.response.body', 'body': '<45 bytes>', 'more_body': True}
2026-04-20 12:28:22,414 [TRACE] uvicorn.asgi: ::1:59973 - ASGI [15] Send {'type': 'http.response.body', 'body': '<45 bytes>', 'more_body': True}
2026-04-20 12:28:26,458 [TRACE] uvicorn.asgi: ::1:63235 - ASGI [25] Send {'type': 'http.response.body', 'body': '<45 bytes>', 'more_body': True}
2026-04-20 12:28:37,421 [TRACE] uvicorn.asgi: ::1:59973 - ASGI [15] Send {'type': 'http.response.body', 'body': '<45 bytes>', 'more_body': True}
2026-04-20 12:28:41,481 [TRACE] uvicorn.asgi: ::1:63235 - ASGI [25] Send {'type': 'http.response.body', 'body': '<45 bytes>', 'more_body': True}
2026-04-20 12:28:52,434 [TRACE] uvicorn.asgi: ::1:59973 - ASGI [15] Send {'type': 'http.response.body', 'body': '<45 bytes>', 'more_body': True}
2026-04-20 12:28:56,502 [TRACE] uvicorn.asgi: ::1:63235 - ASGI [25] Send {'type': 'http.response.body', 'body': '<45 bytes>', 'more_body': True}
2026-04-20 12:29:07,441 [TRACE] uvicorn.error: 127.0.0.1:61714 - HTTP connection made
2026-04-20 12:29:07,442 [TRACE] uvicorn.asgi: ::1:59973 - ASGI [15] Send {'type': 'http.response.body', 'body': '<45 bytes>', 'more_body': True}
2026-04-20 12:29:07,442 [TRACE] uvicorn.asgi: 127.0.0.1:61714 - ASGI [30] Started scope={'type': 'http', 'asgi': {'version': '3.0', 'spec_version': '2.3'}, 'http_version': '1.1', 'server': ('127.0.0.1', 8003), 'client': ('127.0.0.1', 61714), 'scheme': 'http', 'method': 'POST', 'root_path': '', 'path': '/mcp/', 'raw_path': b'/mcp/', 'query_string': b'', 'headers': '<...>', 'state': {}}
2026-04-20 12:29:07,442 [TRACE] uvicorn.asgi: 127.0.0.1:61714 - ASGI [30] Send {'type': 'http.response.start', 'status': <HTTPStatus.NOT_FOUND: 404>, 'headers': '<...>'}
2026-04-20 12:29:07,443 [INFO] uvicorn.access: 127.0.0.1:61714 - "POST /mcp/ HTTP/1.1" 404
2026-04-20 12:29:07,443 [TRACE] uvicorn.asgi: 127.0.0.1:61714 - ASGI [30] Send {'type': 'http.response.body', 'body': '<91 bytes>'}
2026-04-20 12:29:07,443 [TRACE] uvicorn.asgi: 127.0.0.1:61714 - ASGI [30] Completed
2026-04-20 12:29:07,444 [TRACE] uvicorn.error: 127.0.0.1:61714 - HTTP connection lost
2026-04-20 12:29:11,514 [TRACE] uvicorn.asgi: ::1:63235 - ASGI [25] Send {'type': 'http.response.body', 'body': '<45 bytes>', 'more_body': True}
2026-04-20 12:29:21,186 [TRACE] uvicorn.error: 127.0.0.1:50270 - HTTP connection made
2026-04-20 12:29:21,187 [TRACE] uvicorn.asgi: 127.0.0.1:50270 - ASGI [31] Started scope={'type': 'http', 'asgi': {'version': '3.0', 'spec_version': '2.3'}, 'http_version': '1.1', 'server': ('127.0.0.1', 8003), 'client': ('127.0.0.1', 50270), 'scheme': 'http', 'method': 'POST', 'root_path': '', 'path': '/mcp/', 'raw_path': b'/mcp/', 'query_string': b'', 'headers': '<...>', 'state': {}}
2026-04-20 12:29:21,187 [INFO] mcp.server.streamable_http_manager: Created new transport with session ID: 8b1c7d06972749bda432fd458b719688
2026-04-20 12:29:21,188 [TRACE] uvicorn.asgi: 127.0.0.1:50270 - ASGI [31] Receive {'type': 'http.request', 'body': '<151 bytes>', 'more_body': False}
2026-04-20 12:29:21,188 [TRACE] uvicorn.asgi: 127.0.0.1:50270 - ASGI [31] Send {'type': 'http.response.start', 'status': 200, 'headers': '<...>'}
2026-04-20 12:29:21,189 [INFO] uvicorn.access: 127.0.0.1:50270 - "POST /mcp/ HTTP/1.1" 200
2026-04-20 12:29:21,189 [TRACE] uvicorn.asgi: 127.0.0.1:50270 - ASGI [31] Send {'type': 'http.response.body', 'body': '<444 bytes>', 'more_body': True}
2026-04-20 12:29:21,189 [TRACE] uvicorn.asgi: 127.0.0.1:50270 - ASGI [31] Send {'type': 'http.response.body', 'body': '<0 bytes>', 'more_body': False}
2026-04-20 12:29:21,190 [TRACE] uvicorn.asgi: 127.0.0.1:50270 - ASGI [31] Receive {'type': 'http.disconnect'}
2026-04-20 12:29:21,190 [TRACE] uvicorn.error: 127.0.0.1:50270 - HTTP connection lost
2026-04-20 12:29:21,190 [TRACE] uvicorn.asgi: 127.0.0.1:50270 - ASGI [31] Completed
2026-04-20 12:29:22,456 [TRACE] uvicorn.asgi: ::1:59973 - ASGI [15] Send {'type': 'http.response.body', 'body': '<45 bytes>', 'more_body': True}
2026-04-20 12:29:26,524 [TRACE] uvicorn.asgi: ::1:63235 - ASGI [25] Send {'type': 'http.response.body', 'body': '<45 bytes>', 'more_body': True}
2026-04-20 12:29:29,926 [TRACE] uvicorn.error: 127.0.0.1:50282 - HTTP connection made
2026-04-20 12:29:29,927 [TRACE] uvicorn.asgi: 127.0.0.1:50282 - ASGI [32] Started scope={'type': 'http', 'asgi': {'version': '3.0', 'spec_version': '2.3'}, 'http_version': '1.1', 'server': ('127.0.0.1', 8003), 'client': ('127.0.0.1', 50282), 'scheme': 'http', 'method': 'POST', 'root_path': '', 'path': '/mcp/', 'raw_path': b'/mcp/', 'query_string': b'', 'headers': '<...>', 'state': {}}
2026-04-20 12:29:29,927 [TRACE] uvicorn.asgi: 127.0.0.1:50282 - ASGI [32] Receive {'type': 'http.request', 'body': '<60 bytes>', 'more_body': False}
2026-04-20 12:29:29,927 [TRACE] uvicorn.asgi: 127.0.0.1:50282 - ASGI [32] Send {'type': 'http.response.start', 'status': 200, 'headers': '<...>'}
2026-04-20 12:29:29,927 [INFO] uvicorn.access: 127.0.0.1:50282 - "POST /mcp/ HTTP/1.1" 200
2026-04-20 12:29:29,928 [INFO] mcp.server.lowlevel.server: Processing request of type ListPromptsRequest
2026-04-20 12:29:29,929 [TRACE] uvicorn.asgi: 127.0.0.1:50282 - ASGI [32] Send {'type': 'http.response.body', 'body': '<502 bytes>', 'more_body': True}
2026-04-20 12:29:29,929 [TRACE] uvicorn.asgi: 127.0.0.1:50282 - ASGI [32] Send {'type': 'http.response.body', 'body': '<0 bytes>', 'more_body': False}
2026-04-20 12:29:29,929 [TRACE] uvicorn.asgi: 127.0.0.1:50282 - ASGI [32] Receive {'type': 'http.disconnect'}
2026-04-20 12:29:29,930 [TRACE] uvicorn.error: 127.0.0.1:50282 - HTTP connection lost
2026-04-20 12:29:29,930 [TRACE] uvicorn.asgi: 127.0.0.1:50282 - ASGI [32] Completed
2026-04-20 12:29:37,470 [TRACE] uvicorn.asgi: ::1:59973 - ASGI [15] Send {'type': 'http.response.body', 'body': '<45 bytes>', 'more_body': True}
2026-04-20 12:29:41,522 [TRACE] uvicorn.asgi: ::1:63235 - ASGI [25] Send {'type': 'http.response.body', 'body': '<45 bytes>', 'more_body': True}
2026-04-20 12:29:44,418 [TRACE] uvicorn.error: 127.0.0.1:50322 - HTTP connection made
2026-04-20 12:29:44,418 [TRACE] uvicorn.asgi: 127.0.0.1:50322 - ASGI [33] Started scope={'type': 'http', 'asgi': {'version': '3.0', 'spec_version': '2.3'}, 'http_version': '1.1', 'server': ('127.0.0.1', 8003), 'client': ('127.0.0.1', 50322), 'scheme': 'http', 'method': 'POST', 'root_path': '', 'path': '/mcp/', 'raw_path': b'/mcp/', 'query_string': b'', 'headers': '<...>', 'state': {}}
2026-04-20 12:29:44,419 [TRACE] uvicorn.asgi: 127.0.0.1:50322 - ASGI [33] Receive {'type': 'http.request', 'body': '<101 bytes>', 'more_body': False}
2026-04-20 12:29:44,419 [TRACE] uvicorn.asgi: 127.0.0.1:50322 - ASGI [33] Send {'type': 'http.response.start', 'status': 200, 'headers': '<...>'}
2026-04-20 12:29:44,419 [INFO] uvicorn.access: 127.0.0.1:50322 - "POST /mcp/ HTTP/1.1" 200
2026-04-20 12:29:44,420 [INFO] mcp.server.lowlevel.server: Processing request of type GetPromptRequest
2026-04-20 12:29:44,495 [TRACE] uvicorn.asgi: 127.0.0.1:50322 - ASGI [33] Send {'type': 'http.response.body', 'body': '<199 bytes>', 'more_body': True}
2026-04-20 12:29:44,496 [TRACE] uvicorn.asgi: 127.0.0.1:50322 - ASGI [33] Send {'type': 'http.response.body', 'body': '<0 bytes>', 'more_body': False}
2026-04-20 12:29:44,496 [TRACE] uvicorn.asgi: 127.0.0.1:50322 - ASGI [33] Receive {'type': 'http.disconnect'}
2026-04-20 12:29:44,497 [TRACE] uvicorn.error: 127.0.0.1:50322 - HTTP connection lost
2026-04-20 12:29:44,497 [TRACE] uvicorn.asgi: 127.0.0.1:50322 - ASGI [33] Completed
2026-04-20 12:29:52,481 [TRACE] uvicorn.asgi: ::1:59973 - ASGI [15] Send {'type': 'http.response.body', 'body': '<45 bytes>', 'more_body': True}
2026-04-20 12:29:56,528 [TRACE] uvicorn.asgi: ::1:63235 - ASGI [25] Send {'type': 'http.response.body', 'body': '<45 bytes>', 'more_body': True}
2026-04-20 12:30:07,473 [TRACE] uvicorn.asgi: ::1:59973 - ASGI [15] Send {'type': 'http.response.body', 'body': '<45 bytes>', 'more_body': True}
2026-04-20 12:30:11,535 [TRACE] uvicorn.asgi: ::1:63235 - ASGI [25] Send {'type': 'http.response.body', 'body': '<45 bytes>', 'more_body': True}
2026-04-20 12:30:22,489 [TRACE] uvicorn.asgi: ::1:59973 - ASGI [15] Send {'type': 'http.response.body', 'body': '<45 bytes>', 'more_body': True}
2026-04-20 12:30:26,557 [TRACE] uvicorn.asgi: ::1:63235 - ASGI [25] Send {'type': 'http.response.body', 'body': '<45 bytes>', 'more_body': True}
2026-04-20 12:30:37,505 [TRACE] uvicorn.asgi: ::1:59973 - ASGI [15] Send {'type': 'http.response.body', 'body': '<45 bytes>', 'more_body': True}
2026-04-20 12:30:41,571 [TRACE] uvicorn.asgi: ::1:63235 - ASGI [25] Send {'type': 'http.response.body', 'body': '<45 bytes>', 'more_body': True}
2026-04-20 12:30:52,525 [TRACE] uvicorn.asgi: ::1:59973 - ASGI [15] Send {'type': 'http.response.body', 'body': '<45 bytes>', 'more_body': True}
2026-04-20 12:30:56,590 [TRACE] uvicorn.asgi: ::1:63235 - ASGI [25] Send {'type': 'http.response.body', 'body': '<45 bytes>', 'more_body': True}
2026-04-20 12:31:07,513 [TRACE] uvicorn.asgi: ::1:59973 - ASGI [15] Send {'type': 'http.response.body', 'body': '<45 bytes>', 'more_body': True}
2026-04-20 12:31:11,606 [TRACE] uvicorn.asgi: ::1:63235 - ASGI [25] Send {'type': 'http.response.body', 'body': '<45 bytes>', 'more_body': True}
2026-04-20 12:31:15,882 [TRACE] uvicorn.error: 127.0.0.1:63517 - HTTP connection made
2026-04-20 12:31:15,883 [TRACE] uvicorn.asgi: 127.0.0.1:63517 - ASGI [34] Started scope={'type': 'http', 'asgi': {'version': '3.0', 'spec_version': '2.3'}, 'http_version': '1.1', 'server': ('127.0.0.1', 8003), 'client': ('127.0.0.1', 63517), 'scheme': 'http', 'method': 'POST', 'root_path': '', 'path': '/mcp/', 'raw_path': b'/mcp/', 'query_string': b'', 'headers': '<...>', 'state': {}}
2026-04-20 12:31:15,883 [TRACE] uvicorn.asgi: 127.0.0.1:63517 - ASGI [34] Send {'type': 'http.response.start', 'status': <HTTPStatus.NOT_ACCEPTABLE: 406>, 'headers': '<...>'}
2026-04-20 12:31:15,884 [INFO] uvicorn.access: 127.0.0.1:63517 - "POST /mcp/ HTTP/1.1" 406
2026-04-20 12:31:15,884 [TRACE] uvicorn.asgi: 127.0.0.1:63517 - ASGI [34] Send {'type': 'http.response.body', 'body': '<152 bytes>'}
2026-04-20 12:31:15,884 [TRACE] uvicorn.asgi: 127.0.0.1:63517 - ASGI [34] Completed
2026-04-20 12:31:15,885 [TRACE] uvicorn.error: 127.0.0.1:63517 - HTTP connection lost
2026-04-20 12:31:22,534 [TRACE] uvicorn.asgi: ::1:59973 - ASGI [15] Send {'type': 'http.response.body', 'body': '<45 bytes>', 'more_body': True}
2026-04-20 12:31:26,601 [TRACE] uvicorn.asgi: ::1:63235 - ASGI [25] Send {'type': 'http.response.body', 'body': '<45 bytes>', 'more_body': True}
2026-04-20 12:31:37,531 [TRACE] uvicorn.asgi: ::1:59973 - ASGI [15] Send {'type': 'http.response.body', 'body': '<45 bytes>', 'more_body': True}
2026-04-20 12:31:41,614 [TRACE] uvicorn.asgi: ::1:63235 - ASGI [25] Send {'type': 'http.response.body', 'body': '<45 bytes>', 'more_body': True}
2026-04-20 12:31:52,528 [TRACE] uvicorn.asgi: ::1:59973 - ASGI [15] Send {'type': 'http.response.body', 'body': '<45 bytes>', 'more_body': True}
2026-04-20 12:31:56,586 [TRACE] uvicorn.asgi: ::1:63235 - ASGI [25] Send {'type': 'http.response.body', 'body': '<45 bytes>', 'more_body': True}
2026-04-20 12:32:03,974 [TRACE] uvicorn.error: 127.0.0.1:63533 - HTTP connection made
2026-04-20 12:32:03,998 [TRACE] uvicorn.asgi: 127.0.0.1:63533 - ASGI [35] Started scope={'type': 'http', 'asgi': {'version': '3.0', 'spec_version': '2.3'}, 'http_version': '1.1', 'server': ('127.0.0.1', 8003), 'client': ('127.0.0.1', 63533), 'scheme': 'http', 'method': 'POST', 'root_path': '', 'path': '/mcp/', 'raw_path': b'/mcp/', 'query_string': b'', 'headers': '<...>', 'state': {}}
2026-04-20 12:32:03,999 [TRACE] uvicorn.asgi: 127.0.0.1:63533 - ASGI [35] Receive {'type': 'http.request', 'body': '<173 bytes>', 'more_body': False}
2026-04-20 12:32:03,999 [TRACE] uvicorn.asgi: 127.0.0.1:63533 - ASGI [35] Send {'type': 'http.response.start', 'status': 200, 'headers': '<...>'}
2026-04-20 12:32:03,999 [INFO] uvicorn.access: 127.0.0.1:63533 - "POST /mcp/ HTTP/1.1" 200
2026-04-20 12:32:04,000 [WARNING] root: Failed to validate request: 29 validation errors for ClientRequest
PingRequest.method
  Input should be 'ping' [type=literal_error, input_value='prompts/get', input_type=str]
    For further information visit https://errors.pydantic.dev/2.13/v/literal_error
InitializeRequest.method
  Input should be 'initialize' [type=literal_error, input_value='prompts/get', input_type=str]
    For further information visit https://errors.pydantic.dev/2.13/v/literal_error
InitializeRequest.params.protocolVersion
  Field required [type=missing, input_value={'name': 'explain_convers...et_unit': 'fahrenheit'}}, input_type=dict]
    For further information visit https://errors.pydantic.dev/2.13/v/missing
InitializeRequest.params.capabilities
  Field required [type=missing, input_value={'name': 'explain_convers...et_unit': 'fahrenheit'}}, input_type=dict]
    For further information visit https://errors.pydantic.dev/2.13/v/missing
InitializeRequest.params.clientInfo
  Field required [type=missing, input_value={'name': 'explain_convers...et_unit': 'fahrenheit'}}, input_type=dict]
    For further information visit https://errors.pydantic.dev/2.13/v/missing
CompleteRequest.method
  Input should be 'completion/complete' [type=literal_error, input_value='prompts/get', input_type=str]
    For further information visit https://errors.pydantic.dev/2.13/v/literal_error
CompleteRequest.params.ref
  Field required [type=missing, input_value={'name': 'explain_convers...et_unit': 'fahrenheit'}}, input_type=dict]
    For further information visit https://errors.pydantic.dev/2.13/v/missing
CompleteRequest.params.argument
  Field required [type=missing, input_value={'name': 'explain_convers...et_unit': 'fahrenheit'}}, input_type=dict]
    For further information visit https://errors.pydantic.dev/2.13/v/missing
SetLevelRequest.method
  Input should be 'logging/setLevel' [type=literal_error, input_value='prompts/get', input_type=str]
    For further information visit https://errors.pydantic.dev/2.13/v/literal_error
SetLevelRequest.params.level
  Field required [type=missing, input_value={'name': 'explain_convers...et_unit': 'fahrenheit'}}, input_type=dict]
    For further information visit https://errors.pydantic.dev/2.13/v/missing
GetPromptRequest.params.arguments.input_value
  Input should be a valid string [type=string_type, input_value=100, input_type=int]
    For further information visit https://errors.pydantic.dev/2.13/v/string_type
ListPromptsRequest.method
  Input should be 'prompts/list' [type=literal_error, input_value='prompts/get', input_type=str]
    For further information visit https://errors.pydantic.dev/2.13/v/literal_error
ListResourcesRequest.method
  Input should be 'resources/list' [type=literal_error, input_value='prompts/get', input_type=str]
    For further information visit https://errors.pydantic.dev/2.13/v/literal_error
ListResourceTemplatesRequest.method
  Input should be 'resources/templates/list' [type=literal_error, input_value='prompts/get', input_type=str]
    For further information visit https://errors.pydantic.dev/2.13/v/literal_error
ReadResourceRequest.method
  Input should be 'resources/read' [type=literal_error, input_value='prompts/get', input_type=str]
    For further information visit https://errors.pydantic.dev/2.13/v/literal_error
ReadResourceRequest.params.uri
  Field required [type=missing, input_value={'name': 'explain_convers...et_unit': 'fahrenheit'}}, input_type=dict]
    For further information visit https://errors.pydantic.dev/2.13/v/missing
SubscribeRequest.method
  Input should be 'resources/subscribe' [type=literal_error, input_value='prompts/get', input_type=str]
    For further information visit https://errors.pydantic.dev/2.13/v/literal_error
SubscribeRequest.params.uri
  Field required [type=missing, input_value={'name': 'explain_convers...et_unit': 'fahrenheit'}}, input_type=dict]
    For further information visit https://errors.pydantic.dev/2.13/v/missing
UnsubscribeRequest.method
  Input should be 'resources/unsubscribe' [type=literal_error, input_value='prompts/get', input_type=str]
    For further information visit https://errors.pydantic.dev/2.13/v/literal_error
UnsubscribeRequest.params.uri
  Field required [type=missing, input_value={'name': 'explain_convers...et_unit': 'fahrenheit'}}, input_type=dict]
    For further information visit https://errors.pydantic.dev/2.13/v/missing
CallToolRequest.method
  Input should be 'tools/call' [type=literal_error, input_value='prompts/get', input_type=str]
    For further information visit https://errors.pydantic.dev/2.13/v/literal_error
ListToolsRequest.method
  Input should be 'tools/list' [type=literal_error, input_value='prompts/get', input_type=str]
    For further information visit https://errors.pydantic.dev/2.13/v/literal_error
GetTaskRequest.method
  Input should be 'tasks/get' [type=literal_error, input_value='prompts/get', input_type=str]
    For further information visit https://errors.pydantic.dev/2.13/v/literal_error
GetTaskRequest.params.taskId
  Field required [type=missing, input_value={'name': 'explain_convers...et_unit': 'fahrenheit'}}, input_type=dict]
    For further information visit https://errors.pydantic.dev/2.13/v/missing
GetTaskPayloadRequest.method
  Input should be 'tasks/result' [type=literal_error, input_value='prompts/get', input_type=str]
    For further information visit https://errors.pydantic.dev/2.13/v/literal_error
GetTaskPayloadRequest.params.taskId
  Field required [type=missing, input_value={'name': 'explain_convers...et_unit': 'fahrenheit'}}, input_type=dict]
    For further information visit https://errors.pydantic.dev/2.13/v/missing
ListTasksRequest.method
  Input should be 'tasks/list' [type=literal_error, input_value='prompts/get', input_type=str]
    For further information visit https://errors.pydantic.dev/2.13/v/literal_error
CancelTaskRequest.method
  Input should be 'tasks/cancel' [type=literal_error, input_value='prompts/get', input_type=str]
    For further information visit https://errors.pydantic.dev/2.13/v/literal_error
CancelTaskRequest.params.taskId
  Field required [type=missing, input_value={'name': 'explain_convers...et_unit': 'fahrenheit'}}, input_type=dict]
    For further information visit https://errors.pydantic.dev/2.13/v/missing
2026-04-20 12:32:04,001 [TRACE] uvicorn.asgi: 127.0.0.1:63533 - ASGI [35] Send {'type': 'http.response.body', 'body': '<123 bytes>', 'more_body': True}
2026-04-20 12:32:04,001 [TRACE] uvicorn.asgi: 127.0.0.1:63533 - ASGI [35] Send {'type': 'http.response.body', 'body': '<0 bytes>', 'more_body': False}
2026-04-20 12:32:04,002 [TRACE] uvicorn.asgi: 127.0.0.1:63533 - ASGI [35] Receive {'type': 'http.disconnect'}
2026-04-20 12:32:04,002 [TRACE] uvicorn.error: 127.0.0.1:63533 - HTTP connection lost
2026-04-20 12:32:04,002 [TRACE] uvicorn.asgi: 127.0.0.1:63533 - ASGI [35] Completed
2026-04-20 12:32:07,528 [TRACE] uvicorn.asgi: ::1:59973 - ASGI [15] Send {'type': 'http.response.body', 'body': '<45 bytes>', 'more_body': True}
2026-04-20 12:32:11,589 [TRACE] uvicorn.asgi: ::1:63235 - ASGI [25] Send {'type': 'http.response.body', 'body': '<45 bytes>', 'more_body': True}
2026-04-20 12:32:22,520 [TRACE] uvicorn.asgi: ::1:59973 - ASGI [15] Send {'type': 'http.response.body', 'body': '<45 bytes>', 'more_body': True}
2026-04-20 12:32:26,601 [TRACE] uvicorn.asgi: ::1:63235 - ASGI [25] Send {'type': 'http.response.body', 'body': '<45 bytes>', 'more_body': True}
2026-04-20 12:32:37,529 [TRACE] uvicorn.asgi: ::1:59973 - ASGI [15] Send {'type': 'http.response.body', 'body': '<45 bytes>', 'more_body': True}
2026-04-20 12:32:41,598 [TRACE] uvicorn.asgi: ::1:63235 - ASGI [25] Send {'type': 'http.response.body', 'body': '<45 bytes>', 'more_body': True}
2026-04-20 12:32:52,542 [TRACE] uvicorn.asgi: ::1:59973 - ASGI [15] Send {'type': 'http.response.body', 'body': '<45 bytes>', 'more_body': True}
2026-04-20 12:32:56,607 [TRACE] uvicorn.asgi: ::1:63235 - ASGI [25] Send {'type': 'http.response.body', 'body': '<45 bytes>', 'more_body': True}
2026-04-20 12:33:06,770 [TRACE] uvicorn.error: 127.0.0.1:65392 - HTTP connection made
2026-04-20 12:33:06,780 [TRACE] uvicorn.asgi: 127.0.0.1:65392 - ASGI [36] Started scope={'type': 'http', 'asgi': {'version': '3.0', 'spec_version': '2.3'}, 'http_version': '1.1', 'server': ('127.0.0.1', 8003), 'client': ('127.0.0.1', 65392), 'scheme': 'http', 'method': 'POST', 'root_path': '', 'path': '/mcp/', 'raw_path': b'/mcp/', 'query_string': b'', 'headers': '<...>', 'state': {}}
2026-04-20 12:33:06,781 [TRACE] uvicorn.asgi: 127.0.0.1:65392 - ASGI [36] Receive {'type': 'http.request', 'body': '<212 bytes>', 'more_body': False}
2026-04-20 12:33:06,781 [TRACE] uvicorn.asgi: 127.0.0.1:65392 - ASGI [36] Send {'type': 'http.response.start', 'status': 200, 'headers': '<...>'}
2026-04-20 12:33:06,781 [INFO] uvicorn.access: 127.0.0.1:65392 - "POST /mcp/ HTTP/1.1" 200
2026-04-20 12:33:06,782 [WARNING] root: Failed to validate request: 29 validation errors for ClientRequest
PingRequest.method
  Input should be 'ping' [type=literal_error, input_value='prompts/get', input_type=str]
    For further information visit https://errors.pydantic.dev/2.13/v/literal_error
InitializeRequest.method
  Input should be 'initialize' [type=literal_error, input_value='prompts/get', input_type=str]
    For further information visit https://errors.pydantic.dev/2.13/v/literal_error
InitializeRequest.params.protocolVersion
  Field required [type=missing, input_value={'name': 'explain_convers...et_unit': 'fahrenheit'}}, input_type=dict]
    For further information visit https://errors.pydantic.dev/2.13/v/missing
InitializeRequest.params.capabilities
  Field required [type=missing, input_value={'name': 'explain_convers...et_unit': 'fahrenheit'}}, input_type=dict]
    For further information visit https://errors.pydantic.dev/2.13/v/missing
InitializeRequest.params.clientInfo
  Field required [type=missing, input_value={'name': 'explain_convers...et_unit': 'fahrenheit'}}, input_type=dict]
    For further information visit https://errors.pydantic.dev/2.13/v/missing
CompleteRequest.method
  Input should be 'completion/complete' [type=literal_error, input_value='prompts/get', input_type=str]
    For further information visit https://errors.pydantic.dev/2.13/v/literal_error
CompleteRequest.params.ref
  Field required [type=missing, input_value={'name': 'explain_convers...et_unit': 'fahrenheit'}}, input_type=dict]
    For further information visit https://errors.pydantic.dev/2.13/v/missing
CompleteRequest.params.argument
  Field required [type=missing, input_value={'name': 'explain_convers...et_unit': 'fahrenheit'}}, input_type=dict]
    For further information visit https://errors.pydantic.dev/2.13/v/missing
SetLevelRequest.method
  Input should be 'logging/setLevel' [type=literal_error, input_value='prompts/get', input_type=str]
    For further information visit https://errors.pydantic.dev/2.13/v/literal_error
SetLevelRequest.params.level
  Field required [type=missing, input_value={'name': 'explain_convers...et_unit': 'fahrenheit'}}, input_type=dict]
    For further information visit https://errors.pydantic.dev/2.13/v/missing
GetPromptRequest.params.arguments.input_value
  Input should be a valid string [type=string_type, input_value=100, input_type=int]
    For further information visit https://errors.pydantic.dev/2.13/v/string_type
ListPromptsRequest.method
  Input should be 'prompts/list' [type=literal_error, input_value='prompts/get', input_type=str]
    For further information visit https://errors.pydantic.dev/2.13/v/literal_error
ListResourcesRequest.method
  Input should be 'resources/list' [type=literal_error, input_value='prompts/get', input_type=str]
    For further information visit https://errors.pydantic.dev/2.13/v/literal_error
ListResourceTemplatesRequest.method
  Input should be 'resources/templates/list' [type=literal_error, input_value='prompts/get', input_type=str]
    For further information visit https://errors.pydantic.dev/2.13/v/literal_error
ReadResourceRequest.method
  Input should be 'resources/read' [type=literal_error, input_value='prompts/get', input_type=str]
    For further information visit https://errors.pydantic.dev/2.13/v/literal_error
ReadResourceRequest.params.uri
  Field required [type=missing, input_value={'name': 'explain_convers...et_unit': 'fahrenheit'}}, input_type=dict]
    For further information visit https://errors.pydantic.dev/2.13/v/missing
SubscribeRequest.method
  Input should be 'resources/subscribe' [type=literal_error, input_value='prompts/get', input_type=str]
    For further information visit https://errors.pydantic.dev/2.13/v/literal_error
SubscribeRequest.params.uri
  Field required [type=missing, input_value={'name': 'explain_convers...et_unit': 'fahrenheit'}}, input_type=dict]
    For further information visit https://errors.pydantic.dev/2.13/v/missing
UnsubscribeRequest.method
  Input should be 'resources/unsubscribe' [type=literal_error, input_value='prompts/get', input_type=str]
    For further information visit https://errors.pydantic.dev/2.13/v/literal_error
UnsubscribeRequest.params.uri
  Field required [type=missing, input_value={'name': 'explain_convers...et_unit': 'fahrenheit'}}, input_type=dict]
    For further information visit https://errors.pydantic.dev/2.13/v/missing
CallToolRequest.method
  Input should be 'tools/call' [type=literal_error, input_value='prompts/get', input_type=str]
    For further information visit https://errors.pydantic.dev/2.13/v/literal_error
ListToolsRequest.method
  Input should be 'tools/list' [type=literal_error, input_value='prompts/get', input_type=str]
    For further information visit https://errors.pydantic.dev/2.13/v/literal_error
GetTaskRequest.method
  Input should be 'tasks/get' [type=literal_error, input_value='prompts/get', input_type=str]
    For further information visit https://errors.pydantic.dev/2.13/v/literal_error
GetTaskRequest.params.taskId
  Field required [type=missing, input_value={'name': 'explain_convers...et_unit': 'fahrenheit'}}, input_type=dict]
    For further information visit https://errors.pydantic.dev/2.13/v/missing
GetTaskPayloadRequest.method
  Input should be 'tasks/result' [type=literal_error, input_value='prompts/get', input_type=str]
    For further information visit https://errors.pydantic.dev/2.13/v/literal_error
GetTaskPayloadRequest.params.taskId
  Field required [type=missing, input_value={'name': 'explain_convers...et_unit': 'fahrenheit'}}, input_type=dict]
    For further information visit https://errors.pydantic.dev/2.13/v/missing
ListTasksRequest.method
  Input should be 'tasks/list' [type=literal_error, input_value='prompts/get', input_type=str]
    For further information visit https://errors.pydantic.dev/2.13/v/literal_error
CancelTaskRequest.method
  Input should be 'tasks/cancel' [type=literal_error, input_value='prompts/get', input_type=str]
    For further information visit https://errors.pydantic.dev/2.13/v/literal_error
CancelTaskRequest.params.taskId
  Field required [type=missing, input_value={'name': 'explain_convers...et_unit': 'fahrenheit'}}, input_type=dict]
    For further information visit https://errors.pydantic.dev/2.13/v/missing
2026-04-20 12:33:06,783 [TRACE] uvicorn.asgi: 127.0.0.1:65392 - ASGI [36] Send {'type': 'http.response.body', 'body': '<123 bytes>', 'more_body': True}
2026-04-20 12:33:06,783 [TRACE] uvicorn.asgi: 127.0.0.1:65392 - ASGI [36] Send {'type': 'http.response.body', 'body': '<0 bytes>', 'more_body': False}
2026-04-20 12:33:06,783 [TRACE] uvicorn.asgi: 127.0.0.1:65392 - ASGI [36] Receive {'type': 'http.disconnect'}
2026-04-20 12:33:06,783 [TRACE] uvicorn.error: 127.0.0.1:65392 - HTTP connection lost
2026-04-20 12:33:06,784 [TRACE] uvicorn.asgi: 127.0.0.1:65392 - ASGI [36] Completed
2026-04-20 12:33:07,560 [TRACE] uvicorn.asgi: ::1:59973 - ASGI [15] Send {'type': 'http.response.body', 'body': '<45 bytes>', 'more_body': True}
2026-04-20 12:33:11,609 [TRACE] uvicorn.asgi: ::1:63235 - ASGI [25] Send {'type': 'http.response.body', 'body': '<45 bytes>', 'more_body': True}
2026-04-20 12:33:22,581 [TRACE] uvicorn.asgi: ::1:59973 - ASGI [15] Send {'type': 'http.response.body', 'body': '<45 bytes>', 'more_body': True}
2026-04-20 12:33:26,609 [TRACE] uvicorn.asgi: ::1:63235 - ASGI [25] Send {'type': 'http.response.body', 'body': '<45 bytes>', 'more_body': True}
2026-04-20 12:33:37,555 [TRACE] uvicorn.asgi: ::1:59973 - ASGI [15] Send {'type': 'http.response.body', 'body': '<45 bytes>', 'more_body': True}
2026-04-20 12:33:41,626 [TRACE] uvicorn.asgi: ::1:63235 - ASGI [25] Send {'type': 'http.response.body', 'body': '<45 bytes>', 'more_body': True}
2026-04-20 12:33:52,581 [TRACE] uvicorn.asgi: ::1:59973 - ASGI [15] Send {'type': 'http.response.body', 'body': '<45 bytes>', 'more_body': True}
2026-04-20 12:33:56,635 [TRACE] uvicorn.asgi: ::1:63235 - ASGI [25] Send {'type': 'http.response.body', 'body': '<45 bytes>', 'more_body': True}
2026-04-20 12:34:07,595 [TRACE] uvicorn.asgi: ::1:59973 - ASGI [15] Send {'type': 'http.response.body', 'body': '<45 bytes>', 'more_body': True}
2026-04-20 12:34:11,654 [TRACE] uvicorn.asgi: ::1:63235 - ASGI [25] Send {'type': 'http.response.body', 'body': '<45 bytes>', 'more_body': True}
2026-04-20 12:34:17,954 [TRACE] uvicorn.error: 127.0.0.1:65365 - HTTP connection made
2026-04-20 12:34:17,978 [TRACE] uvicorn.asgi: 127.0.0.1:65365 - ASGI [37] Started scope={'type': 'http', 'asgi': {'version': '3.0', 'spec_version': '2.3'}, 'http_version': '1.1', 'server': ('127.0.0.1', 8003), 'client': ('127.0.0.1', 65365), 'scheme': 'http', 'method': 'POST', 'root_path': '', 'path': '/mcp/', 'raw_path': b'/mcp/', 'query_string': b'', 'headers': '<...>', 'state': {}}
2026-04-20 12:34:17,979 [TRACE] uvicorn.asgi: 127.0.0.1:65365 - ASGI [37] Receive {'type': 'http.request', 'body': '<214 bytes>', 'more_body': False}
2026-04-20 12:34:17,979 [TRACE] uvicorn.asgi: 127.0.0.1:65365 - ASGI [37] Send {'type': 'http.response.start', 'status': 200, 'headers': '<...>'}
2026-04-20 12:34:17,979 [INFO] uvicorn.access: 127.0.0.1:65365 - "POST /mcp/ HTTP/1.1" 200
2026-04-20 12:34:17,980 [INFO] mcp.server.lowlevel.server: Processing request of type GetPromptRequest
2026-04-20 12:34:17,982 [TRACE] uvicorn.asgi: 127.0.0.1:65365 - ASGI [37] Send {'type': 'http.response.body', 'body': '<759 bytes>', 'more_body': True}
2026-04-20 12:34:17,982 [TRACE] uvicorn.asgi: 127.0.0.1:65365 - ASGI [37] Send {'type': 'http.response.body', 'body': '<0 bytes>', 'more_body': False}
2026-04-20 12:34:17,983 [TRACE] uvicorn.asgi: 127.0.0.1:65365 - ASGI [37] Receive {'type': 'http.disconnect'}
2026-04-20 12:34:17,983 [TRACE] uvicorn.error: 127.0.0.1:65365 - HTTP connection lost
2026-04-20 12:34:17,984 [TRACE] uvicorn.asgi: 127.0.0.1:65365 - ASGI [37] Completed
2026-04-20 12:34:22,600 [TRACE] uvicorn.asgi: ::1:59973 - ASGI [15] Send {'type': 'http.response.body', 'body': '<45 bytes>', 'more_body': True}
2026-04-20 12:34:26,660 [TRACE] uvicorn.asgi: ::1:63235 - ASGI [25] Send {'type': 'http.response.body', 'body': '<45 bytes>', 'more_body': True}
2026-04-20 12:34:37,608 [TRACE] uvicorn.asgi: ::1:59973 - ASGI [15] Send {'type': 'http.response.body', 'body': '<45 bytes>', 'more_body': True}
2026-04-20 12:34:41,689 [TRACE] uvicorn.asgi: ::1:63235 - ASGI [25] Send {'type': 'http.response.body', 'body': '<45 bytes>', 'more_body': True}
2026-04-20 12:34:52,619 [TRACE] uvicorn.asgi: ::1:59973 - ASGI [15] Send {'type': 'http.response.body', 'body': '<45 bytes>', 'more_body': True}
2026-04-20 12:34:56,703 [TRACE] uvicorn.asgi: ::1:63235 - ASGI [25] Send {'type': 'http.response.body', 'body': '<45 bytes>', 'more_body': True}
2026-04-20 12:35:07,633 [TRACE] uvicorn.asgi: ::1:59973 - ASGI [15] Send {'type': 'http.response.body', 'body': '<45 bytes>', 'more_body': True}
2026-04-20 12:35:11,703 [TRACE] uvicorn.asgi: ::1:63235 - ASGI [25] Send {'type': 'http.response.body', 'body': '<45 bytes>', 'more_body': True}
2026-04-20 12:35:22,657 [TRACE] uvicorn.asgi: ::1:59973 - ASGI [15] Send {'type': 'http.response.body', 'body': '<45 bytes>', 'more_body': True}
2026-04-20 12:35:26,687 [TRACE] uvicorn.asgi: ::1:63235 - ASGI [25] Send {'type': 'http.response.body', 'body': '<45 bytes>', 'more_body': True}
2026-04-20 12:35:37,650 [TRACE] uvicorn.asgi: ::1:59973 - ASGI [15] Send {'type': 'http.response.body', 'body': '<45 bytes>', 'more_body': True}
2026-04-20 12:35:41,696 [TRACE] uvicorn.asgi: ::1:63235 - ASGI [25] Send {'type': 'http.response.body', 'body': '<45 bytes>', 'more_body': True}
2026-04-20 12:35:49,147 [TRACE] uvicorn.error: 127.0.0.1:65390 - HTTP connection made
2026-04-20 12:35:49,164 [TRACE] uvicorn.asgi: 127.0.0.1:65390 - ASGI [38] Started scope={'type': 'http', 'asgi': {'version': '3.0', 'spec_version': '2.3'}, 'http_version': '1.1', 'server': ('127.0.0.1', 8003), 'client': ('127.0.0.1', 65390), 'scheme': 'http', 'method': 'POST', 'root_path': '', 'path': '/miles-to-kilometers', 'raw_path': b'/miles-to-kilometers', 'query_string': b'miles=3.1', 'headers': '<...>', 'state': {}}
2026-04-20 12:35:49,179 [TRACE] uvicorn.asgi: 127.0.0.1:65390 - ASGI [38] Receive {'type': 'http.request', 'body': '<0 bytes>', 'more_body': False}
2026-04-20 12:35:49,180 [TRACE] uvicorn.asgi: 127.0.0.1:65390 - ASGI [38] Send {'type': 'http.response.start', 'status': 422, 'headers': '<...>'}
2026-04-20 12:35:49,180 [INFO] uvicorn.access: 127.0.0.1:65390 - "POST /miles-to-kilometers?miles=3.1 HTTP/1.1" 422
2026-04-20 12:35:49,181 [TRACE] uvicorn.asgi: 127.0.0.1:65390 - ASGI [38] Send {'type': 'http.response.body', 'body': '<82 bytes>'}
2026-04-20 12:35:49,181 [TRACE] uvicorn.asgi: 127.0.0.1:65390 - ASGI [38] Completed
2026-04-20 12:35:49,181 [TRACE] uvicorn.error: 127.0.0.1:65390 - HTTP connection lost
2026-04-20 12:35:52,652 [TRACE] uvicorn.asgi: ::1:59973 - ASGI [15] Send {'type': 'http.response.body', 'body': '<45 bytes>', 'more_body': True}
2026-04-20 12:35:56,694 [TRACE] uvicorn.asgi: ::1:63235 - ASGI [25] Send {'type': 'http.response.body', 'body': '<45 bytes>', 'more_body': True}
2026-04-20 12:36:02,966 [TRACE] uvicorn.error: 127.0.0.1:65392 - HTTP connection made
2026-04-20 12:36:02,967 [TRACE] uvicorn.asgi: 127.0.0.1:65392 - ASGI [39] Started scope={'type': 'http', 'asgi': {'version': '3.0', 'spec_version': '2.3'}, 'http_version': '1.1', 'server': ('127.0.0.1', 8003), 'client': ('127.0.0.1', 65392), 'scheme': 'http', 'method': 'POST', 'root_path': '', 'path': '/celsius-to-fahrenheit', 'raw_path': b'/celsius-to-fahrenheit', 'query_string': b'', 'headers': '<...>', 'state': {}}
2026-04-20 12:36:02,979 [TRACE] uvicorn.asgi: 127.0.0.1:65392 - ASGI [39] Send {'type': 'http.response.start', 'status': 422, 'headers': '<...>'}
2026-04-20 12:36:02,980 [INFO] uvicorn.access: 127.0.0.1:65392 - "POST /celsius-to-fahrenheit HTTP/1.1" 422
2026-04-20 12:36:02,980 [TRACE] uvicorn.asgi: 127.0.0.1:65392 - ASGI [39] Send {'type': 'http.response.body', 'body': '<93 bytes>'}
2026-04-20 12:36:02,980 [TRACE] uvicorn.asgi: 127.0.0.1:65392 - ASGI [39] Completed
2026-04-20 12:36:02,981 [TRACE] uvicorn.error: 127.0.0.1:65392 - HTTP connection lost
2026-04-20 12:36:07,674 [TRACE] uvicorn.asgi: ::1:59973 - ASGI [15] Send {'type': 'http.response.body', 'body': '<45 bytes>', 'more_body': True}
2026-04-20 12:36:11,711 [TRACE] uvicorn.asgi: ::1:63235 - ASGI [25] Send {'type': 'http.response.body', 'body': '<45 bytes>', 'more_body': True}
2026-04-20 12:36:22,677 [TRACE] uvicorn.asgi: ::1:59973 - ASGI [15] Send {'type': 'http.response.body', 'body': '<45 bytes>', 'more_body': True}
2026-04-20 12:36:23,841 [TRACE] uvicorn.error: 127.0.0.1:65398 - HTTP connection made
2026-04-20 12:36:23,861 [TRACE] uvicorn.asgi: 127.0.0.1:65398 - ASGI [40] Started scope={'type': 'http', 'asgi': {'version': '3.0', 'spec_version': '2.3'}, 'http_version': '1.1', 'server': ('127.0.0.1', 8003), 'client': ('127.0.0.1', 65398), 'scheme': 'http', 'method': 'POST', 'root_path': '', 'path': '/celsius-to-fahrenheit', 'raw_path': b'/celsius-to-fahrenheit', 'query_string': b'', 'headers': '<...>', 'state': {}}
2026-04-20 12:36:23,861 [TRACE] uvicorn.asgi: 127.0.0.1:65398 - ASGI [40] Send {'type': 'http.response.start', 'status': 422, 'headers': '<...>'}
2026-04-20 12:36:23,861 [INFO] uvicorn.access: 127.0.0.1:65398 - "POST /celsius-to-fahrenheit HTTP/1.1" 422
2026-04-20 12:36:23,861 [TRACE] uvicorn.asgi: 127.0.0.1:65398 - ASGI [40] Send {'type': 'http.response.body', 'body': '<93 bytes>'}
2026-04-20 12:36:23,862 [TRACE] uvicorn.asgi: 127.0.0.1:65398 - ASGI [40] Completed
2026-04-20 12:36:23,862 [TRACE] uvicorn.error: 127.0.0.1:65398 - HTTP connection lost
2026-04-20 12:36:26,738 [TRACE] uvicorn.asgi: ::1:63235 - ASGI [25] Send {'type': 'http.response.body', 'body': '<45 bytes>', 'more_body': True}
2026-04-20 12:36:37,683 [TRACE] uvicorn.asgi: ::1:59973 - ASGI [15] Send {'type': 'http.response.body', 'body': '<45 bytes>', 'more_body': True}
2026-04-20 12:36:41,710 [TRACE] uvicorn.asgi: ::1:63235 - ASGI [25] Send {'type': 'http.response.body', 'body': '<45 bytes>', 'more_body': True}
2026-04-20 12:36:52,693 [TRACE] uvicorn.asgi: ::1:59973 - ASGI [15] Send {'type': 'http.response.body', 'body': '<45 bytes>', 'more_body': True}
2026-04-20 12:36:56,727 [TRACE] uvicorn.asgi: ::1:63235 - ASGI [25] Send {'type': 'http.response.body', 'body': '<45 bytes>', 'more_body': True}
2026-04-20 12:36:59,245 [TRACE] uvicorn.error: 127.0.0.1:61355 - HTTP connection made
2026-04-20 12:36:59,245 [TRACE] uvicorn.asgi: 127.0.0.1:61355 - ASGI [41] Started scope={'type': 'http', 'asgi': {'version': '3.0', 'spec_version': '2.3'}, 'http_version': '1.1', 'server': ('127.0.0.1', 8003), 'client': ('127.0.0.1', 61355), 'scheme': 'http', 'method': 'POST', 'root_path': '', 'path': '/celsius-to-fahrenheit-celsius-to-fahrenheit-post', 'raw_path': b'/celsius-to-fahrenheit-celsius-to-fahrenheit-post', 'query_string': b'', 'headers': '<...>', 'state': {}}
2026-04-20 12:36:59,246 [TRACE] uvicorn.asgi: 127.0.0.1:61355 - ASGI [41] Send {'type': 'http.response.start', 'status': 404, 'headers': '<...>'}
2026-04-20 12:36:59,246 [INFO] uvicorn.access: 127.0.0.1:61355 - "POST /celsius-to-fahrenheit-celsius-to-fahrenheit-post HTTP/1.1" 404
2026-04-20 12:36:59,246 [TRACE] uvicorn.asgi: 127.0.0.1:61355 - ASGI [41] Send {'type': 'http.response.body', 'body': '<22 bytes>'}
2026-04-20 12:36:59,246 [TRACE] uvicorn.asgi: 127.0.0.1:61355 - ASGI [41] Completed
2026-04-20 12:36:59,246 [TRACE] uvicorn.error: 127.0.0.1:61355 - HTTP connection lost
2026-04-20 12:37:07,719 [TRACE] uvicorn.asgi: ::1:59973 - ASGI [15] Send {'type': 'http.response.body', 'body': '<45 bytes>', 'more_body': True}
2026-04-20 12:37:11,752 [TRACE] uvicorn.asgi: ::1:63235 - ASGI [25] Send {'type': 'http.response.body', 'body': '<45 bytes>', 'more_body': True}
2026-04-20 12:37:22,731 [TRACE] uvicorn.asgi: ::1:59973 - ASGI [15] Send {'type': 'http.response.body', 'body': '<45 bytes>', 'more_body': True}
2026-04-20 12:37:26,754 [TRACE] uvicorn.asgi: ::1:63235 - ASGI [25] Send {'type': 'http.response.body', 'body': '<45 bytes>', 'more_body': True}
2026-04-20 12:37:36,139 [TRACE] uvicorn.error: 127.0.0.1:61049 - HTTP connection made
2026-04-20 12:37:36,161 [TRACE] uvicorn.asgi: 127.0.0.1:61049 - ASGI [42] Started scope={'type': 'http', 'asgi': {'version': '3.0', 'spec_version': '2.3'}, 'http_version': '1.1', 'server': ('127.0.0.1', 8003), 'client': ('127.0.0.1', 61049), 'scheme': 'http', 'method': 'POST', 'root_path': '', 'path': '/miles-to-kilometers', 'raw_path': b'/miles-to-kilometers', 'query_string': b'', 'headers': '<...>', 'state': {}}
2026-04-20 12:37:36,162 [TRACE] uvicorn.asgi: 127.0.0.1:61049 - ASGI [42] Receive {'type': 'http.request', 'body': '<14 bytes>', 'more_body': False}
2026-04-20 12:37:36,162 [TRACE] uvicorn.asgi: 127.0.0.1:61049 - ASGI [42] Send {'type': 'http.response.start', 'status': 403, 'headers': '<...>'}
2026-04-20 12:37:36,163 [INFO] uvicorn.access: 127.0.0.1:61049 - "POST /miles-to-kilometers HTTP/1.1" 403
2026-04-20 12:37:36,163 [TRACE] uvicorn.asgi: 127.0.0.1:61049 - ASGI [42] Send {'type': 'http.response.body', 'body': '<117 bytes>'}
2026-04-20 12:37:36,163 [TRACE] uvicorn.asgi: 127.0.0.1:61049 - ASGI [42] Completed
2026-04-20 12:37:36,163 [TRACE] uvicorn.error: 127.0.0.1:61049 - HTTP connection lost
2026-04-20 12:37:37,751 [TRACE] uvicorn.asgi: ::1:59973 - ASGI [15] Send {'type': 'http.response.body', 'body': '<45 bytes>', 'more_body': True}
2026-04-20 12:37:41,774 [TRACE] uvicorn.asgi: ::1:63235 - ASGI [25] Send {'type': 'http.response.body', 'body': '<45 bytes>', 'more_body': True}
2026-04-20 12:37:52,766 [TRACE] uvicorn.asgi: ::1:59973 - ASGI [15] Send {'type': 'http.response.body', 'body': '<45 bytes>', 'more_body': True}
2026-04-20 12:37:56,774 [TRACE] uvicorn.asgi: ::1:63235 - ASGI [25] Send {'type': 'http.response.body', 'body': '<45 bytes>', 'more_body': True}
2026-04-20 12:38:07,777 [TRACE] uvicorn.asgi: ::1:59973 - ASGI [15] Send {'type': 'http.response.body', 'body': '<45 bytes>', 'more_body': True}
2026-04-20 12:38:11,786 [TRACE] uvicorn.asgi: ::1:63235 - ASGI [25] Send {'type': 'http.response.body', 'body': '<45 bytes>', 'more_body': True}
2026-04-20 12:38:22,772 [TRACE] uvicorn.asgi: ::1:59973 - ASGI [15] Send {'type': 'http.response.body', 'body': '<45 bytes>', 'more_body': True}
2026-04-20 12:38:26,797 [TRACE] uvicorn.asgi: ::1:63235 - ASGI [25] Send {'type': 'http.response.body', 'body': '<45 bytes>', 'more_body': True}
2026-04-20 12:38:37,774 [TRACE] uvicorn.asgi: ::1:59973 - ASGI [15] Send {'type': 'http.response.body', 'body': '<45 bytes>', 'more_body': True}
2026-04-20 12:38:41,807 [TRACE] uvicorn.asgi: ::1:63235 - ASGI [25] Send {'type': 'http.response.body', 'body': '<45 bytes>', 'more_body': True}
2026-04-20 12:38:52,786 [TRACE] uvicorn.asgi: ::1:59973 - ASGI [15] Send {'type': 'http.response.body', 'body': '<45 bytes>', 'more_body': True}
2026-04-20 12:38:56,810 [TRACE] uvicorn.asgi: ::1:63235 - ASGI [25] Send {'type': 'http.response.body', 'body': '<45 bytes>', 'more_body': True}
2026-04-20 12:39:07,807 [TRACE] uvicorn.asgi: ::1:59973 - ASGI [15] Send {'type': 'http.response.body', 'body': '<45 bytes>', 'more_body': True}
2026-04-20 12:39:11,827 [TRACE] uvicorn.asgi: ::1:63235 - ASGI [25] Send {'type': 'http.response.body', 'body': '<45 bytes>', 'more_body': True}
2026-04-20 12:39:22,833 [TRACE] uvicorn.asgi: ::1:59973 - ASGI [15] Send {'type': 'http.response.body', 'body': '<45 bytes>', 'more_body': True}
2026-04-20 12:39:23,392 [TRACE] uvicorn.error: 127.0.0.1:61871 - HTTP connection made
2026-04-20 12:39:23,411 [TRACE] uvicorn.asgi: 127.0.0.1:61871 - ASGI [43] Started scope={'type': 'http', 'asgi': {'version': '3.0', 'spec_version': '2.3'}, 'http_version': '1.1', 'server': ('127.0.0.1', 8003), 'client': ('127.0.0.1', 61871), 'scheme': 'http', 'method': 'POST', 'root_path': '', 'path': '/celsius-to-fahrenheit-celsius-to-fahrenheit', 'raw_path': b'/celsius-to-fahrenheit-celsius-to-fahrenheit', 'query_string': b'', 'headers': '<...>', 'state': {}}
2026-04-20 12:39:23,412 [TRACE] uvicorn.asgi: 127.0.0.1:61871 - ASGI [43] Send {'type': 'http.response.start', 'status': 404, 'headers': '<...>'}
2026-04-20 12:39:23,412 [INFO] uvicorn.access: 127.0.0.1:61871 - "POST /celsius-to-fahrenheit-celsius-to-fahrenheit HTTP/1.1" 404
2026-04-20 12:39:23,412 [TRACE] uvicorn.asgi: 127.0.0.1:61871 - ASGI [43] Send {'type': 'http.response.body', 'body': '<22 bytes>'}
2026-04-20 12:39:23,412 [TRACE] uvicorn.asgi: 127.0.0.1:61871 - ASGI [43] Completed
2026-04-20 12:39:23,412 [TRACE] uvicorn.error: 127.0.0.1:61871 - HTTP connection lost
2026-04-20 12:39:26,827 [TRACE] uvicorn.asgi: ::1:63235 - ASGI [25] Send {'type': 'http.response.body', 'body': '<45 bytes>', 'more_body': True}
2026-04-20 12:39:37,363 [TRACE] uvicorn.error: 127.0.0.1:61876 - HTTP connection made
2026-04-20 12:39:37,384 [TRACE] uvicorn.asgi: 127.0.0.1:61876 - ASGI [44] Started scope={'type': 'http', 'asgi': {'version': '3.0', 'spec_version': '2.3'}, 'http_version': '1.1', 'server': ('127.0.0.1', 8003), 'client': ('127.0.0.1', 61876), 'scheme': 'http', 'method': 'POST', 'root_path': '', 'path': '/celsius-to-fahrenheit', 'raw_path': b'/celsius-to-fahrenheit', 'query_string': b'', 'headers': '<...>', 'state': {}}
2026-04-20 12:39:37,385 [TRACE] uvicorn.asgi: 127.0.0.1:61876 - ASGI [44] Send {'type': 'http.response.start', 'status': 422, 'headers': '<...>'}
2026-04-20 12:39:37,385 [INFO] uvicorn.access: 127.0.0.1:61876 - "POST /celsius-to-fahrenheit HTTP/1.1" 422
2026-04-20 12:39:37,385 [TRACE] uvicorn.asgi: 127.0.0.1:61876 - ASGI [44] Send {'type': 'http.response.body', 'body': '<93 bytes>'}
2026-04-20 12:39:37,385 [TRACE] uvicorn.asgi: 127.0.0.1:61876 - ASGI [44] Completed
2026-04-20 12:39:37,386 [TRACE] uvicorn.error: 127.0.0.1:61876 - HTTP connection lost
2026-04-20 12:39:37,805 [TRACE] uvicorn.asgi: ::1:59973 - ASGI [15] Send {'type': 'http.response.body', 'body': '<45 bytes>', 'more_body': True}
2026-04-20 12:39:41,808 [TRACE] uvicorn.asgi: ::1:63235 - ASGI [25] Send {'type': 'http.response.body', 'body': '<45 bytes>', 'more_body': True}
2026-04-20 12:39:52,802 [TRACE] uvicorn.asgi: ::1:59973 - ASGI [15] Send {'type': 'http.response.body', 'body': '<45 bytes>', 'more_body': True}
2026-04-20 12:39:56,813 [TRACE] uvicorn.asgi: ::1:63235 - ASGI [25] Send {'type': 'http.response.body', 'body': '<45 bytes>', 'more_body': True}
2026-04-20 12:40:07,818 [TRACE] uvicorn.asgi: ::1:59973 - ASGI [15] Send {'type': 'http.response.body', 'body': '<45 bytes>', 'more_body': True}
2026-04-20 12:40:11,818 [TRACE] uvicorn.asgi: ::1:63235 - ASGI [25] Send {'type': 'http.response.body', 'body': '<45 bytes>', 'more_body': True}
2026-04-20 12:40:22,846 [TRACE] uvicorn.asgi: ::1:59973 - ASGI [15] Send {'type': 'http.response.body', 'body': '<45 bytes>', 'more_body': True}
2026-04-20 12:40:26,820 [TRACE] uvicorn.asgi: ::1:63235 - ASGI [25] Send {'type': 'http.response.body', 'body': '<45 bytes>', 'more_body': True}
2026-04-20 12:40:37,847 [TRACE] uvicorn.asgi: ::1:59973 - ASGI [15] Send {'type': 'http.response.body', 'body': '<45 bytes>', 'more_body': True}
2026-04-20 12:40:41,814 [TRACE] uvicorn.asgi: ::1:63235 - ASGI [25] Send {'type': 'http.response.body', 'body': '<45 bytes>', 'more_body': True}
2026-04-20 12:40:48,310 [TRACE] uvicorn.error: 127.0.0.1:53221 - HTTP connection made
2026-04-20 12:40:48,311 [TRACE] uvicorn.asgi: 127.0.0.1:53221 - ASGI [45] Started scope={'type': 'http', 'asgi': {'version': '3.0', 'spec_version': '2.3'}, 'http_version': '1.1', 'server': ('127.0.0.1', 8003), 'client': ('127.0.0.1', 53221), 'scheme': 'http', 'method': 'POST', 'root_path': '', 'path': '/celsius-to-fahrenheit', 'raw_path': b'/celsius-to-fahrenheit', 'query_string': b'', 'headers': '<...>', 'state': {}}
2026-04-20 12:40:48,311 [TRACE] uvicorn.asgi: 127.0.0.1:53221 - ASGI [45] Send {'type': 'http.response.start', 'status': 422, 'headers': '<...>'}
2026-04-20 12:40:48,311 [INFO] uvicorn.access: 127.0.0.1:53221 - "POST /celsius-to-fahrenheit HTTP/1.1" 422
2026-04-20 12:40:48,311 [TRACE] uvicorn.asgi: 127.0.0.1:53221 - ASGI [45] Send {'type': 'http.response.body', 'body': '<93 bytes>'}
2026-04-20 12:40:48,312 [TRACE] uvicorn.asgi: 127.0.0.1:53221 - ASGI [45] Completed
2026-04-20 12:40:48,312 [TRACE] uvicorn.error: 127.0.0.1:53221 - HTTP connection lost
2026-04-20 12:40:52,863 [TRACE] uvicorn.asgi: ::1:59973 - ASGI [15] Send {'type': 'http.response.body', 'body': '<45 bytes>', 'more_body': True}
2026-04-20 12:40:56,832 [TRACE] uvicorn.asgi: ::1:63235 - ASGI [25] Send {'type': 'http.response.body', 'body': '<45 bytes>', 'more_body': True}
2026-04-20 12:40:59,281 [TRACE] uvicorn.error: 127.0.0.1:53223 - HTTP connection made
2026-04-20 12:40:59,303 [TRACE] uvicorn.asgi: 127.0.0.1:53223 - ASGI [46] Started scope={'type': 'http', 'asgi': {'version': '3.0', 'spec_version': '2.3'}, 'http_version': '1.1', 'server': ('127.0.0.1', 8003), 'client': ('127.0.0.1', 53223), 'scheme': 'http', 'method': 'POST', 'root_path': '', 'path': '/celsius-to-fahrenheit', 'raw_path': b'/celsius-to-fahrenheit', 'query_string': b'', 'headers': '<...>', 'state': {}}
2026-04-20 12:40:59,304 [TRACE] uvicorn.asgi: 127.0.0.1:53223 - ASGI [46] Send {'type': 'http.response.start', 'status': 422, 'headers': '<...>'}
2026-04-20 12:40:59,304 [INFO] uvicorn.access: 127.0.0.1:53223 - "POST /celsius-to-fahrenheit HTTP/1.1" 422
2026-04-20 12:40:59,304 [TRACE] uvicorn.asgi: 127.0.0.1:53223 - ASGI [46] Send {'type': 'http.response.body', 'body': '<93 bytes>'}
2026-04-20 12:40:59,304 [TRACE] uvicorn.asgi: 127.0.0.1:53223 - ASGI [46] Completed
2026-04-20 12:40:59,305 [TRACE] uvicorn.error: 127.0.0.1:53223 - HTTP connection lost
2026-04-20 12:41:07,861 [TRACE] uvicorn.asgi: ::1:59973 - ASGI [15] Send {'type': 'http.response.body', 'body': '<45 bytes>', 'more_body': True}
2026-04-20 12:41:11,842 [TRACE] uvicorn.asgi: ::1:63235 - ASGI [25] Send {'type': 'http.response.body', 'body': '<45 bytes>', 'more_body': True}
2026-04-20 12:41:17,013 [TRACE] uvicorn.error: 127.0.0.1:53224 - HTTP connection made
2026-04-20 12:41:17,038 [TRACE] uvicorn.asgi: 127.0.0.1:53224 - ASGI [47] Started scope={'type': 'http', 'asgi': {'version': '3.0', 'spec_version': '2.3'}, 'http_version': '1.1', 'server': ('127.0.0.1', 8003), 'client': ('127.0.0.1', 53224), 'scheme': 'http', 'method': 'POST', 'root_path': '', 'path': '/celsius-to-fahrenheit', 'raw_path': b'/celsius-to-fahrenheit', 'query_string': b'celsius=25', 'headers': '<...>', 'state': {}}
2026-04-20 12:41:17,039 [TRACE] uvicorn.asgi: 127.0.0.1:53224 - ASGI [47] Send {'type': 'http.response.start', 'status': 200, 'headers': '<...>'}
2026-04-20 12:41:17,039 [INFO] uvicorn.access: 127.0.0.1:53224 - "POST /celsius-to-fahrenheit?celsius=25 HTTP/1.1" 200
2026-04-20 12:41:17,039 [TRACE] uvicorn.asgi: 127.0.0.1:53224 - ASGI [47] Send {'type': 'http.response.body', 'body': '<51 bytes>'}
2026-04-20 12:41:17,040 [TRACE] uvicorn.asgi: 127.0.0.1:53224 - ASGI [47] Completed
2026-04-20 12:41:17,040 [TRACE] uvicorn.error: 127.0.0.1:53224 - HTTP connection lost
2026-04-20 12:41:22,859 [TRACE] uvicorn.asgi: ::1:59973 - ASGI [15] Send {'type': 'http.response.body', 'body': '<45 bytes>', 'more_body': True}
2026-04-20 12:41:26,848 [TRACE] uvicorn.asgi: ::1:63235 - ASGI [25] Send {'type': 'http.response.body', 'body': '<45 bytes>', 'more_body': True}
2026-04-20 12:41:37,845 [TRACE] uvicorn.asgi: ::1:59973 - ASGI [15] Send {'type': 'http.response.body', 'body': '<45 bytes>', 'more_body': True}
2026-04-20 12:41:41,492 [TRACE] uvicorn.error: 127.0.0.1:65510 - HTTP connection made
2026-04-20 12:41:41,516 [TRACE] uvicorn.asgi: 127.0.0.1:65510 - ASGI [48] Started scope={'type': 'http', 'asgi': {'version': '3.0', 'spec_version': '2.3'}, 'http_version': '1.1', 'server': ('127.0.0.1', 8003), 'client': ('127.0.0.1', 65510), 'scheme': 'http', 'method': 'POST', 'root_path': '', 'path': '/miles-to-kilometers', 'raw_path': b'/miles-to-kilometers', 'query_string': b'', 'headers': '<...>', 'state': {}}
2026-04-20 12:41:41,517 [TRACE] uvicorn.asgi: 127.0.0.1:65510 - ASGI [48] Receive {'type': 'http.request', 'body': '<14 bytes>', 'more_body': False}
2026-04-20 12:41:41,518 [TRACE] uvicorn.asgi: 127.0.0.1:65510 - ASGI [48] Send {'type': 'http.response.start', 'status': 403, 'headers': '<...>'}
2026-04-20 12:41:41,518 [INFO] uvicorn.access: 127.0.0.1:65510 - "POST /miles-to-kilometers HTTP/1.1" 403
2026-04-20 12:41:41,518 [TRACE] uvicorn.asgi: 127.0.0.1:65510 - ASGI [48] Send {'type': 'http.response.body', 'body': '<117 bytes>'}
2026-04-20 12:41:41,518 [TRACE] uvicorn.asgi: 127.0.0.1:65510 - ASGI [48] Completed
2026-04-20 12:41:41,519 [TRACE] uvicorn.error: 127.0.0.1:65510 - HTTP connection lost
2026-04-20 12:41:41,855 [TRACE] uvicorn.asgi: ::1:63235 - ASGI [25] Send {'type': 'http.response.body', 'body': '<45 bytes>', 'more_body': True}
2026-04-20 12:41:52,862 [TRACE] uvicorn.asgi: ::1:59973 - ASGI [15] Send {'type': 'http.response.body', 'body': '<45 bytes>', 'more_body': True}
2026-04-20 12:41:56,858 [TRACE] uvicorn.asgi: ::1:63235 - ASGI [25] Send {'type': 'http.response.body', 'body': '<45 bytes>', 'more_body': True}
2026-04-20 12:42:07,856 [TRACE] uvicorn.asgi: ::1:59973 - ASGI [15] Send {'type': 'http.response.body', 'body': '<45 bytes>', 'more_body': True}
2026-04-20 12:42:11,857 [TRACE] uvicorn.asgi: ::1:63235 - ASGI [25] Send {'type': 'http.response.body', 'body': '<45 bytes>', 'more_body': True}
2026-04-20 12:42:22,862 [TRACE] uvicorn.asgi: ::1:59973 - ASGI [15] Send {'type': 'http.response.body', 'body': '<45 bytes>', 'more_body': True}
2026-04-20 12:42:26,836 [TRACE] uvicorn.asgi: ::1:63235 - ASGI [25] Send {'type': 'http.response.body', 'body': '<45 bytes>', 'more_body': True}
2026-04-20 12:42:37,878 [TRACE] uvicorn.asgi: ::1:59973 - ASGI [15] Send {'type': 'http.response.body', 'body': '<45 bytes>', 'more_body': True}
2026-04-20 12:42:41,838 [TRACE] uvicorn.asgi: ::1:63235 - ASGI [25] Send {'type': 'http.response.body', 'body': '<45 bytes>', 'more_body': True}
2026-04-20 12:42:52,876 [TRACE] uvicorn.asgi: ::1:59973 - ASGI [15] Send {'type': 'http.response.body', 'body': '<45 bytes>', 'more_body': True}
2026-04-20 12:42:56,856 [TRACE] uvicorn.asgi: ::1:63235 - ASGI [25] Send {'type': 'http.response.body', 'body': '<45 bytes>', 'more_body': True}
2026-04-20 12:43:07,888 [TRACE] uvicorn.asgi: ::1:59973 - ASGI [15] Send {'type': 'http.response.body', 'body': '<45 bytes>', 'more_body': True}
2026-04-20 12:43:11,869 [TRACE] uvicorn.asgi: ::1:63235 - ASGI [25] Send {'type': 'http.response.body', 'body': '<45 bytes>', 'more_body': True}
2026-04-20 12:43:22,907 [TRACE] uvicorn.asgi: ::1:59973 - ASGI [15] Send {'type': 'http.response.body', 'body': '<45 bytes>', 'more_body': True}
2026-04-20 12:43:26,872 [TRACE] uvicorn.asgi: ::1:63235 - ASGI [25] Send {'type': 'http.response.body', 'body': '<45 bytes>', 'more_body': True}
2026-04-20 12:43:37,913 [TRACE] uvicorn.asgi: ::1:59973 - ASGI [15] Send {'type': 'http.response.body', 'body': '<45 bytes>', 'more_body': True}
2026-04-20 12:43:41,873 [TRACE] uvicorn.asgi: ::1:63235 - ASGI [25] Send {'type': 'http.response.body', 'body': '<45 bytes>', 'more_body': True}
2026-04-20 12:43:52,939 [TRACE] uvicorn.asgi: ::1:59973 - ASGI [15] Send {'type': 'http.response.body', 'body': '<45 bytes>', 'more_body': True}
2026-04-20 12:43:56,883 [TRACE] uvicorn.asgi: ::1:63235 - ASGI [25] Send {'type': 'http.response.body', 'body': '<45 bytes>', 'more_body': True}
2026-04-20 12:44:07,945 [TRACE] uvicorn.asgi: ::1:59973 - ASGI [15] Send {'type': 'http.response.body', 'body': '<45 bytes>', 'more_body': True}
2026-04-20 12:44:11,904 [TRACE] uvicorn.asgi: ::1:63235 - ASGI [25] Send {'type': 'http.response.body', 'body': '<45 bytes>', 'more_body': True}
2026-04-20 12:44:22,937 [TRACE] uvicorn.asgi: ::1:59973 - ASGI [15] Send {'type': 'http.response.body', 'body': '<45 bytes>', 'more_body': True}
2026-04-20 12:44:26,923 [TRACE] uvicorn.asgi: ::1:63235 - ASGI [25] Send {'type': 'http.response.body', 'body': '<45 bytes>', 'more_body': True}
2026-04-20 12:44:37,941 [TRACE] uvicorn.asgi: ::1:59973 - ASGI [15] Send {'type': 'http.response.body', 'body': '<45 bytes>', 'more_body': True}
2026-04-20 12:44:41,931 [TRACE] uvicorn.asgi: ::1:63235 - ASGI [25] Send {'type': 'http.response.body', 'body': '<45 bytes>', 'more_body': True}
2026-04-20 12:44:52,950 [TRACE] uvicorn.asgi: ::1:59973 - ASGI [15] Send {'type': 'http.response.body', 'body': '<45 bytes>', 'more_body': True}
2026-04-20 12:44:56,937 [TRACE] uvicorn.asgi: ::1:63235 - ASGI [25] Send {'type': 'http.response.body', 'body': '<45 bytes>', 'more_body': True}
2026-04-20 12:45:07,955 [TRACE] uvicorn.asgi: ::1:59973 - ASGI [15] Send {'type': 'http.response.body', 'body': '<45 bytes>', 'more_body': True}
2026-04-20 12:45:11,952 [TRACE] uvicorn.asgi: ::1:63235 - ASGI [25] Send {'type': 'http.response.body', 'body': '<45 bytes>', 'more_body': True}
2026-04-20 12:45:22,930 [TRACE] uvicorn.asgi: ::1:59973 - ASGI [15] Send {'type': 'http.response.body', 'body': '<45 bytes>', 'more_body': True}
2026-04-20 12:45:26,937 [TRACE] uvicorn.asgi: ::1:63235 - ASGI [25] Send {'type': 'http.response.body', 'body': '<45 bytes>', 'more_body': True}
2026-04-20 12:45:37,931 [TRACE] uvicorn.asgi: ::1:59973 - ASGI [15] Send {'type': 'http.response.body', 'body': '<45 bytes>', 'more_body': True}
2026-04-20 12:45:41,952 [TRACE] uvicorn.asgi: ::1:63235 - ASGI [25] Send {'type': 'http.response.body', 'body': '<45 bytes>', 'more_body': True}
2026-04-20 12:45:52,943 [TRACE] uvicorn.asgi: ::1:59973 - ASGI [15] Send {'type': 'http.response.body', 'body': '<45 bytes>', 'more_body': True}
2026-04-20 12:45:56,966 [TRACE] uvicorn.asgi: ::1:63235 - ASGI [25] Send {'type': 'http.response.body', 'body': '<45 bytes>', 'more_body': True}
2026-04-20 12:46:07,969 [TRACE] uvicorn.asgi: ::1:59973 - ASGI [15] Send {'type': 'http.response.body', 'body': '<45 bytes>', 'more_body': True}
2026-04-20 12:46:11,976 [TRACE] uvicorn.asgi: ::1:63235 - ASGI [25] Send {'type': 'http.response.body', 'body': '<45 bytes>', 'more_body': True}
2026-04-20 12:46:22,967 [TRACE] uvicorn.asgi: ::1:59973 - ASGI [15] Send {'type': 'http.response.body', 'body': '<45 bytes>', 'more_body': True}
2026-04-20 12:46:26,965 [TRACE] uvicorn.asgi: ::1:63235 - ASGI [25] Send {'type': 'http.response.body', 'body': '<45 bytes>', 'more_body': True}
2026-04-20 12:46:37,986 [TRACE] uvicorn.asgi: ::1:59973 - ASGI [15] Send {'type': 'http.response.body', 'body': '<45 bytes>', 'more_body': True}
2026-04-20 12:46:41,983 [TRACE] uvicorn.asgi: ::1:63235 - ASGI [25] Send {'type': 'http.response.body', 'body': '<45 bytes>', 'more_body': True}
2026-04-20 12:46:52,975 [TRACE] uvicorn.asgi: ::1:59973 - ASGI [15] Send {'type': 'http.response.body', 'body': '<45 bytes>', 'more_body': True}
2026-04-20 12:46:56,970 [TRACE] uvicorn.asgi: ::1:63235 - ASGI [25] Send {'type': 'http.response.body', 'body': '<45 bytes>', 'more_body': True}
2026-04-20 12:47:07,990 [TRACE] uvicorn.asgi: ::1:59973 - ASGI [15] Send {'type': 'http.response.body', 'body': '<45 bytes>', 'more_body': True}
2026-04-20 12:47:11,987 [TRACE] uvicorn.asgi: ::1:63235 - ASGI [25] Send {'type': 'http.response.body', 'body': '<45 bytes>', 'more_body': True}
2026-04-20 12:47:23,009 [TRACE] uvicorn.asgi: ::1:59973 - ASGI [15] Send {'type': 'http.response.body', 'body': '<45 bytes>', 'more_body': True}
2026-04-20 12:47:26,995 [TRACE] uvicorn.asgi: ::1:63235 - ASGI [25] Send {'type': 'http.response.body', 'body': '<45 bytes>', 'more_body': True}
2026-04-20 12:47:38,028 [TRACE] uvicorn.asgi: ::1:59973 - ASGI [15] Send {'type': 'http.response.body', 'body': '<45 bytes>', 'more_body': True}
2026-04-20 12:47:41,992 [TRACE] uvicorn.asgi: ::1:63235 - ASGI [25] Send {'type': 'http.response.body', 'body': '<45 bytes>', 'more_body': True}
2026-04-20 12:47:53,021 [TRACE] uvicorn.asgi: ::1:59973 - ASGI [15] Send {'type': 'http.response.body', 'body': '<45 bytes>', 'more_body': True}
2026-04-20 12:47:57,009 [TRACE] uvicorn.asgi: ::1:63235 - ASGI [25] Send {'type': 'http.response.body', 'body': '<45 bytes>', 'more_body': True}
2026-04-20 12:48:08,043 [TRACE] uvicorn.asgi: ::1:59973 - ASGI [15] Send {'type': 'http.response.body', 'body': '<45 bytes>', 'more_body': True}
2026-04-20 12:48:12,022 [TRACE] uvicorn.asgi: ::1:63235 - ASGI [25] Send {'type': 'http.response.body', 'body': '<45 bytes>', 'more_body': True}
2026-04-20 12:48:23,049 [TRACE] uvicorn.asgi: ::1:59973 - ASGI [15] Send {'type': 'http.response.body', 'body': '<45 bytes>', 'more_body': True}
2026-04-20 12:48:27,013 [TRACE] uvicorn.asgi: ::1:63235 - ASGI [25] Send {'type': 'http.response.body', 'body': '<45 bytes>', 'more_body': True}
2026-04-20 12:48:38,054 [TRACE] uvicorn.asgi: ::1:59973 - ASGI [15] Send {'type': 'http.response.body', 'body': '<45 bytes>', 'more_body': True}
2026-04-20 12:48:42,019 [TRACE] uvicorn.asgi: ::1:63235 - ASGI [25] Send {'type': 'http.response.body', 'body': '<45 bytes>', 'more_body': True}
2026-04-20 12:48:53,057 [TRACE] uvicorn.asgi: ::1:59973 - ASGI [15] Send {'type': 'http.response.body', 'body': '<45 bytes>', 'more_body': True}
2026-04-20 12:48:57,015 [TRACE] uvicorn.asgi: ::1:63235 - ASGI [25] Send {'type': 'http.response.body', 'body': '<45 bytes>', 'more_body': True}
2026-04-20 12:49:08,072 [TRACE] uvicorn.asgi: ::1:59973 - ASGI [15] Send {'type': 'http.response.body', 'body': '<45 bytes>', 'more_body': True}
2026-04-20 12:49:12,022 [TRACE] uvicorn.asgi: ::1:63235 - ASGI [25] Send {'type': 'http.response.body', 'body': '<45 bytes>', 'more_body': True}
2026-04-20 12:49:23,055 [TRACE] uvicorn.asgi: ::1:59973 - ASGI [15] Send {'type': 'http.response.body', 'body': '<45 bytes>', 'more_body': True}
2026-04-20 12:49:27,038 [TRACE] uvicorn.asgi: ::1:63235 - ASGI [25] Send {'type': 'http.response.body', 'body': '<45 bytes>', 'more_body': True}
2026-04-20 12:49:38,061 [TRACE] uvicorn.asgi: ::1:59973 - ASGI [15] Send {'type': 'http.response.body', 'body': '<45 bytes>', 'more_body': True}
2026-04-20 12:49:42,063 [TRACE] uvicorn.asgi: ::1:63235 - ASGI [25] Send {'type': 'http.response.body', 'body': '<45 bytes>', 'more_body': True}
2026-04-20 12:49:53,070 [TRACE] uvicorn.asgi: ::1:59973 - ASGI [15] Send {'type': 'http.response.body', 'body': '<45 bytes>', 'more_body': True}
2026-04-20 12:49:57,072 [TRACE] uvicorn.asgi: ::1:63235 - ASGI [25] Send {'type': 'http.response.body', 'body': '<45 bytes>', 'more_body': True}
2026-04-20 12:50:08,090 [TRACE] uvicorn.asgi: ::1:59973 - ASGI [15] Send {'type': 'http.response.body', 'body': '<45 bytes>', 'more_body': True}
2026-04-20 12:50:12,079 [TRACE] uvicorn.asgi: ::1:63235 - ASGI [25] Send {'type': 'http.response.body', 'body': '<45 bytes>', 'more_body': True}
2026-04-20 12:50:23,111 [TRACE] uvicorn.asgi: ::1:59973 - ASGI [15] Send {'type': 'http.response.body', 'body': '<45 bytes>', 'more_body': True}
2026-04-20 12:50:27,089 [TRACE] uvicorn.asgi: ::1:63235 - ASGI [25] Send {'type': 'http.response.body', 'body': '<45 bytes>', 'more_body': True}
2026-04-20 12:50:38,103 [TRACE] uvicorn.asgi: ::1:59973 - ASGI [15] Send {'type': 'http.response.body', 'body': '<45 bytes>', 'more_body': True}
2026-04-20 12:50:42,110 [TRACE] uvicorn.asgi: ::1:63235 - ASGI [25] Send {'type': 'http.response.body', 'body': '<45 bytes>', 'more_body': True}
2026-04-20 12:50:53,116 [TRACE] uvicorn.asgi: ::1:59973 - ASGI [15] Send {'type': 'http.response.body', 'body': '<45 bytes>', 'more_body': True}
2026-04-20 12:50:57,127 [TRACE] uvicorn.asgi: ::1:63235 - ASGI [25] Send {'type': 'http.response.body', 'body': '<45 bytes>', 'more_body': True}
2026-04-20 12:51:08,129 [TRACE] uvicorn.asgi: ::1:59973 - ASGI [15] Send {'type': 'http.response.body', 'body': '<45 bytes>', 'more_body': True}
2026-04-20 12:51:12,134 [TRACE] uvicorn.asgi: ::1:63235 - ASGI [25] Send {'type': 'http.response.body', 'body': '<45 bytes>', 'more_body': True}
2026-04-20 12:51:23,145 [TRACE] uvicorn.asgi: ::1:59973 - ASGI [15] Send {'type': 'http.response.body', 'body': '<45 bytes>', 'more_body': True}
2026-04-20 12:51:27,137 [TRACE] uvicorn.asgi: ::1:63235 - ASGI [25] Send {'type': 'http.response.body', 'body': '<45 bytes>', 'more_body': True}
2026-04-20 12:51:38,155 [TRACE] uvicorn.asgi: ::1:59973 - ASGI [15] Send {'type': 'http.response.body', 'body': '<45 bytes>', 'more_body': True}
2026-04-20 12:51:42,155 [TRACE] uvicorn.asgi: ::1:63235 - ASGI [25] Send {'type': 'http.response.body', 'body': '<45 bytes>', 'more_body': True}
2026-04-20 12:51:53,134 [TRACE] uvicorn.asgi: ::1:59973 - ASGI [15] Send {'type': 'http.response.body', 'body': '<45 bytes>', 'more_body': True}
2026-04-20 12:51:57,146 [TRACE] uvicorn.asgi: ::1:63235 - ASGI [25] Send {'type': 'http.response.body', 'body': '<45 bytes>', 'more_body': True}
2026-04-20 12:52:08,152 [TRACE] uvicorn.asgi: ::1:59973 - ASGI [15] Send {'type': 'http.response.body', 'body': '<45 bytes>', 'more_body': True}
2026-04-20 12:52:12,140 [TRACE] uvicorn.asgi: ::1:63235 - ASGI [25] Send {'type': 'http.response.body', 'body': '<45 bytes>', 'more_body': True}
2026-04-20 12:52:23,174 [TRACE] uvicorn.asgi: ::1:59973 - ASGI [15] Send {'type': 'http.response.body', 'body': '<45 bytes>', 'more_body': True}
2026-04-20 12:52:27,146 [TRACE] uvicorn.asgi: ::1:63235 - ASGI [25] Send {'type': 'http.response.body', 'body': '<45 bytes>', 'more_body': True}
2026-04-20 12:52:38,176 [TRACE] uvicorn.asgi: ::1:59973 - ASGI [15] Send {'type': 'http.response.body', 'body': '<45 bytes>', 'more_body': True}
2026-04-20 12:52:42,162 [TRACE] uvicorn.asgi: ::1:63235 - ASGI [25] Send {'type': 'http.response.body', 'body': '<45 bytes>', 'more_body': True}
2026-04-20 12:52:53,208 [TRACE] uvicorn.asgi: ::1:59973 - ASGI [15] Send {'type': 'http.response.body', 'body': '<45 bytes>', 'more_body': True}
2026-04-20 12:52:57,182 [TRACE] uvicorn.asgi: ::1:63235 - ASGI [25] Send {'type': 'http.response.body', 'body': '<45 bytes>', 'more_body': True}
2026-04-20 12:53:08,223 [TRACE] uvicorn.asgi: ::1:59973 - ASGI [15] Send {'type': 'http.response.body', 'body': '<45 bytes>', 'more_body': True}
2026-04-20 12:53:12,203 [TRACE] uvicorn.asgi: ::1:63235 - ASGI [25] Send {'type': 'http.response.body', 'body': '<45 bytes>', 'more_body': True}
2026-04-20 12:53:23,210 [TRACE] uvicorn.asgi: ::1:59973 - ASGI [15] Send {'type': 'http.response.body', 'body': '<45 bytes>', 'more_body': True}
2026-04-20 12:53:27,212 [TRACE] uvicorn.asgi: ::1:63235 - ASGI [25] Send {'type': 'http.response.body', 'body': '<45 bytes>', 'more_body': True}
2026-04-20 12:53:38,228 [TRACE] uvicorn.asgi: ::1:59973 - ASGI [15] Send {'type': 'http.response.body', 'body': '<45 bytes>', 'more_body': True}
2026-04-20 12:53:42,238 [TRACE] uvicorn.asgi: ::1:63235 - ASGI [25] Send {'type': 'http.response.body', 'body': '<45 bytes>', 'more_body': True}
2026-04-20 12:53:53,228 [TRACE] uvicorn.asgi: ::1:59973 - ASGI [15] Send {'type': 'http.response.body', 'body': '<45 bytes>', 'more_body': True}
2026-04-20 12:53:57,233 [TRACE] uvicorn.asgi: ::1:63235 - ASGI [25] Send {'type': 'http.response.body', 'body': '<45 bytes>', 'more_body': True}
2026-04-20 12:54:08,248 [TRACE] uvicorn.asgi: ::1:59973 - ASGI [15] Send {'type': 'http.response.body', 'body': '<45 bytes>', 'more_body': True}
2026-04-20 12:54:12,245 [TRACE] uvicorn.asgi: ::1:63235 - ASGI [25] Send {'type': 'http.response.body', 'body': '<45 bytes>', 'more_body': True}
2026-04-20 12:54:23,263 [TRACE] uvicorn.asgi: ::1:59973 - ASGI [15] Send {'type': 'http.response.body', 'body': '<45 bytes>', 'more_body': True}
2026-04-20 12:54:27,260 [TRACE] uvicorn.asgi: ::1:63235 - ASGI [25] Send {'type': 'http.response.body', 'body': '<45 bytes>', 'more_body': True}
2026-04-20 12:54:38,261 [TRACE] uvicorn.asgi: ::1:59973 - ASGI [15] Send {'type': 'http.response.body', 'body': '<45 bytes>', 'more_body': True}
2026-04-20 12:54:42,283 [TRACE] uvicorn.asgi: ::1:63235 - ASGI [25] Send {'type': 'http.response.body', 'body': '<45 bytes>', 'more_body': True}
2026-04-20 12:54:53,269 [TRACE] uvicorn.asgi: ::1:59973 - ASGI [15] Send {'type': 'http.response.body', 'body': '<45 bytes>', 'more_body': True}
2026-04-20 12:54:57,276 [TRACE] uvicorn.asgi: ::1:63235 - ASGI [25] Send {'type': 'http.response.body', 'body': '<45 bytes>', 'more_body': True}
2026-04-20 12:55:08,290 [TRACE] uvicorn.asgi: ::1:59973 - ASGI [15] Send {'type': 'http.response.body', 'body': '<45 bytes>', 'more_body': True}
2026-04-20 12:55:12,285 [TRACE] uvicorn.asgi: ::1:63235 - ASGI [25] Send {'type': 'http.response.body', 'body': '<45 bytes>', 'more_body': True}
2026-04-20 12:55:23,302 [TRACE] uvicorn.asgi: ::1:59973 - ASGI [15] Send {'type': 'http.response.body', 'body': '<45 bytes>', 'more_body': True}
2026-04-20 12:55:27,284 [TRACE] uvicorn.asgi: ::1:63235 - ASGI [25] Send {'type': 'http.response.body', 'body': '<45 bytes>', 'more_body': True}
2026-04-20 12:55:38,327 [TRACE] uvicorn.asgi: ::1:59973 - ASGI [15] Send {'type': 'http.response.body', 'body': '<45 bytes>', 'more_body': True}
2026-04-20 12:55:42,272 [TRACE] uvicorn.asgi: ::1:63235 - ASGI [25] Send {'type': 'http.response.body', 'body': '<45 bytes>', 'more_body': True}
2026-04-20 12:55:53,312 [TRACE] uvicorn.asgi: ::1:59973 - ASGI [15] Send {'type': 'http.response.body', 'body': '<45 bytes>', 'more_body': True}
2026-04-20 12:55:57,263 [TRACE] uvicorn.asgi: ::1:63235 - ASGI [25] Send {'type': 'http.response.body', 'body': '<45 bytes>', 'more_body': True}
2026-04-20 12:56:08,315 [TRACE] uvicorn.asgi: ::1:59973 - ASGI [15] Send {'type': 'http.response.body', 'body': '<45 bytes>', 'more_body': True}
2026-04-20 12:56:12,281 [TRACE] uvicorn.asgi: ::1:63235 - ASGI [25] Send {'type': 'http.response.body', 'body': '<45 bytes>', 'more_body': True}
2026-04-20 12:56:23,318 [TRACE] uvicorn.asgi: ::1:59973 - ASGI [15] Send {'type': 'http.response.body', 'body': '<45 bytes>', 'more_body': True}
2026-04-20 12:56:27,272 [TRACE] uvicorn.asgi: ::1:63235 - ASGI [25] Send {'type': 'http.response.body', 'body': '<45 bytes>', 'more_body': True}
2026-04-20 12:56:38,332 [TRACE] uvicorn.asgi: ::1:59973 - ASGI [15] Send {'type': 'http.response.body', 'body': '<45 bytes>', 'more_body': True}
2026-04-20 12:56:42,278 [TRACE] uvicorn.asgi: ::1:63235 - ASGI [25] Send {'type': 'http.response.body', 'body': '<45 bytes>', 'more_body': True}
2026-04-20 12:56:53,341 [TRACE] uvicorn.asgi: ::1:59973 - ASGI [15] Send {'type': 'http.response.body', 'body': '<45 bytes>', 'more_body': True}
2026-04-20 12:56:57,264 [TRACE] uvicorn.asgi: ::1:63235 - ASGI [25] Send {'type': 'http.response.body', 'body': '<45 bytes>', 'more_body': True}
2026-04-20 12:57:08,347 [TRACE] uvicorn.asgi: ::1:59973 - ASGI [15] Send {'type': 'http.response.body', 'body': '<45 bytes>', 'more_body': True}
2026-04-20 12:57:12,272 [TRACE] uvicorn.asgi: ::1:63235 - ASGI [25] Send {'type': 'http.response.body', 'body': '<45 bytes>', 'more_body': True}
2026-04-20 12:57:23,369 [TRACE] uvicorn.asgi: ::1:59973 - ASGI [15] Send {'type': 'http.response.body', 'body': '<45 bytes>', 'more_body': True}
2026-04-20 12:57:27,285 [TRACE] uvicorn.asgi: ::1:63235 - ASGI [25] Send {'type': 'http.response.body', 'body': '<45 bytes>', 'more_body': True}
2026-04-20 12:57:38,387 [TRACE] uvicorn.asgi: ::1:59973 - ASGI [15] Send {'type': 'http.response.body', 'body': '<45 bytes>', 'more_body': True}
2026-04-20 12:57:42,315 [TRACE] uvicorn.asgi: ::1:63235 - ASGI [25] Send {'type': 'http.response.body', 'body': '<45 bytes>', 'more_body': True}
2026-04-20 12:57:53,396 [TRACE] uvicorn.asgi: ::1:59973 - ASGI [15] Send {'type': 'http.response.body', 'body': '<45 bytes>', 'more_body': True}
2026-04-20 12:57:57,323 [TRACE] uvicorn.asgi: ::1:63235 - ASGI [25] Send {'type': 'http.response.body', 'body': '<45 bytes>', 'more_body': True}
2026-04-20 12:58:08,401 [TRACE] uvicorn.asgi: ::1:59973 - ASGI [15] Send {'type': 'http.response.body', 'body': '<45 bytes>', 'more_body': True}
2026-04-20 12:58:12,314 [TRACE] uvicorn.asgi: ::1:63235 - ASGI [25] Send {'type': 'http.response.body', 'body': '<45 bytes>', 'more_body': True}
2026-04-20 12:58:23,420 [TRACE] uvicorn.asgi: ::1:59973 - ASGI [15] Send {'type': 'http.response.body', 'body': '<45 bytes>', 'more_body': True}
2026-04-20 12:58:27,319 [TRACE] uvicorn.asgi: ::1:63235 - ASGI [25] Send {'type': 'http.response.body', 'body': '<45 bytes>', 'more_body': True}
2026-04-20 12:58:38,427 [TRACE] uvicorn.asgi: ::1:59973 - ASGI [15] Send {'type': 'http.response.body', 'body': '<45 bytes>', 'more_body': True}
2026-04-20 12:58:42,326 [TRACE] uvicorn.asgi: ::1:63235 - ASGI [25] Send {'type': 'http.response.body', 'body': '<45 bytes>', 'more_body': True}
2026-04-20 12:58:53,450 [TRACE] uvicorn.asgi: ::1:59973 - ASGI [15] Send {'type': 'http.response.body', 'body': '<45 bytes>', 'more_body': True}
2026-04-20 12:58:57,330 [TRACE] uvicorn.asgi: ::1:63235 - ASGI [25] Send {'type': 'http.response.body', 'body': '<45 bytes>', 'more_body': True}
2026-04-20 12:59:08,456 [TRACE] uvicorn.asgi: ::1:59973 - ASGI [15] Send {'type': 'http.response.body', 'body': '<45 bytes>', 'more_body': True}
2026-04-20 12:59:12,346 [TRACE] uvicorn.asgi: ::1:63235 - ASGI [25] Send {'type': 'http.response.body', 'body': '<45 bytes>', 'more_body': True}
2026-04-20 12:59:23,461 [TRACE] uvicorn.asgi: ::1:59973 - ASGI [15] Send {'type': 'http.response.body', 'body': '<45 bytes>', 'more_body': True}
2026-04-20 12:59:27,362 [TRACE] uvicorn.asgi: ::1:63235 - ASGI [25] Send {'type': 'http.response.body', 'body': '<45 bytes>', 'more_body': True}
2026-04-20 12:59:38,474 [TRACE] uvicorn.asgi: ::1:59973 - ASGI [15] Send {'type': 'http.response.body', 'body': '<45 bytes>', 'more_body': True}
2026-04-20 12:59:42,357 [TRACE] uvicorn.asgi: ::1:63235 - ASGI [25] Send {'type': 'http.response.body', 'body': '<45 bytes>', 'more_body': True}
2026-04-20 12:59:53,502 [TRACE] uvicorn.asgi: ::1:59973 - ASGI [15] Send {'type': 'http.response.body', 'body': '<45 bytes>', 'more_body': True}
2026-04-20 12:59:57,360 [TRACE] uvicorn.asgi: ::1:63235 - ASGI [25] Send {'type': 'http.response.body', 'body': '<45 bytes>', 'more_body': True}
2026-04-20 13:00:08,506 [TRACE] uvicorn.asgi: ::1:59973 - ASGI [15] Send {'type': 'http.response.body', 'body': '<45 bytes>', 'more_body': True}
2026-04-20 13:00:12,362 [TRACE] uvicorn.asgi: ::1:63235 - ASGI [25] Send {'type': 'http.response.body', 'body': '<45 bytes>', 'more_body': True}
2026-04-20 13:00:23,531 [TRACE] uvicorn.asgi: ::1:59973 - ASGI [15] Send {'type': 'http.response.body', 'body': '<45 bytes>', 'more_body': True}
2026-04-20 13:00:27,347 [TRACE] uvicorn.asgi: ::1:63235 - ASGI [25] Send {'type': 'http.response.body', 'body': '<45 bytes>', 'more_body': True}
2026-04-20 13:00:38,528 [TRACE] uvicorn.asgi: ::1:59973 - ASGI [15] Send {'type': 'http.response.body', 'body': '<45 bytes>', 'more_body': True}
2026-04-20 13:00:42,354 [TRACE] uvicorn.asgi: ::1:63235 - ASGI [25] Send {'type': 'http.response.body', 'body': '<45 bytes>', 'more_body': True}
2026-04-20 13:00:53,523 [TRACE] uvicorn.asgi: ::1:59973 - ASGI [15] Send {'type': 'http.response.body', 'body': '<45 bytes>', 'more_body': True}
2026-04-20 13:00:57,361 [TRACE] uvicorn.asgi: ::1:63235 - ASGI [25] Send {'type': 'http.response.body', 'body': '<45 bytes>', 'more_body': True}
2026-04-20 13:01:01,106 [TRACE] uvicorn.error: 127.0.0.1:56225 - HTTP connection made
2026-04-20 13:01:01,106 [TRACE] uvicorn.asgi: 127.0.0.1:56225 - ASGI [49] Started scope={'type': 'http', 'asgi': {'version': '3.0', 'spec_version': '2.3'}, 'http_version': '1.1', 'server': ('127.0.0.1', 8003), 'client': ('127.0.0.1', 56225), 'scheme': 'http', 'method': 'POST', 'root_path': '', 'path': '/mcp/', 'raw_path': b'/mcp/', 'query_string': b'', 'headers': '<...>', 'state': {}}
2026-04-20 13:01:01,107 [TRACE] uvicorn.asgi: 127.0.0.1:56225 - ASGI [49] Receive {'type': 'http.request', 'body': '<214 bytes>', 'more_body': False}
2026-04-20 13:01:01,107 [TRACE] uvicorn.asgi: 127.0.0.1:56225 - ASGI [49] Send {'type': 'http.response.start', 'status': 200, 'headers': '<...>'}
2026-04-20 13:01:01,107 [INFO] uvicorn.access: 127.0.0.1:56225 - "POST /mcp/ HTTP/1.1" 200
2026-04-20 13:01:01,108 [INFO] mcp.server.lowlevel.server: Processing request of type GetPromptRequest
2026-04-20 13:01:01,109 [TRACE] uvicorn.asgi: 127.0.0.1:56225 - ASGI [49] Send {'type': 'http.response.body', 'body': '<759 bytes>', 'more_body': True}
2026-04-20 13:01:01,110 [TRACE] uvicorn.asgi: 127.0.0.1:56225 - ASGI [49] Send {'type': 'http.response.body', 'body': '<0 bytes>', 'more_body': False}
2026-04-20 13:01:01,110 [TRACE] uvicorn.asgi: 127.0.0.1:56225 - ASGI [49] Receive {'type': 'http.disconnect'}
2026-04-20 13:01:01,110 [TRACE] uvicorn.error: 127.0.0.1:56225 - HTTP connection lost
2026-04-20 13:01:01,110 [TRACE] uvicorn.asgi: 127.0.0.1:56225 - ASGI [49] Completed
2026-04-20 13:01:08,505 [TRACE] uvicorn.asgi: ::1:59973 - ASGI [15] Send {'type': 'http.response.body', 'body': '<45 bytes>', 'more_body': True}
2026-04-20 13:01:12,362 [TRACE] uvicorn.asgi: ::1:63235 - ASGI [25] Send {'type': 'http.response.body', 'body': '<45 bytes>', 'more_body': True}
2026-04-20 13:01:23,531 [TRACE] uvicorn.asgi: ::1:59973 - ASGI [15] Send {'type': 'http.response.body', 'body': '<45 bytes>', 'more_body': True}
2026-04-20 13:01:27,370 [TRACE] uvicorn.asgi: ::1:63235 - ASGI [25] Send {'type': 'http.response.body', 'body': '<45 bytes>', 'more_body': True}
2026-04-20 13:01:29,448 [TRACE] uvicorn.error: 127.0.0.1:56231 - HTTP connection made
2026-04-20 13:01:29,449 [TRACE] uvicorn.asgi: 127.0.0.1:56231 - ASGI [50] Started scope={'type': 'http', 'asgi': {'version': '3.0', 'spec_version': '2.3'}, 'http_version': '1.1', 'server': ('127.0.0.1', 8003), 'client': ('127.0.0.1', 56231), 'scheme': 'http', 'method': 'POST', 'root_path': '', 'path': '/mcp/', 'raw_path': b'/mcp/', 'query_string': b'', 'headers': '<...>', 'state': {}}
2026-04-20 13:01:29,449 [TRACE] uvicorn.asgi: 127.0.0.1:56231 - ASGI [50] Receive {'type': 'http.request', 'body': '<143 bytes>', 'more_body': False}
2026-04-20 13:01:29,450 [TRACE] uvicorn.asgi: 127.0.0.1:56231 - ASGI [50] Send {'type': 'http.response.start', 'status': 200, 'headers': '<...>'}
2026-04-20 13:01:29,450 [INFO] uvicorn.access: 127.0.0.1:56231 - "POST /mcp/ HTTP/1.1" 200
2026-04-20 13:01:29,450 [INFO] mcp.server.lowlevel.server: Processing request of type CallToolRequest
2026-04-20 13:01:29,453 [INFO] httpx: HTTP Request: POST http://fastapi/celsius-to-fahrenheit?celsius=25 "HTTP/1.1 200 OK"
2026-04-20 13:01:29,454 [TRACE] uvicorn.asgi: 127.0.0.1:56231 - ASGI [50] Send {'type': 'http.response.body', 'body': '<244 bytes>', 'more_body': True}
2026-04-20 13:01:29,454 [TRACE] uvicorn.asgi: 127.0.0.1:56231 - ASGI [50] Send {'type': 'http.response.body', 'body': '<0 bytes>', 'more_body': False}
2026-04-20 13:01:29,454 [TRACE] uvicorn.asgi: 127.0.0.1:56231 - ASGI [50] Receive {'type': 'http.disconnect'}
2026-04-20 13:01:29,455 [TRACE] uvicorn.error: 127.0.0.1:56231 - HTTP connection lost
2026-04-20 13:01:29,455 [TRACE] uvicorn.asgi: 127.0.0.1:56231 - ASGI [50] Completed
2026-04-20 13:01:38,520 [TRACE] uvicorn.asgi: ::1:59973 - ASGI [15] Send {'type': 'http.response.body', 'body': '<45 bytes>', 'more_body': True}
2026-04-20 13:01:42,378 [TRACE] uvicorn.asgi: ::1:63235 - ASGI [25] Send {'type': 'http.response.body', 'body': '<45 bytes>', 'more_body': True}
2026-04-20 13:01:52,508 [TRACE] uvicorn.error: 127.0.0.1:56237 - HTTP connection made
2026-04-20 13:01:52,508 [TRACE] uvicorn.asgi: 127.0.0.1:56237 - ASGI [51] Started scope={'type': 'http', 'asgi': {'version': '3.0', 'spec_version': '2.3'}, 'http_version': '1.1', 'server': ('127.0.0.1', 8003), 'client': ('127.0.0.1', 56237), 'scheme': 'http', 'method': 'POST', 'root_path': '', 'path': '/mcp/', 'raw_path': b'/mcp/', 'query_string': b'', 'headers': '<...>', 'state': {}}
2026-04-20 13:01:52,509 [TRACE] uvicorn.asgi: 127.0.0.1:56237 - ASGI [51] Receive {'type': 'http.request', 'body': '<142 bytes>', 'more_body': False}
2026-04-20 13:01:52,509 [TRACE] uvicorn.asgi: 127.0.0.1:56237 - ASGI [51] Send {'type': 'http.response.start', 'status': <HTTPStatus.BAD_REQUEST: 400>, 'headers': '<...>'}
2026-04-20 13:01:52,509 [INFO] uvicorn.access: 127.0.0.1:56237 - "POST /mcp/ HTTP/1.1" 400
2026-04-20 13:01:52,509 [TRACE] uvicorn.asgi: 127.0.0.1:56237 - ASGI [51] Send {'type': 'http.response.body', 'body': '<148 bytes>'}
2026-04-20 13:01:52,510 [TRACE] uvicorn.asgi: 127.0.0.1:56237 - ASGI [51] Completed
2026-04-20 13:01:52,510 [TRACE] uvicorn.error: 127.0.0.1:56237 - HTTP connection lost
2026-04-20 13:01:53,534 [TRACE] uvicorn.asgi: ::1:59973 - ASGI [15] Send {'type': 'http.response.body', 'body': '<45 bytes>', 'more_body': True}
2026-04-20 13:01:57,373 [TRACE] uvicorn.asgi: ::1:63235 - ASGI [25] Send {'type': 'http.response.body', 'body': '<45 bytes>', 'more_body': True}
2026-04-20 13:02:08,534 [TRACE] uvicorn.asgi: ::1:59973 - ASGI [15] Send {'type': 'http.response.body', 'body': '<45 bytes>', 'more_body': True}
2026-04-20 13:02:12,393 [TRACE] uvicorn.asgi: ::1:63235 - ASGI [25] Send {'type': 'http.response.body', 'body': '<45 bytes>', 'more_body': True}
2026-04-20 13:02:23,555 [TRACE] uvicorn.asgi: ::1:59973 - ASGI [15] Send {'type': 'http.response.body', 'body': '<45 bytes>', 'more_body': True}
2026-04-20 13:02:27,398 [TRACE] uvicorn.asgi: ::1:63235 - ASGI [25] Send {'type': 'http.response.body', 'body': '<45 bytes>', 'more_body': True}
2026-04-20 13:02:38,571 [TRACE] uvicorn.asgi: ::1:59973 - ASGI [15] Send {'type': 'http.response.body', 'body': '<45 bytes>', 'more_body': True}
2026-04-20 13:02:42,410 [TRACE] uvicorn.asgi: ::1:63235 - ASGI [25] Send {'type': 'http.response.body', 'body': '<45 bytes>', 'more_body': True}
2026-04-20 13:02:53,585 [TRACE] uvicorn.asgi: ::1:59973 - ASGI [15] Send {'type': 'http.response.body', 'body': '<45 bytes>', 'more_body': True}
2026-04-20 13:02:57,436 [TRACE] uvicorn.asgi: ::1:63235 - ASGI [25] Send {'type': 'http.response.body', 'body': '<45 bytes>', 'more_body': True}
2026-04-20 13:03:08,608 [TRACE] uvicorn.asgi: ::1:59973 - ASGI [15] Send {'type': 'http.response.body', 'body': '<45 bytes>', 'more_body': True}
2026-04-20 13:03:12,449 [TRACE] uvicorn.asgi: ::1:63235 - ASGI [25] Send {'type': 'http.response.body', 'body': '<45 bytes>', 'more_body': True}
2026-04-20 13:03:23,611 [TRACE] uvicorn.asgi: ::1:59973 - ASGI [15] Send {'type': 'http.response.body', 'body': '<45 bytes>', 'more_body': True}
2026-04-20 13:03:27,449 [TRACE] uvicorn.asgi: ::1:63235 - ASGI [25] Send {'type': 'http.response.body', 'body': '<45 bytes>', 'more_body': True}
2026-04-20 13:03:38,612 [TRACE] uvicorn.asgi: ::1:59973 - ASGI [15] Send {'type': 'http.response.body', 'body': '<45 bytes>', 'more_body': True}
2026-04-20 13:03:42,429 [TRACE] uvicorn.asgi: ::1:63235 - ASGI [25] Send {'type': 'http.response.body', 'body': '<45 bytes>', 'more_body': True}
2026-04-20 13:03:53,625 [TRACE] uvicorn.asgi: ::1:59973 - ASGI [15] Send {'type': 'http.response.body', 'body': '<45 bytes>', 'more_body': True}
2026-04-20 13:03:57,448 [TRACE] uvicorn.asgi: ::1:63235 - ASGI [25] Send {'type': 'http.response.body', 'body': '<45 bytes>', 'more_body': True}
2026-04-20 13:04:08,641 [TRACE] uvicorn.asgi: ::1:59973 - ASGI [15] Send {'type': 'http.response.body', 'body': '<45 bytes>', 'more_body': True}
2026-04-20 13:04:12,433 [TRACE] uvicorn.asgi: ::1:63235 - ASGI [25] Send {'type': 'http.response.body', 'body': '<45 bytes>', 'more_body': True}
2026-04-20 13:04:23,646 [TRACE] uvicorn.asgi: ::1:59973 - ASGI [15] Send {'type': 'http.response.body', 'body': '<45 bytes>', 'more_body': True}
2026-04-20 13:04:27,444 [TRACE] uvicorn.asgi: ::1:63235 - ASGI [25] Send {'type': 'http.response.body', 'body': '<45 bytes>', 'more_body': True}
2026-04-20 13:04:38,674 [TRACE] uvicorn.asgi: ::1:59973 - ASGI [15] Send {'type': 'http.response.body', 'body': '<45 bytes>', 'more_body': True}
2026-04-20 13:04:42,467 [TRACE] uvicorn.asgi: ::1:63235 - ASGI [25] Send {'type': 'http.response.body', 'body': '<45 bytes>', 'more_body': True}
2026-04-20 13:04:53,681 [TRACE] uvicorn.asgi: ::1:59973 - ASGI [15] Send {'type': 'http.response.body', 'body': '<45 bytes>', 'more_body': True}
2026-04-20 13:04:55,802 [TRACE] uvicorn.error: 127.0.0.1:54072 - HTTP connection made
2026-04-20 13:04:55,803 [TRACE] uvicorn.asgi: 127.0.0.1:54072 - ASGI [52] Started scope={'type': 'http', 'asgi': {'version': '3.0', 'spec_version': '2.3'}, 'http_version': '1.1', 'server': ('127.0.0.1', 8003), 'client': ('127.0.0.1', 54072), 'scheme': 'http', 'method': 'POST', 'root_path': '', 'path': '/mcp/', 'raw_path': b'/mcp/', 'query_string': b'', 'headers': '<...>', 'state': {}}
2026-04-20 13:04:55,803 [TRACE] uvicorn.asgi: 127.0.0.1:54072 - ASGI [52] Receive {'type': 'http.request', 'body': '<130 bytes>', 'more_body': False}
2026-04-20 13:04:55,804 [TRACE] uvicorn.asgi: 127.0.0.1:54072 - ASGI [52] Send {'type': 'http.response.start', 'status': 200, 'headers': '<...>'}
2026-04-20 13:04:55,804 [INFO] uvicorn.access: 127.0.0.1:54072 - "POST /mcp/ HTTP/1.1" 200
2026-04-20 13:04:55,805 [INFO] mcp.server.lowlevel.server: Processing request of type CallToolRequest
2026-04-20 13:04:55,806 [TRACE] uvicorn.asgi: 127.0.0.1:54072 - ASGI [52] Send {'type': 'http.response.body', 'body': '<165 bytes>', 'more_body': True}
2026-04-20 13:04:55,806 [TRACE] uvicorn.asgi: 127.0.0.1:54072 - ASGI [52] Send {'type': 'http.response.body', 'body': '<0 bytes>', 'more_body': False}
2026-04-20 13:04:55,806 [TRACE] uvicorn.asgi: 127.0.0.1:54072 - ASGI [52] Receive {'type': 'http.disconnect'}
2026-04-20 13:04:55,807 [TRACE] uvicorn.error: 127.0.0.1:54072 - HTTP connection lost
2026-04-20 13:04:55,807 [TRACE] uvicorn.asgi: 127.0.0.1:54072 - ASGI [52] Completed
2026-04-20 13:04:57,480 [TRACE] uvicorn.asgi: ::1:63235 - ASGI [25] Send {'type': 'http.response.body', 'body': '<45 bytes>', 'more_body': True}
2026-04-20 13:05:08,700 [TRACE] uvicorn.asgi: ::1:59973 - ASGI [15] Send {'type': 'http.response.body', 'body': '<45 bytes>', 'more_body': True}
2026-04-20 13:05:12,459 [TRACE] uvicorn.asgi: ::1:63235 - ASGI [25] Send {'type': 'http.response.body', 'body': '<45 bytes>', 'more_body': True}
2026-04-20 13:05:23,711 [TRACE] uvicorn.asgi: ::1:59973 - ASGI [15] Send {'type': 'http.response.body', 'body': '<45 bytes>', 'more_body': True}
2026-04-20 13:05:27,476 [TRACE] uvicorn.asgi: ::1:63235 - ASGI [25] Send {'type': 'http.response.body', 'body': '<45 bytes>', 'more_body': True}
2026-04-20 13:05:38,735 [TRACE] uvicorn.asgi: ::1:59973 - ASGI [15] Send {'type': 'http.response.body', 'body': '<45 bytes>', 'more_body': True}
2026-04-20 13:05:42,502 [TRACE] uvicorn.asgi: ::1:63235 - ASGI [25] Send {'type': 'http.response.body', 'body': '<45 bytes>', 'more_body': True}
2026-04-20 13:05:53,731 [TRACE] uvicorn.asgi: ::1:59973 - ASGI [15] Send {'type': 'http.response.body', 'body': '<45 bytes>', 'more_body': True}
2026-04-20 13:05:57,505 [TRACE] uvicorn.asgi: ::1:63235 - ASGI [25] Send {'type': 'http.response.body', 'body': '<45 bytes>', 'more_body': True}
2026-04-20 13:06:08,733 [TRACE] uvicorn.asgi: ::1:59973 - ASGI [15] Send {'type': 'http.response.body', 'body': '<45 bytes>', 'more_body': True}
2026-04-20 13:06:12,521 [TRACE] uvicorn.asgi: ::1:63235 - ASGI [25] Send {'type': 'http.response.body', 'body': '<45 bytes>', 'more_body': True}
2026-04-20 13:06:23,730 [TRACE] uvicorn.asgi: ::1:59973 - ASGI [15] Send {'type': 'http.response.body', 'body': '<45 bytes>', 'more_body': True}
2026-04-20 13:06:27,540 [TRACE] uvicorn.asgi: ::1:63235 - ASGI [25] Send {'type': 'http.response.body', 'body': '<45 bytes>', 'more_body': True}
2026-04-20 13:06:38,742 [TRACE] uvicorn.asgi: ::1:59973 - ASGI [15] Send {'type': 'http.response.body', 'body': '<45 bytes>', 'more_body': True}
2026-04-20 13:06:42,562 [TRACE] uvicorn.asgi: ::1:63235 - ASGI [25] Send {'type': 'http.response.body', 'body': '<45 bytes>', 'more_body': True}
2026-04-20 13:06:53,769 [TRACE] uvicorn.asgi: ::1:59973 - ASGI [15] Send {'type': 'http.response.body', 'body': '<45 bytes>', 'more_body': True}
2026-04-20 13:06:57,578 [TRACE] uvicorn.asgi: ::1:63235 - ASGI [25] Send {'type': 'http.response.body', 'body': '<45 bytes>', 'more_body': True}
2026-04-20 13:07:08,771 [TRACE] uvicorn.asgi: ::1:59973 - ASGI [15] Send {'type': 'http.response.body', 'body': '<45 bytes>', 'more_body': True}
2026-04-20 13:07:12,583 [TRACE] uvicorn.asgi: ::1:63235 - ASGI [25] Send {'type': 'http.response.body', 'body': '<45 bytes>', 'more_body': True}
2026-04-20 13:07:23,770 [TRACE] uvicorn.asgi: ::1:59973 - ASGI [15] Send {'type': 'http.response.body', 'body': '<45 bytes>', 'more_body': True}
2026-04-20 13:07:27,591 [TRACE] uvicorn.asgi: ::1:63235 - ASGI [25] Send {'type': 'http.response.body', 'body': '<45 bytes>', 'more_body': True}
2026-04-20 13:07:38,788 [TRACE] uvicorn.asgi: ::1:59973 - ASGI [15] Send {'type': 'http.response.body', 'body': '<45 bytes>', 'more_body': True}
2026-04-20 13:07:42,611 [TRACE] uvicorn.asgi: ::1:63235 - ASGI [25] Send {'type': 'http.response.body', 'body': '<45 bytes>', 'more_body': True}
2026-04-20 13:07:53,802 [TRACE] uvicorn.asgi: ::1:59973 - ASGI [15] Send {'type': 'http.response.body', 'body': '<45 bytes>', 'more_body': True}
2026-04-20 13:07:57,603 [TRACE] uvicorn.asgi: ::1:63235 - ASGI [25] Send {'type': 'http.response.body', 'body': '<45 bytes>', 'more_body': True}
2026-04-20 13:08:08,818 [TRACE] uvicorn.asgi: ::1:59973 - ASGI [15] Send {'type': 'http.response.body', 'body': '<45 bytes>', 'more_body': True}
2026-04-20 13:08:12,586 [TRACE] uvicorn.asgi: ::1:63235 - ASGI [25] Send {'type': 'http.response.body', 'body': '<45 bytes>', 'more_body': True}
2026-04-20 13:08:23,831 [TRACE] uvicorn.asgi: ::1:59973 - ASGI [15] Send {'type': 'http.response.body', 'body': '<45 bytes>', 'more_body': True}
2026-04-20 13:08:27,611 [TRACE] uvicorn.asgi: ::1:63235 - ASGI [25] Send {'type': 'http.response.body', 'body': '<45 bytes>', 'more_body': True}
2026-04-20 13:08:38,842 [TRACE] uvicorn.asgi: ::1:59973 - ASGI [15] Send {'type': 'http.response.body', 'body': '<45 bytes>', 'more_body': True}
2026-04-20 13:08:42,609 [TRACE] uvicorn.asgi: ::1:63235 - ASGI [25] Send {'type': 'http.response.body', 'body': '<45 bytes>', 'more_body': True}
2026-04-20 13:08:53,850 [TRACE] uvicorn.asgi: ::1:59973 - ASGI [15] Send {'type': 'http.response.body', 'body': '<45 bytes>', 'more_body': True}
2026-04-20 13:08:57,615 [TRACE] uvicorn.asgi: ::1:63235 - ASGI [25] Send {'type': 'http.response.body', 'body': '<45 bytes>', 'more_body': True}
2026-04-20 13:09:08,877 [TRACE] uvicorn.asgi: ::1:59973 - ASGI [15] Send {'type': 'http.response.body', 'body': '<45 bytes>', 'more_body': True}
2026-04-20 13:09:12,634 [TRACE] uvicorn.asgi: ::1:63235 - ASGI [25] Send {'type': 'http.response.body', 'body': '<45 bytes>', 'more_body': True}
2026-04-20 13:09:23,874 [TRACE] uvicorn.asgi: ::1:59973 - ASGI [15] Send {'type': 'http.response.body', 'body': '<45 bytes>', 'more_body': True}
2026-04-20 13:09:27,647 [TRACE] uvicorn.asgi: ::1:63235 - ASGI [25] Send {'type': 'http.response.body', 'body': '<45 bytes>', 'more_body': True}
2026-04-20 13:09:38,890 [TRACE] uvicorn.asgi: ::1:59973 - ASGI [15] Send {'type': 'http.response.body', 'body': '<45 bytes>', 'more_body': True}
2026-04-20 13:09:42,668 [TRACE] uvicorn.asgi: ::1:63235 - ASGI [25] Send {'type': 'http.response.body', 'body': '<45 bytes>', 'more_body': True}
2026-04-20 13:09:53,882 [TRACE] uvicorn.asgi: ::1:59973 - ASGI [15] Send {'type': 'http.response.body', 'body': '<45 bytes>', 'more_body': True}
2026-04-20 13:09:57,666 [TRACE] uvicorn.asgi: ::1:63235 - ASGI [25] Send {'type': 'http.response.body', 'body': '<45 bytes>', 'more_body': True}
2026-04-20 13:10:08,887 [TRACE] uvicorn.asgi: ::1:59973 - ASGI [15] Send {'type': 'http.response.body', 'body': '<45 bytes>', 'more_body': True}
2026-04-20 13:10:12,687 [TRACE] uvicorn.asgi: ::1:63235 - ASGI [25] Send {'type': 'http.response.body', 'body': '<45 bytes>', 'more_body': True}
2026-04-20 13:10:23,899 [TRACE] uvicorn.asgi: ::1:59973 - ASGI [15] Send {'type': 'http.response.body', 'body': '<45 bytes>', 'more_body': True}
2026-04-20 13:10:27,702 [TRACE] uvicorn.asgi: ::1:63235 - ASGI [25] Send {'type': 'http.response.body', 'body': '<45 bytes>', 'more_body': True}
2026-04-20 13:10:38,910 [TRACE] uvicorn.asgi: ::1:59973 - ASGI [15] Send {'type': 'http.response.body', 'body': '<45 bytes>', 'more_body': True}
2026-04-20 13:10:42,718 [TRACE] uvicorn.asgi: ::1:63235 - ASGI [25] Send {'type': 'http.response.body', 'body': '<45 bytes>', 'more_body': True}
2026-04-20 13:10:53,911 [TRACE] uvicorn.asgi: ::1:59973 - ASGI [15] Send {'type': 'http.response.body', 'body': '<45 bytes>', 'more_body': True}
2026-04-20 13:10:57,734 [TRACE] uvicorn.asgi: ::1:63235 - ASGI [25] Send {'type': 'http.response.body', 'body': '<45 bytes>', 'more_body': True}
2026-04-20 13:11:08,934 [TRACE] uvicorn.asgi: ::1:59973 - ASGI [15] Send {'type': 'http.response.body', 'body': '<45 bytes>', 'more_body': True}
2026-04-20 13:11:12,751 [TRACE] uvicorn.asgi: ::1:63235 - ASGI [25] Send {'type': 'http.response.body', 'body': '<45 bytes>', 'more_body': True}
2026-04-20 13:11:23,949 [TRACE] uvicorn.asgi: ::1:59973 - ASGI [15] Send {'type': 'http.response.body', 'body': '<45 bytes>', 'more_body': True}
2026-04-20 13:11:27,744 [TRACE] uvicorn.asgi: ::1:63235 - ASGI [25] Send {'type': 'http.response.body', 'body': '<45 bytes>', 'more_body': True}
2026-04-20 13:11:38,963 [TRACE] uvicorn.asgi: ::1:59973 - ASGI [15] Send {'type': 'http.response.body', 'body': '<45 bytes>', 'more_body': True}
2026-04-20 13:11:42,756 [TRACE] uvicorn.asgi: ::1:63235 - ASGI [25] Send {'type': 'http.response.body', 'body': '<45 bytes>', 'more_body': True}
2026-04-20 13:11:53,973 [TRACE] uvicorn.asgi: ::1:59973 - ASGI [15] Send {'type': 'http.response.body', 'body': '<45 bytes>', 'more_body': True}
2026-04-20 13:11:57,780 [TRACE] uvicorn.asgi: ::1:63235 - ASGI [25] Send {'type': 'http.response.body', 'body': '<45 bytes>', 'more_body': True}
2026-04-20 13:12:08,961 [TRACE] uvicorn.asgi: ::1:59973 - ASGI [15] Send {'type': 'http.response.body', 'body': '<45 bytes>', 'more_body': True}
2026-04-20 13:12:12,757 [TRACE] uvicorn.asgi: ::1:63235 - ASGI [25] Send {'type': 'http.response.body', 'body': '<45 bytes>', 'more_body': True}
2026-04-20 13:12:23,987 [TRACE] uvicorn.asgi: ::1:59973 - ASGI [15] Send {'type': 'http.response.body', 'body': '<45 bytes>', 'more_body': True}
2026-04-20 13:12:27,774 [TRACE] uvicorn.asgi: ::1:63235 - ASGI [25] Send {'type': 'http.response.body', 'body': '<45 bytes>', 'more_body': True}
2026-04-20 13:12:38,976 [TRACE] uvicorn.asgi: ::1:59973 - ASGI [15] Send {'type': 'http.response.body', 'body': '<45 bytes>', 'more_body': True}
2026-04-20 13:12:42,795 [TRACE] uvicorn.asgi: ::1:63235 - ASGI [25] Send {'type': 'http.response.body', 'body': '<45 bytes>', 'more_body': True}
2026-04-20 13:12:53,965 [TRACE] uvicorn.asgi: ::1:59973 - ASGI [15] Send {'type': 'http.response.body', 'body': '<45 bytes>', 'more_body': True}
2026-04-20 13:12:57,796 [TRACE] uvicorn.asgi: ::1:63235 - ASGI [25] Send {'type': 'http.response.body', 'body': '<45 bytes>', 'more_body': True}
2026-04-20 13:13:08,961 [TRACE] uvicorn.asgi: ::1:59973 - ASGI [15] Send {'type': 'http.response.body', 'body': '<45 bytes>', 'more_body': True}
2026-04-20 13:13:12,808 [TRACE] uvicorn.asgi: ::1:63235 - ASGI [25] Send {'type': 'http.response.body', 'body': '<45 bytes>', 'more_body': True}
2026-04-20 13:13:23,975 [TRACE] uvicorn.asgi: ::1:59973 - ASGI [15] Send {'type': 'http.response.body', 'body': '<45 bytes>', 'more_body': True}
2026-04-20 13:13:27,816 [TRACE] uvicorn.asgi: ::1:63235 - ASGI [25] Send {'type': 'http.response.body', 'body': '<45 bytes>', 'more_body': True}
2026-04-20 13:13:38,974 [TRACE] uvicorn.asgi: ::1:59973 - ASGI [15] Send {'type': 'http.response.body', 'body': '<45 bytes>', 'more_body': True}
2026-04-20 13:13:42,818 [TRACE] uvicorn.asgi: ::1:63235 - ASGI [25] Send {'type': 'http.response.body', 'body': '<45 bytes>', 'more_body': True}
2026-04-20 13:13:53,959 [TRACE] uvicorn.asgi: ::1:59973 - ASGI [15] Send {'type': 'http.response.body', 'body': '<45 bytes>', 'more_body': True}
2026-04-20 13:13:57,836 [TRACE] uvicorn.asgi: ::1:63235 - ASGI [25] Send {'type': 'http.response.body', 'body': '<45 bytes>', 'more_body': True}
2026-04-20 13:14:08,968 [TRACE] uvicorn.asgi: ::1:59973 - ASGI [15] Send {'type': 'http.response.body', 'body': '<45 bytes>', 'more_body': True}
2026-04-20 13:14:12,862 [TRACE] uvicorn.asgi: ::1:63235 - ASGI [25] Send {'type': 'http.response.body', 'body': '<45 bytes>', 'more_body': True}
2026-04-20 13:14:23,981 [TRACE] uvicorn.asgi: ::1:59973 - ASGI [15] Send {'type': 'http.response.body', 'body': '<45 bytes>', 'more_body': True}
2026-04-20 13:14:27,848 [TRACE] uvicorn.asgi: ::1:63235 - ASGI [25] Send {'type': 'http.response.body', 'body': '<45 bytes>', 'more_body': True}
2026-04-20 13:14:38,981 [TRACE] uvicorn.asgi: ::1:59973 - ASGI [15] Send {'type': 'http.response.body', 'body': '<45 bytes>', 'more_body': True}
2026-04-20 13:14:42,862 [TRACE] uvicorn.asgi: ::1:63235 - ASGI [25] Send {'type': 'http.response.body', 'body': '<45 bytes>', 'more_body': True}
2026-04-20 13:14:53,975 [TRACE] uvicorn.asgi: ::1:59973 - ASGI [15] Send {'type': 'http.response.body', 'body': '<45 bytes>', 'more_body': True}
2026-04-20 13:14:57,888 [TRACE] uvicorn.asgi: ::1:63235 - ASGI [25] Send {'type': 'http.response.body', 'body': '<45 bytes>', 'more_body': True}
2026-04-20 13:15:08,991 [TRACE] uvicorn.asgi: ::1:59973 - ASGI [15] Send {'type': 'http.response.body', 'body': '<45 bytes>', 'more_body': True}
2026-04-20 13:15:12,882 [TRACE] uvicorn.asgi: ::1:63235 - ASGI [25] Send {'type': 'http.response.body', 'body': '<45 bytes>', 'more_body': True}
2026-04-20 13:15:24,002 [TRACE] uvicorn.asgi: ::1:59973 - ASGI [15] Send {'type': 'http.response.body', 'body': '<45 bytes>', 'more_body': True}
2026-04-20 13:15:27,895 [TRACE] uvicorn.asgi: ::1:63235 - ASGI [25] Send {'type': 'http.response.body', 'body': '<45 bytes>', 'more_body': True}
2026-04-20 13:15:39,011 [TRACE] uvicorn.asgi: ::1:59973 - ASGI [15] Send {'type': 'http.response.body', 'body': '<45 bytes>', 'more_body': True}
2026-04-20 13:15:42,896 [TRACE] uvicorn.asgi: ::1:63235 - ASGI [25] Send {'type': 'http.response.body', 'body': '<45 bytes>', 'more_body': True}
2026-04-20 13:15:54,033 [TRACE] uvicorn.asgi: ::1:59973 - ASGI [15] Send {'type': 'http.response.body', 'body': '<45 bytes>', 'more_body': True}
2026-04-20 13:15:57,900 [TRACE] uvicorn.asgi: ::1:63235 - ASGI [25] Send {'type': 'http.response.body', 'body': '<45 bytes>', 'more_body': True}
2026-04-20 13:16:09,023 [TRACE] uvicorn.asgi: ::1:59973 - ASGI [15] Send {'type': 'http.response.body', 'body': '<45 bytes>', 'more_body': True}
2026-04-20 13:16:12,920 [TRACE] uvicorn.asgi: ::1:63235 - ASGI [25] Send {'type': 'http.response.body', 'body': '<45 bytes>', 'more_body': True}
2026-04-20 13:16:24,047 [TRACE] uvicorn.asgi: ::1:59973 - ASGI [15] Send {'type': 'http.response.body', 'body': '<45 bytes>', 'more_body': True}
2026-04-20 13:16:27,912 [TRACE] uvicorn.asgi: ::1:63235 - ASGI [25] Send {'type': 'http.response.body', 'body': '<45 bytes>', 'more_body': True}
2026-04-20 13:16:39,047 [TRACE] uvicorn.asgi: ::1:59973 - ASGI [15] Send {'type': 'http.response.body', 'body': '<45 bytes>', 'more_body': True}
2026-04-20 13:16:42,936 [TRACE] uvicorn.asgi: ::1:63235 - ASGI [25] Send {'type': 'http.response.body', 'body': '<45 bytes>', 'more_body': True}
2026-04-20 13:16:54,036 [TRACE] uvicorn.asgi: ::1:59973 - ASGI [15] Send {'type': 'http.response.body', 'body': '<45 bytes>', 'more_body': True}
2026-04-20 13:16:57,944 [TRACE] uvicorn.asgi: ::1:63235 - ASGI [25] Send {'type': 'http.response.body', 'body': '<45 bytes>', 'more_body': True}
2026-04-20 13:17:09,057 [TRACE] uvicorn.asgi: ::1:59973 - ASGI [15] Send {'type': 'http.response.body', 'body': '<45 bytes>', 'more_body': True}
2026-04-20 13:17:12,965 [TRACE] uvicorn.asgi: ::1:63235 - ASGI [25] Send {'type': 'http.response.body', 'body': '<45 bytes>', 'more_body': True}
2026-04-20 13:17:24,070 [TRACE] uvicorn.asgi: ::1:59973 - ASGI [15] Send {'type': 'http.response.body', 'body': '<45 bytes>', 'more_body': True}
2026-04-20 13:17:27,959 [TRACE] uvicorn.asgi: ::1:63235 - ASGI [25] Send {'type': 'http.response.body', 'body': '<45 bytes>', 'more_body': True}
2026-04-20 13:17:39,072 [TRACE] uvicorn.asgi: ::1:59973 - ASGI [15] Send {'type': 'http.response.body', 'body': '<45 bytes>', 'more_body': True}
2026-04-20 13:17:42,960 [TRACE] uvicorn.asgi: ::1:63235 - ASGI [25] Send {'type': 'http.response.body', 'body': '<45 bytes>', 'more_body': True}
2026-04-20 13:17:54,084 [TRACE] uvicorn.asgi: ::1:59973 - ASGI [15] Send {'type': 'http.response.body', 'body': '<45 bytes>', 'more_body': True}
2026-04-20 13:17:57,977 [TRACE] uvicorn.asgi: ::1:63235 - ASGI [25] Send {'type': 'http.response.body', 'body': '<45 bytes>', 'more_body': True}
2026-04-20 13:18:09,087 [TRACE] uvicorn.asgi: ::1:59973 - ASGI [15] Send {'type': 'http.response.body', 'body': '<45 bytes>', 'more_body': True}
2026-04-20 13:18:13,002 [TRACE] uvicorn.asgi: ::1:63235 - ASGI [25] Send {'type': 'http.response.body', 'body': '<45 bytes>', 'more_body': True}
2026-04-20 13:18:24,092 [TRACE] uvicorn.asgi: ::1:59973 - ASGI [15] Send {'type': 'http.response.body', 'body': '<45 bytes>', 'more_body': True}
2026-04-20 13:18:28,015 [TRACE] uvicorn.asgi: ::1:63235 - ASGI [25] Send {'type': 'http.response.body', 'body': '<45 bytes>', 'more_body': True}
2026-04-20 13:18:39,104 [TRACE] uvicorn.asgi: ::1:59973 - ASGI [15] Send {'type': 'http.response.body', 'body': '<45 bytes>', 'more_body': True}
2026-04-20 13:18:43,023 [TRACE] uvicorn.asgi: ::1:63235 - ASGI [25] Send {'type': 'http.response.body', 'body': '<45 bytes>', 'more_body': True}
2026-04-20 13:18:54,115 [TRACE] uvicorn.asgi: ::1:59973 - ASGI [15] Send {'type': 'http.response.body', 'body': '<45 bytes>', 'more_body': True}
2026-04-20 13:18:58,036 [TRACE] uvicorn.asgi: ::1:63235 - ASGI [25] Send {'type': 'http.response.body', 'body': '<45 bytes>', 'more_body': True}
2026-04-20 13:19:09,131 [TRACE] uvicorn.asgi: ::1:59973 - ASGI [15] Send {'type': 'http.response.body', 'body': '<45 bytes>', 'more_body': True}
2026-04-20 13:19:13,039 [TRACE] uvicorn.asgi: ::1:63235 - ASGI [25] Send {'type': 'http.response.body', 'body': '<45 bytes>', 'more_body': True}
2026-04-20 13:19:24,155 [TRACE] uvicorn.asgi: ::1:59973 - ASGI [15] Send {'type': 'http.response.body', 'body': '<45 bytes>', 'more_body': True}
2026-04-20 13:19:28,064 [TRACE] uvicorn.asgi: ::1:63235 - ASGI [25] Send {'type': 'http.response.body', 'body': '<45 bytes>', 'more_body': True}
2026-04-20 13:19:39,168 [TRACE] uvicorn.asgi: ::1:59973 - ASGI [15] Send {'type': 'http.response.body', 'body': '<45 bytes>', 'more_body': True}
2026-04-20 13:19:43,068 [TRACE] uvicorn.asgi: ::1:63235 - ASGI [25] Send {'type': 'http.response.body', 'body': '<45 bytes>', 'more_body': True}
2026-04-20 13:19:54,186 [TRACE] uvicorn.asgi: ::1:59973 - ASGI [15] Send {'type': 'http.response.body', 'body': '<45 bytes>', 'more_body': True}
2026-04-20 13:19:58,096 [TRACE] uvicorn.asgi: ::1:63235 - ASGI [25] Send {'type': 'http.response.body', 'body': '<45 bytes>', 'more_body': True}
2026-04-20 13:20:09,197 [TRACE] uvicorn.asgi: ::1:59973 - ASGI [15] Send {'type': 'http.response.body', 'body': '<45 bytes>', 'more_body': True}
2026-04-20 13:20:13,104 [TRACE] uvicorn.asgi: ::1:63235 - ASGI [25] Send {'type': 'http.response.body', 'body': '<45 bytes>', 'more_body': True}
2026-04-20 13:20:24,198 [TRACE] uvicorn.asgi: ::1:59973 - ASGI [15] Send {'type': 'http.response.body', 'body': '<45 bytes>', 'more_body': True}
2026-04-20 13:20:28,083 [TRACE] uvicorn.asgi: ::1:63235 - ASGI [25] Send {'type': 'http.response.body', 'body': '<45 bytes>', 'more_body': True}
2026-04-20 13:20:39,189 [TRACE] uvicorn.asgi: ::1:59973 - ASGI [15] Send {'type': 'http.response.body', 'body': '<45 bytes>', 'more_body': True}
2026-04-20 13:20:43,097 [TRACE] uvicorn.asgi: ::1:63235 - ASGI [25] Send {'type': 'http.response.body', 'body': '<45 bytes>', 'more_body': True}
2026-04-20 13:20:54,202 [TRACE] uvicorn.asgi: ::1:59973 - ASGI [15] Send {'type': 'http.response.body', 'body': '<45 bytes>', 'more_body': True}
2026-04-20 13:20:58,098 [TRACE] uvicorn.asgi: ::1:63235 - ASGI [25] Send {'type': 'http.response.body', 'body': '<45 bytes>', 'more_body': True}
2026-04-20 13:21:09,219 [TRACE] uvicorn.asgi: ::1:59973 - ASGI [15] Send {'type': 'http.response.body', 'body': '<45 bytes>', 'more_body': True}
2026-04-20 13:21:13,089 [TRACE] uvicorn.asgi: ::1:63235 - ASGI [25] Send {'type': 'http.response.body', 'body': '<45 bytes>', 'more_body': True}
2026-04-20 13:21:24,238 [TRACE] uvicorn.asgi: ::1:59973 - ASGI [15] Send {'type': 'http.response.body', 'body': '<45 bytes>', 'more_body': True}
2026-04-20 13:21:28,083 [TRACE] uvicorn.asgi: ::1:63235 - ASGI [25] Send {'type': 'http.response.body', 'body': '<45 bytes>', 'more_body': True}
2026-04-20 13:21:39,242 [TRACE] uvicorn.asgi: ::1:59973 - ASGI [15] Send {'type': 'http.response.body', 'body': '<45 bytes>', 'more_body': True}
2026-04-20 13:21:43,111 [TRACE] uvicorn.asgi: ::1:63235 - ASGI [25] Send {'type': 'http.response.body', 'body': '<45 bytes>', 'more_body': True}
2026-04-20 13:21:54,242 [TRACE] uvicorn.asgi: ::1:59973 - ASGI [15] Send {'type': 'http.response.body', 'body': '<45 bytes>', 'more_body': True}
2026-04-20 13:21:58,104 [TRACE] uvicorn.asgi: ::1:63235 - ASGI [25] Send {'type': 'http.response.body', 'body': '<45 bytes>', 'more_body': True}
2026-04-20 13:22:09,243 [TRACE] uvicorn.asgi: ::1:59973 - ASGI [15] Send {'type': 'http.response.body', 'body': '<45 bytes>', 'more_body': True}
2026-04-20 13:22:13,112 [TRACE] uvicorn.asgi: ::1:63235 - ASGI [25] Send {'type': 'http.response.body', 'body': '<45 bytes>', 'more_body': True}
2026-04-20 13:22:24,261 [TRACE] uvicorn.asgi: ::1:59973 - ASGI [15] Send {'type': 'http.response.body', 'body': '<45 bytes>', 'more_body': True}
2026-04-20 13:22:28,099 [TRACE] uvicorn.asgi: ::1:63235 - ASGI [25] Send {'type': 'http.response.body', 'body': '<45 bytes>', 'more_body': True}
2026-04-20 13:22:39,280 [TRACE] uvicorn.asgi: ::1:59973 - ASGI [15] Send {'type': 'http.response.body', 'body': '<45 bytes>', 'more_body': True}
2026-04-20 13:22:43,102 [TRACE] uvicorn.asgi: ::1:63235 - ASGI [25] Send {'type': 'http.response.body', 'body': '<45 bytes>', 'more_body': True}
2026-04-20 13:22:54,280 [TRACE] uvicorn.asgi: ::1:59973 - ASGI [15] Send {'type': 'http.response.body', 'body': '<45 bytes>', 'more_body': True}
2026-04-20 13:22:58,100 [TRACE] uvicorn.asgi: ::1:63235 - ASGI [25] Send {'type': 'http.response.body', 'body': '<45 bytes>', 'more_body': True}
2026-04-20 13:23:09,286 [TRACE] uvicorn.asgi: ::1:59973 - ASGI [15] Send {'type': 'http.response.body', 'body': '<45 bytes>', 'more_body': True}
2026-04-20 13:23:13,112 [TRACE] uvicorn.asgi: ::1:63235 - ASGI [25] Send {'type': 'http.response.body', 'body': '<45 bytes>', 'more_body': True}
2026-04-20 13:23:24,309 [TRACE] uvicorn.asgi: ::1:59973 - ASGI [15] Send {'type': 'http.response.body', 'body': '<45 bytes>', 'more_body': True}
2026-04-20 13:23:28,114 [TRACE] uvicorn.asgi: ::1:63235 - ASGI [25] Send {'type': 'http.response.body', 'body': '<45 bytes>', 'more_body': True}
2026-04-20 13:23:39,329 [TRACE] uvicorn.asgi: ::1:59973 - ASGI [15] Send {'type': 'http.response.body', 'body': '<45 bytes>', 'more_body': True}
2026-04-20 13:23:43,140 [TRACE] uvicorn.asgi: ::1:63235 - ASGI [25] Send {'type': 'http.response.body', 'body': '<45 bytes>', 'more_body': True}
2026-04-20 13:23:54,311 [TRACE] uvicorn.asgi: ::1:59973 - ASGI [15] Send {'type': 'http.response.body', 'body': '<45 bytes>', 'more_body': True}
2026-04-20 13:23:58,159 [TRACE] uvicorn.asgi: ::1:63235 - ASGI [25] Send {'type': 'http.response.body', 'body': '<45 bytes>', 'more_body': True}
2026-04-20 13:24:09,320 [TRACE] uvicorn.asgi: ::1:59973 - ASGI [15] Send {'type': 'http.response.body', 'body': '<45 bytes>', 'more_body': True}
2026-04-20 13:24:13,136 [TRACE] uvicorn.asgi: ::1:63235 - ASGI [25] Send {'type': 'http.response.body', 'body': '<45 bytes>', 'more_body': True}
2026-04-20 13:24:24,326 [TRACE] uvicorn.asgi: ::1:59973 - ASGI [15] Send {'type': 'http.response.body', 'body': '<45 bytes>', 'more_body': True}
2026-04-20 13:24:28,157 [TRACE] uvicorn.asgi: ::1:63235 - ASGI [25] Send {'type': 'http.response.body', 'body': '<45 bytes>', 'more_body': True}
2026-04-20 13:24:39,327 [TRACE] uvicorn.asgi: ::1:59973 - ASGI [15] Send {'type': 'http.response.body', 'body': '<45 bytes>', 'more_body': True}
2026-04-20 13:24:43,168 [TRACE] uvicorn.asgi: ::1:63235 - ASGI [25] Send {'type': 'http.response.body', 'body': '<45 bytes>', 'more_body': True}
2026-04-20 13:24:54,323 [TRACE] uvicorn.asgi: ::1:59973 - ASGI [15] Send {'type': 'http.response.body', 'body': '<45 bytes>', 'more_body': True}
2026-04-20 13:24:58,168 [TRACE] uvicorn.asgi: ::1:63235 - ASGI [25] Send {'type': 'http.response.body', 'body': '<45 bytes>', 'more_body': True}
2026-04-20 13:25:09,321 [TRACE] uvicorn.asgi: ::1:59973 - ASGI [15] Send {'type': 'http.response.body', 'body': '<45 bytes>', 'more_body': True}
2026-04-20 13:25:13,188 [TRACE] uvicorn.asgi: ::1:63235 - ASGI [25] Send {'type': 'http.response.body', 'body': '<45 bytes>', 'more_body': True}
2026-04-20 13:25:24,334 [TRACE] uvicorn.asgi: ::1:59973 - ASGI [15] Send {'type': 'http.response.body', 'body': '<45 bytes>', 'more_body': True}
2026-04-20 13:25:28,194 [TRACE] uvicorn.asgi: ::1:63235 - ASGI [25] Send {'type': 'http.response.body', 'body': '<45 bytes>', 'more_body': True}
2026-04-20 13:25:39,361 [TRACE] uvicorn.asgi: ::1:59973 - ASGI [15] Send {'type': 'http.response.body', 'body': '<45 bytes>', 'more_body': True}
2026-04-20 13:25:43,214 [TRACE] uvicorn.asgi: ::1:63235 - ASGI [25] Send {'type': 'http.response.body', 'body': '<45 bytes>', 'more_body': True}
2026-04-20 13:25:54,358 [TRACE] uvicorn.asgi: ::1:59973 - ASGI [15] Send {'type': 'http.response.body', 'body': '<45 bytes>', 'more_body': True}
2026-04-20 13:25:58,229 [TRACE] uvicorn.asgi: ::1:63235 - ASGI [25] Send {'type': 'http.response.body', 'body': '<45 bytes>', 'more_body': True}
2026-04-20 13:26:09,362 [TRACE] uvicorn.asgi: ::1:59973 - ASGI [15] Send {'type': 'http.response.body', 'body': '<45 bytes>', 'more_body': True}
2026-04-20 13:26:13,234 [TRACE] uvicorn.asgi: ::1:63235 - ASGI [25] Send {'type': 'http.response.body', 'body': '<45 bytes>', 'more_body': True}
2026-04-20 13:26:24,373 [TRACE] uvicorn.asgi: ::1:59973 - ASGI [15] Send {'type': 'http.response.body', 'body': '<45 bytes>', 'more_body': True}
2026-04-20 13:26:28,233 [TRACE] uvicorn.asgi: ::1:63235 - ASGI [25] Send {'type': 'http.response.body', 'body': '<45 bytes>', 'more_body': True}
2026-04-20 13:26:39,371 [TRACE] uvicorn.asgi: ::1:59973 - ASGI [15] Send {'type': 'http.response.body', 'body': '<45 bytes>', 'more_body': True}
2026-04-20 13:26:43,244 [TRACE] uvicorn.asgi: ::1:63235 - ASGI [25] Send {'type': 'http.response.body', 'body': '<45 bytes>', 'more_body': True}
2026-04-20 13:26:54,365 [TRACE] uvicorn.asgi: ::1:59973 - ASGI [15] Send {'type': 'http.response.body', 'body': '<45 bytes>', 'more_body': True}
2026-04-20 13:26:58,257 [TRACE] uvicorn.asgi: ::1:63235 - ASGI [25] Send {'type': 'http.response.body', 'body': '<45 bytes>', 'more_body': True}
2026-04-20 13:27:09,383 [TRACE] uvicorn.asgi: ::1:59973 - ASGI [15] Send {'type': 'http.response.body', 'body': '<45 bytes>', 'more_body': True}
2026-04-20 13:27:13,262 [TRACE] uvicorn.asgi: ::1:63235 - ASGI [25] Send {'type': 'http.response.body', 'body': '<45 bytes>', 'more_body': True}
2026-04-20 13:27:24,403 [TRACE] uvicorn.asgi: ::1:59973 - ASGI [15] Send {'type': 'http.response.body', 'body': '<45 bytes>', 'more_body': True}
2026-04-20 13:27:28,279 [TRACE] uvicorn.asgi: ::1:63235 - ASGI [25] Send {'type': 'http.response.body', 'body': '<45 bytes>', 'more_body': True}
2026-04-20 13:27:39,424 [TRACE] uvicorn.asgi: ::1:59973 - ASGI [15] Send {'type': 'http.response.body', 'body': '<45 bytes>', 'more_body': True}
2026-04-20 13:27:43,275 [TRACE] uvicorn.asgi: ::1:63235 - ASGI [25] Send {'type': 'http.response.body', 'body': '<45 bytes>', 'more_body': True}
2026-04-20 13:27:54,437 [TRACE] uvicorn.asgi: ::1:59973 - ASGI [15] Send {'type': 'http.response.body', 'body': '<45 bytes>', 'more_body': True}
2026-04-20 13:27:58,281 [TRACE] uvicorn.asgi: ::1:63235 - ASGI [25] Send {'type': 'http.response.body', 'body': '<45 bytes>', 'more_body': True}
2026-04-20 13:28:09,447 [TRACE] uvicorn.asgi: ::1:59973 - ASGI [15] Send {'type': 'http.response.body', 'body': '<45 bytes>', 'more_body': True}
2026-04-20 13:28:13,266 [TRACE] uvicorn.asgi: ::1:63235 - ASGI [25] Send {'type': 'http.response.body', 'body': '<45 bytes>', 'more_body': True}
2026-04-20 13:28:24,447 [TRACE] uvicorn.asgi: ::1:59973 - ASGI [15] Send {'type': 'http.response.body', 'body': '<45 bytes>', 'more_body': True}
2026-04-20 13:28:28,262 [TRACE] uvicorn.asgi: ::1:63235 - ASGI [25] Send {'type': 'http.response.body', 'body': '<45 bytes>', 'more_body': True}
2026-04-20 13:28:39,444 [TRACE] uvicorn.asgi: ::1:59973 - ASGI [15] Send {'type': 'http.response.body', 'body': '<45 bytes>', 'more_body': True}
2026-04-20 13:28:43,263 [TRACE] uvicorn.asgi: ::1:63235 - ASGI [25] Send {'type': 'http.response.body', 'body': '<45 bytes>', 'more_body': True}
2026-04-20 13:28:54,437 [TRACE] uvicorn.asgi: ::1:59973 - ASGI [15] Send {'type': 'http.response.body', 'body': '<45 bytes>', 'more_body': True}
2026-04-20 13:28:58,267 [TRACE] uvicorn.asgi: ::1:63235 - ASGI [25] Send {'type': 'http.response.body', 'body': '<45 bytes>', 'more_body': True}
2026-04-20 13:29:09,436 [TRACE] uvicorn.asgi: ::1:59973 - ASGI [15] Send {'type': 'http.response.body', 'body': '<45 bytes>', 'more_body': True}
2026-04-20 13:29:13,279 [TRACE] uvicorn.asgi: ::1:63235 - ASGI [25] Send {'type': 'http.response.body', 'body': '<45 bytes>', 'more_body': True}
2026-04-20 13:29:24,452 [TRACE] uvicorn.asgi: ::1:59973 - ASGI [15] Send {'type': 'http.response.body', 'body': '<45 bytes>', 'more_body': True}
2026-04-20 13:29:28,281 [TRACE] uvicorn.asgi: ::1:63235 - ASGI [25] Send {'type': 'http.response.body', 'body': '<45 bytes>', 'more_body': True}
2026-04-20 13:29:39,448 [TRACE] uvicorn.asgi: ::1:59973 - ASGI [15] Send {'type': 'http.response.body', 'body': '<45 bytes>', 'more_body': True}
2026-04-20 13:29:43,279 [TRACE] uvicorn.asgi: ::1:63235 - ASGI [25] Send {'type': 'http.response.body', 'body': '<45 bytes>', 'more_body': True}
2026-04-20 13:29:54,463 [TRACE] uvicorn.asgi: ::1:59973 - ASGI [15] Send {'type': 'http.response.body', 'body': '<45 bytes>', 'more_body': True}
2026-04-20 13:29:58,296 [TRACE] uvicorn.asgi: ::1:63235 - ASGI [25] Send {'type': 'http.response.body', 'body': '<45 bytes>', 'more_body': True}
2026-04-20 13:30:09,464 [TRACE] uvicorn.asgi: ::1:59973 - ASGI [15] Send {'type': 'http.response.body', 'body': '<45 bytes>', 'more_body': True}
2026-04-20 13:30:13,312 [TRACE] uvicorn.asgi: ::1:63235 - ASGI [25] Send {'type': 'http.response.body', 'body': '<45 bytes>', 'more_body': True}
2026-04-20 13:30:24,484 [TRACE] uvicorn.asgi: ::1:59973 - ASGI [15] Send {'type': 'http.response.body', 'body': '<45 bytes>', 'more_body': True}
2026-04-20 13:30:28,327 [TRACE] uvicorn.asgi: ::1:63235 - ASGI [25] Send {'type': 'http.response.body', 'body': '<45 bytes>', 'more_body': True}
2026-04-20 13:30:39,489 [TRACE] uvicorn.asgi: ::1:59973 - ASGI [15] Send {'type': 'http.response.body', 'body': '<45 bytes>', 'more_body': True}
2026-04-20 13:30:43,304 [TRACE] uvicorn.asgi: ::1:63235 - ASGI [25] Send {'type': 'http.response.body', 'body': '<45 bytes>', 'more_body': True}
2026-04-20 13:30:54,505 [TRACE] uvicorn.asgi: ::1:59973 - ASGI [15] Send {'type': 'http.response.body', 'body': '<45 bytes>', 'more_body': True}
2026-04-20 13:30:58,322 [TRACE] uvicorn.asgi: ::1:63235 - ASGI [25] Send {'type': 'http.response.body', 'body': '<45 bytes>', 'more_body': True}
2026-04-20 13:31:09,527 [TRACE] uvicorn.asgi: ::1:59973 - ASGI [15] Send {'type': 'http.response.body', 'body': '<45 bytes>', 'more_body': True}
2026-04-20 13:31:13,309 [TRACE] uvicorn.asgi: ::1:63235 - ASGI [25] Send {'type': 'http.response.body', 'body': '<45 bytes>', 'more_body': True}
2026-04-20 13:31:24,505 [TRACE] uvicorn.asgi: ::1:59973 - ASGI [15] Send {'type': 'http.response.body', 'body': '<45 bytes>', 'more_body': True}
2026-04-20 13:31:28,325 [TRACE] uvicorn.asgi: ::1:63235 - ASGI [25] Send {'type': 'http.response.body', 'body': '<45 bytes>', 'more_body': True}
2026-04-20 13:31:39,522 [TRACE] uvicorn.asgi: ::1:59973 - ASGI [15] Send {'type': 'http.response.body', 'body': '<45 bytes>', 'more_body': True}
2026-04-20 13:31:43,332 [TRACE] uvicorn.asgi: ::1:63235 - ASGI [25] Send {'type': 'http.response.body', 'body': '<45 bytes>', 'more_body': True}
2026-04-20 13:31:54,515 [TRACE] uvicorn.asgi: ::1:59973 - ASGI [15] Send {'type': 'http.response.body', 'body': '<45 bytes>', 'more_body': True}
2026-04-20 13:31:58,351 [TRACE] uvicorn.asgi: ::1:63235 - ASGI [25] Send {'type': 'http.response.body', 'body': '<45 bytes>', 'more_body': True}
2026-04-20 13:32:09,531 [TRACE] uvicorn.asgi: ::1:59973 - ASGI [15] Send {'type': 'http.response.body', 'body': '<45 bytes>', 'more_body': True}
2026-04-20 13:32:13,353 [TRACE] uvicorn.asgi: ::1:63235 - ASGI [25] Send {'type': 'http.response.body', 'body': '<45 bytes>', 'more_body': True}
2026-04-20 13:32:24,549 [TRACE] uvicorn.asgi: ::1:59973 - ASGI [15] Send {'type': 'http.response.body', 'body': '<45 bytes>', 'more_body': True}
2026-04-20 13:32:28,353 [TRACE] uvicorn.asgi: ::1:63235 - ASGI [25] Send {'type': 'http.response.body', 'body': '<45 bytes>', 'more_body': True}
2026-04-20 13:32:39,555 [TRACE] uvicorn.asgi: ::1:59973 - ASGI [15] Send {'type': 'http.response.body', 'body': '<45 bytes>', 'more_body': True}
2026-04-20 13:32:43,341 [TRACE] uvicorn.asgi: ::1:63235 - ASGI [25] Send {'type': 'http.response.body', 'body': '<45 bytes>', 'more_body': True}
2026-04-20 13:32:54,569 [TRACE] uvicorn.asgi: ::1:59973 - ASGI [15] Send {'type': 'http.response.body', 'body': '<45 bytes>', 'more_body': True}
2026-04-20 13:32:58,354 [TRACE] uvicorn.asgi: ::1:63235 - ASGI [25] Send {'type': 'http.response.body', 'body': '<45 bytes>', 'more_body': True}
2026-04-20 13:33:09,597 [TRACE] uvicorn.asgi: ::1:59973 - ASGI [15] Send {'type': 'http.response.body', 'body': '<45 bytes>', 'more_body': True}
2026-04-20 13:33:13,348 [TRACE] uvicorn.asgi: ::1:63235 - ASGI [25] Send {'type': 'http.response.body', 'body': '<45 bytes>', 'more_body': True}
2026-04-20 13:33:24,612 [TRACE] uvicorn.asgi: ::1:59973 - ASGI [15] Send {'type': 'http.response.body', 'body': '<45 bytes>', 'more_body': True}
2026-04-20 13:33:28,364 [TRACE] uvicorn.asgi: ::1:63235 - ASGI [25] Send {'type': 'http.response.body', 'body': '<45 bytes>', 'more_body': True}
2026-04-20 13:33:39,618 [TRACE] uvicorn.asgi: ::1:59973 - ASGI [15] Send {'type': 'http.response.body', 'body': '<45 bytes>', 'more_body': True}
2026-04-20 13:33:43,365 [TRACE] uvicorn.asgi: ::1:63235 - ASGI [25] Send {'type': 'http.response.body', 'body': '<45 bytes>', 'more_body': True}
2026-04-20 13:33:54,616 [TRACE] uvicorn.asgi: ::1:59973 - ASGI [15] Send {'type': 'http.response.body', 'body': '<45 bytes>', 'more_body': True}
2026-04-20 13:33:58,392 [TRACE] uvicorn.asgi: ::1:63235 - ASGI [25] Send {'type': 'http.response.body', 'body': '<45 bytes>', 'more_body': True}
2026-04-20 13:34:09,639 [TRACE] uvicorn.asgi: ::1:59973 - ASGI [15] Send {'type': 'http.response.body', 'body': '<45 bytes>', 'more_body': True}
2026-04-20 13:34:13,403 [TRACE] uvicorn.asgi: ::1:63235 - ASGI [25] Send {'type': 'http.response.body', 'body': '<45 bytes>', 'more_body': True}
2026-04-20 13:34:24,655 [TRACE] uvicorn.asgi: ::1:59973 - ASGI [15] Send {'type': 'http.response.body', 'body': '<45 bytes>', 'more_body': True}
2026-04-20 13:34:28,401 [TRACE] uvicorn.asgi: ::1:63235 - ASGI [25] Send {'type': 'http.response.body', 'body': '<45 bytes>', 'more_body': True}
2026-04-20 13:34:39,650 [TRACE] uvicorn.asgi: ::1:59973 - ASGI [15] Send {'type': 'http.response.body', 'body': '<45 bytes>', 'more_body': True}
2026-04-20 13:34:43,381 [TRACE] uvicorn.asgi: ::1:63235 - ASGI [25] Send {'type': 'http.response.body', 'body': '<45 bytes>', 'more_body': True}
2026-04-20 13:34:54,672 [TRACE] uvicorn.asgi: ::1:59973 - ASGI [15] Send {'type': 'http.response.body', 'body': '<45 bytes>', 'more_body': True}
2026-04-20 13:34:58,406 [TRACE] uvicorn.asgi: ::1:63235 - ASGI [25] Send {'type': 'http.response.body', 'body': '<45 bytes>', 'more_body': True}
2026-04-20 13:35:09,682 [TRACE] uvicorn.asgi: ::1:59973 - ASGI [15] Send {'type': 'http.response.body', 'body': '<45 bytes>', 'more_body': True}
2026-04-20 13:35:13,409 [TRACE] uvicorn.asgi: ::1:63235 - ASGI [25] Send {'type': 'http.response.body', 'body': '<45 bytes>', 'more_body': True}
2026-04-20 13:35:24,677 [TRACE] uvicorn.asgi: ::1:59973 - ASGI [15] Send {'type': 'http.response.body', 'body': '<45 bytes>', 'more_body': True}
2026-04-20 13:35:28,406 [TRACE] uvicorn.asgi: ::1:63235 - ASGI [25] Send {'type': 'http.response.body', 'body': '<45 bytes>', 'more_body': True}
2026-04-20 13:35:39,706 [TRACE] uvicorn.asgi: ::1:59973 - ASGI [15] Send {'type': 'http.response.body', 'body': '<45 bytes>', 'more_body': True}
2026-04-20 13:35:43,385 [TRACE] uvicorn.asgi: ::1:63235 - ASGI [25] Send {'type': 'http.response.body', 'body': '<45 bytes>', 'more_body': True}
2026-04-20 13:35:54,684 [TRACE] uvicorn.asgi: ::1:59973 - ASGI [15] Send {'type': 'http.response.body', 'body': '<45 bytes>', 'more_body': True}
2026-04-20 13:35:58,411 [TRACE] uvicorn.asgi: ::1:63235 - ASGI [25] Send {'type': 'http.response.body', 'body': '<45 bytes>', 'more_body': True}
2026-04-20 13:36:09,694 [TRACE] uvicorn.asgi: ::1:59973 - ASGI [15] Send {'type': 'http.response.body', 'body': '<45 bytes>', 'more_body': True}
2026-04-20 13:36:13,432 [TRACE] uvicorn.asgi: ::1:63235 - ASGI [25] Send {'type': 'http.response.body', 'body': '<45 bytes>', 'more_body': True}
2026-04-20 13:36:24,679 [TRACE] uvicorn.asgi: ::1:59973 - ASGI [15] Send {'type': 'http.response.body', 'body': '<45 bytes>', 'more_body': True}
2026-04-20 13:36:28,455 [TRACE] uvicorn.asgi: ::1:63235 - ASGI [25] Send {'type': 'http.response.body', 'body': '<45 bytes>', 'more_body': True}
2026-04-20 13:36:39,698 [TRACE] uvicorn.asgi: ::1:59973 - ASGI [15] Send {'type': 'http.response.body', 'body': '<45 bytes>', 'more_body': True}
2026-04-20 13:36:43,447 [TRACE] uvicorn.asgi: ::1:63235 - ASGI [25] Send {'type': 'http.response.body', 'body': '<45 bytes>', 'more_body': True}
2026-04-20 13:36:54,694 [TRACE] uvicorn.asgi: ::1:59973 - ASGI [15] Send {'type': 'http.response.body', 'body': '<45 bytes>', 'more_body': True}
2026-04-20 13:36:58,460 [TRACE] uvicorn.asgi: ::1:63235 - ASGI [25] Send {'type': 'http.response.body', 'body': '<45 bytes>', 'more_body': True}
2026-04-20 13:37:09,720 [TRACE] uvicorn.asgi: ::1:59973 - ASGI [15] Send {'type': 'http.response.body', 'body': '<45 bytes>', 'more_body': True}
2026-04-20 13:37:13,479 [TRACE] uvicorn.asgi: ::1:63235 - ASGI [25] Send {'type': 'http.response.body', 'body': '<45 bytes>', 'more_body': True}
2026-04-20 13:37:24,723 [TRACE] uvicorn.asgi: ::1:59973 - ASGI [15] Send {'type': 'http.response.body', 'body': '<45 bytes>', 'more_body': True}
2026-04-20 13:37:28,494 [TRACE] uvicorn.asgi: ::1:63235 - ASGI [25] Send {'type': 'http.response.body', 'body': '<45 bytes>', 'more_body': True}
2026-04-20 13:37:39,752 [TRACE] uvicorn.asgi: ::1:59973 - ASGI [15] Send {'type': 'http.response.body', 'body': '<45 bytes>', 'more_body': True}
2026-04-20 13:37:43,490 [TRACE] uvicorn.asgi: ::1:63235 - ASGI [25] Send {'type': 'http.response.body', 'body': '<45 bytes>', 'more_body': True}
2026-04-20 13:37:54,768 [TRACE] uvicorn.asgi: ::1:59973 - ASGI [15] Send {'type': 'http.response.body', 'body': '<45 bytes>', 'more_body': True}
2026-04-20 13:37:58,513 [TRACE] uvicorn.asgi: ::1:63235 - ASGI [25] Send {'type': 'http.response.body', 'body': '<45 bytes>', 'more_body': True}
2026-04-20 13:38:09,772 [TRACE] uvicorn.asgi: ::1:59973 - ASGI [15] Send {'type': 'http.response.body', 'body': '<45 bytes>', 'more_body': True}
2026-04-20 13:38:13,520 [TRACE] uvicorn.asgi: ::1:63235 - ASGI [25] Send {'type': 'http.response.body', 'body': '<45 bytes>', 'more_body': True}
2026-04-20 13:38:24,799 [TRACE] uvicorn.asgi: ::1:59973 - ASGI [15] Send {'type': 'http.response.body', 'body': '<45 bytes>', 'more_body': True}
2026-04-20 13:38:28,533 [TRACE] uvicorn.asgi: ::1:63235 - ASGI [25] Send {'type': 'http.response.body', 'body': '<45 bytes>', 'more_body': True}
2026-04-20 13:38:39,801 [TRACE] uvicorn.asgi: ::1:59973 - ASGI [15] Send {'type': 'http.response.body', 'body': '<45 bytes>', 'more_body': True}
2026-04-20 13:38:43,535 [TRACE] uvicorn.asgi: ::1:63235 - ASGI [25] Send {'type': 'http.response.body', 'body': '<45 bytes>', 'more_body': True}
2026-04-20 13:38:54,827 [TRACE] uvicorn.asgi: ::1:59973 - ASGI [15] Send {'type': 'http.response.body', 'body': '<45 bytes>', 'more_body': True}
2026-04-20 13:38:58,559 [TRACE] uvicorn.asgi: ::1:63235 - ASGI [25] Send {'type': 'http.response.body', 'body': '<45 bytes>', 'more_body': True}
2026-04-20 13:39:09,816 [TRACE] uvicorn.asgi: ::1:59973 - ASGI [15] Send {'type': 'http.response.body', 'body': '<45 bytes>', 'more_body': True}
2026-04-20 13:39:13,569 [TRACE] uvicorn.asgi: ::1:63235 - ASGI [25] Send {'type': 'http.response.body', 'body': '<45 bytes>', 'more_body': True}
2026-04-20 13:39:24,827 [TRACE] uvicorn.asgi: ::1:59973 - ASGI [15] Send {'type': 'http.response.body', 'body': '<45 bytes>', 'more_body': True}
2026-04-20 13:39:28,577 [TRACE] uvicorn.asgi: ::1:63235 - ASGI [25] Send {'type': 'http.response.body', 'body': '<45 bytes>', 'more_body': True}
2026-04-20 13:39:39,832 [TRACE] uvicorn.asgi: ::1:59973 - ASGI [15] Send {'type': 'http.response.body', 'body': '<45 bytes>', 'more_body': True}
2026-04-20 13:39:43,582 [TRACE] uvicorn.asgi: ::1:63235 - ASGI [25] Send {'type': 'http.response.body', 'body': '<45 bytes>', 'more_body': True}
2026-04-20 13:39:54,858 [TRACE] uvicorn.asgi: ::1:59973 - ASGI [15] Send {'type': 'http.response.body', 'body': '<45 bytes>', 'more_body': True}
2026-04-20 13:39:58,593 [TRACE] uvicorn.asgi: ::1:63235 - ASGI [25] Send {'type': 'http.response.body', 'body': '<45 bytes>', 'more_body': True}
2026-04-20 13:40:09,875 [TRACE] uvicorn.asgi: ::1:59973 - ASGI [15] Send {'type': 'http.response.body', 'body': '<45 bytes>', 'more_body': True}
2026-04-20 13:40:13,610 [TRACE] uvicorn.asgi: ::1:63235 - ASGI [25] Send {'type': 'http.response.body', 'body': '<45 bytes>', 'more_body': True}
2026-04-20 13:40:24,885 [TRACE] uvicorn.asgi: ::1:59973 - ASGI [15] Send {'type': 'http.response.body', 'body': '<45 bytes>', 'more_body': True}
2026-04-20 13:40:28,603 [TRACE] uvicorn.asgi: ::1:63235 - ASGI [25] Send {'type': 'http.response.body', 'body': '<45 bytes>', 'more_body': True}
2026-04-20 13:40:39,903 [TRACE] uvicorn.asgi: ::1:59973 - ASGI [15] Send {'type': 'http.response.body', 'body': '<45 bytes>', 'more_body': True}
2026-04-20 13:40:43,617 [TRACE] uvicorn.asgi: ::1:63235 - ASGI [25] Send {'type': 'http.response.body', 'body': '<45 bytes>', 'more_body': True}
2026-04-20 13:40:54,922 [TRACE] uvicorn.asgi: ::1:59973 - ASGI [15] Send {'type': 'http.response.body', 'body': '<45 bytes>', 'more_body': True}
2026-04-20 13:40:58,636 [TRACE] uvicorn.asgi: ::1:63235 - ASGI [25] Send {'type': 'http.response.body', 'body': '<45 bytes>', 'more_body': True}
2026-04-20 13:41:09,935 [TRACE] uvicorn.asgi: ::1:59973 - ASGI [15] Send {'type': 'http.response.body', 'body': '<45 bytes>', 'more_body': True}
2026-04-20 13:41:13,644 [TRACE] uvicorn.asgi: ::1:63235 - ASGI [25] Send {'type': 'http.response.body', 'body': '<45 bytes>', 'more_body': True}
2026-04-20 13:41:24,948 [TRACE] uvicorn.asgi: ::1:59973 - ASGI [15] Send {'type': 'http.response.body', 'body': '<45 bytes>', 'more_body': True}
2026-04-20 13:41:28,660 [TRACE] uvicorn.asgi: ::1:63235 - ASGI [25] Send {'type': 'http.response.body', 'body': '<45 bytes>', 'more_body': True}
2026-04-20 13:41:39,972 [TRACE] uvicorn.asgi: ::1:59973 - ASGI [15] Send {'type': 'http.response.body', 'body': '<45 bytes>', 'more_body': True}
2026-04-20 13:41:43,688 [TRACE] uvicorn.asgi: ::1:63235 - ASGI [25] Send {'type': 'http.response.body', 'body': '<45 bytes>', 'more_body': True}
2026-04-20 13:41:54,974 [TRACE] uvicorn.asgi: ::1:59973 - ASGI [15] Send {'type': 'http.response.body', 'body': '<45 bytes>', 'more_body': True}
2026-04-20 13:41:58,696 [TRACE] uvicorn.asgi: ::1:63235 - ASGI [25] Send {'type': 'http.response.body', 'body': '<45 bytes>', 'more_body': True}
2026-04-20 13:42:09,987 [TRACE] uvicorn.asgi: ::1:59973 - ASGI [15] Send {'type': 'http.response.body', 'body': '<45 bytes>', 'more_body': True}
2026-04-20 13:42:13,694 [TRACE] uvicorn.asgi: ::1:63235 - ASGI [25] Send {'type': 'http.response.body', 'body': '<45 bytes>', 'more_body': True}
2026-04-20 13:42:24,988 [TRACE] uvicorn.asgi: ::1:59973 - ASGI [15] Send {'type': 'http.response.body', 'body': '<45 bytes>', 'more_body': True}
2026-04-20 13:42:28,681 [TRACE] uvicorn.asgi: ::1:63235 - ASGI [25] Send {'type': 'http.response.body', 'body': '<45 bytes>', 'more_body': True}
2026-04-20 13:42:39,979 [TRACE] uvicorn.asgi: ::1:59973 - ASGI [15] Send {'type': 'http.response.body', 'body': '<45 bytes>', 'more_body': True}
2026-04-20 13:42:43,698 [TRACE] uvicorn.asgi: ::1:63235 - ASGI [25] Send {'type': 'http.response.body', 'body': '<45 bytes>', 'more_body': True}
2026-04-20 13:42:54,985 [TRACE] uvicorn.asgi: ::1:59973 - ASGI [15] Send {'type': 'http.response.body', 'body': '<45 bytes>', 'more_body': True}
2026-04-20 13:42:58,676 [TRACE] uvicorn.asgi: ::1:63235 - ASGI [25] Send {'type': 'http.response.body', 'body': '<45 bytes>', 'more_body': True}
2026-04-20 13:43:09,995 [TRACE] uvicorn.asgi: ::1:59973 - ASGI [15] Send {'type': 'http.response.body', 'body': '<45 bytes>', 'more_body': True}
2026-04-20 13:43:13,702 [TRACE] uvicorn.asgi: ::1:63235 - ASGI [25] Send {'type': 'http.response.body', 'body': '<45 bytes>', 'more_body': True}
2026-04-20 13:43:24,998 [TRACE] uvicorn.asgi: ::1:59973 - ASGI [15] Send {'type': 'http.response.body', 'body': '<45 bytes>', 'more_body': True}
2026-04-20 13:43:28,716 [TRACE] uvicorn.asgi: ::1:63235 - ASGI [25] Send {'type': 'http.response.body', 'body': '<45 bytes>', 'more_body': True}
2026-04-20 13:43:40,001 [TRACE] uvicorn.asgi: ::1:59973 - ASGI [15] Send {'type': 'http.response.body', 'body': '<45 bytes>', 'more_body': True}
2026-04-20 13:43:43,732 [TRACE] uvicorn.asgi: ::1:63235 - ASGI [25] Send {'type': 'http.response.body', 'body': '<45 bytes>', 'more_body': True}
2026-04-20 13:43:55,017 [TRACE] uvicorn.asgi: ::1:59973 - ASGI [15] Send {'type': 'http.response.body', 'body': '<45 bytes>', 'more_body': True}
2026-04-20 13:43:58,740 [TRACE] uvicorn.asgi: ::1:63235 - ASGI [25] Send {'type': 'http.response.body', 'body': '<45 bytes>', 'more_body': True}
2026-04-20 13:44:10,024 [TRACE] uvicorn.asgi: ::1:59973 - ASGI [15] Send {'type': 'http.response.body', 'body': '<45 bytes>', 'more_body': True}
2026-04-20 13:44:13,745 [TRACE] uvicorn.asgi: ::1:63235 - ASGI [25] Send {'type': 'http.response.body', 'body': '<45 bytes>', 'more_body': True}
2026-04-20 13:44:25,044 [TRACE] uvicorn.asgi: ::1:59973 - ASGI [15] Send {'type': 'http.response.body', 'body': '<45 bytes>', 'more_body': True}
2026-04-20 13:44:28,765 [TRACE] uvicorn.asgi: ::1:63235 - ASGI [25] Send {'type': 'http.response.body', 'body': '<45 bytes>', 'more_body': True}
2026-04-20 13:44:40,044 [TRACE] uvicorn.asgi: ::1:59973 - ASGI [15] Send {'type': 'http.response.body', 'body': '<45 bytes>', 'more_body': True}
2026-04-20 13:44:43,771 [TRACE] uvicorn.asgi: ::1:63235 - ASGI [25] Send {'type': 'http.response.body', 'body': '<45 bytes>', 'more_body': True}
2026-04-20 13:44:55,044 [TRACE] uvicorn.asgi: ::1:59973 - ASGI [15] Send {'type': 'http.response.body', 'body': '<45 bytes>', 'more_body': True}
2026-04-20 13:44:58,797 [TRACE] uvicorn.asgi: ::1:63235 - ASGI [25] Send {'type': 'http.response.body', 'body': '<45 bytes>', 'more_body': True}
2026-04-20 13:45:10,060 [TRACE] uvicorn.asgi: ::1:59973 - ASGI [15] Send {'type': 'http.response.body', 'body': '<45 bytes>', 'more_body': True}
2026-04-20 13:45:13,813 [TRACE] uvicorn.asgi: ::1:63235 - ASGI [25] Send {'type': 'http.response.body', 'body': '<45 bytes>', 'more_body': True}
2026-04-20 13:45:25,077 [TRACE] uvicorn.asgi: ::1:59973 - ASGI [15] Send {'type': 'http.response.body', 'body': '<45 bytes>', 'more_body': True}
2026-04-20 13:45:28,826 [TRACE] uvicorn.asgi: ::1:63235 - ASGI [25] Send {'type': 'http.response.body', 'body': '<45 bytes>', 'more_body': True}
2026-04-20 13:45:40,081 [TRACE] uvicorn.asgi: ::1:59973 - ASGI [15] Send {'type': 'http.response.body', 'body': '<45 bytes>', 'more_body': True}
2026-04-20 13:45:43,832 [TRACE] uvicorn.asgi: ::1:63235 - ASGI [25] Send {'type': 'http.response.body', 'body': '<45 bytes>', 'more_body': True}
2026-04-20 13:45:55,092 [TRACE] uvicorn.asgi: ::1:59973 - ASGI [15] Send {'type': 'http.response.body', 'body': '<45 bytes>', 'more_body': True}
2026-04-20 13:45:58,837 [TRACE] uvicorn.asgi: ::1:63235 - ASGI [25] Send {'type': 'http.response.body', 'body': '<45 bytes>', 'more_body': True}
2026-04-20 13:46:10,100 [TRACE] uvicorn.asgi: ::1:59973 - ASGI [15] Send {'type': 'http.response.body', 'body': '<45 bytes>', 'more_body': True}
2026-04-20 13:46:13,851 [TRACE] uvicorn.asgi: ::1:63235 - ASGI [25] Send {'type': 'http.response.body', 'body': '<45 bytes>', 'more_body': True}
2026-04-20 13:46:25,110 [TRACE] uvicorn.asgi: ::1:59973 - ASGI [15] Send {'type': 'http.response.body', 'body': '<45 bytes>', 'more_body': True}
2026-04-20 13:46:28,860 [TRACE] uvicorn.asgi: ::1:63235 - ASGI [25] Send {'type': 'http.response.body', 'body': '<45 bytes>', 'more_body': True}
2026-04-20 13:46:40,125 [TRACE] uvicorn.asgi: ::1:59973 - ASGI [15] Send {'type': 'http.response.body', 'body': '<45 bytes>', 'more_body': True}
2026-04-20 13:46:43,864 [TRACE] uvicorn.asgi: ::1:63235 - ASGI [25] Send {'type': 'http.response.body', 'body': '<45 bytes>', 'more_body': True}
2026-04-20 13:46:55,129 [TRACE] uvicorn.asgi: ::1:59973 - ASGI [15] Send {'type': 'http.response.body', 'body': '<45 bytes>', 'more_body': True}
2026-04-20 13:46:58,882 [TRACE] uvicorn.asgi: ::1:63235 - ASGI [25] Send {'type': 'http.response.body', 'body': '<45 bytes>', 'more_body': True}
2026-04-20 13:47:10,156 [TRACE] uvicorn.asgi: ::1:59973 - ASGI [15] Send {'type': 'http.response.body', 'body': '<45 bytes>', 'more_body': True}
2026-04-20 13:47:13,902 [TRACE] uvicorn.asgi: ::1:63235 - ASGI [25] Send {'type': 'http.response.body', 'body': '<45 bytes>', 'more_body': True}
2026-04-20 13:47:25,148 [TRACE] uvicorn.asgi: ::1:59973 - ASGI [15] Send {'type': 'http.response.body', 'body': '<45 bytes>', 'more_body': True}
2026-04-20 13:47:28,924 [TRACE] uvicorn.asgi: ::1:63235 - ASGI [25] Send {'type': 'http.response.body', 'body': '<45 bytes>', 'more_body': True}
2026-04-20 13:47:40,160 [TRACE] uvicorn.asgi: ::1:59973 - ASGI [15] Send {'type': 'http.response.body', 'body': '<45 bytes>', 'more_body': True}
2026-04-20 13:47:43,925 [TRACE] uvicorn.asgi: ::1:63235 - ASGI [25] Send {'type': 'http.response.body', 'body': '<45 bytes>', 'more_body': True}
2026-04-20 13:47:55,180 [TRACE] uvicorn.asgi: ::1:59973 - ASGI [15] Send {'type': 'http.response.body', 'body': '<45 bytes>', 'more_body': True}
2026-04-20 13:47:58,935 [TRACE] uvicorn.asgi: ::1:63235 - ASGI [25] Send {'type': 'http.response.body', 'body': '<45 bytes>', 'more_body': True}
2026-04-20 13:48:10,194 [TRACE] uvicorn.asgi: ::1:59973 - ASGI [15] Send {'type': 'http.response.body', 'body': '<45 bytes>', 'more_body': True}
2026-04-20 13:48:13,955 [TRACE] uvicorn.asgi: ::1:63235 - ASGI [25] Send {'type': 'http.response.body', 'body': '<45 bytes>', 'more_body': True}
2026-04-20 13:48:25,202 [TRACE] uvicorn.asgi: ::1:59973 - ASGI [15] Send {'type': 'http.response.body', 'body': '<45 bytes>', 'more_body': True}
2026-04-20 13:48:28,944 [TRACE] uvicorn.asgi: ::1:63235 - ASGI [25] Send {'type': 'http.response.body', 'body': '<45 bytes>', 'more_body': True}
2026-04-20 13:48:40,207 [TRACE] uvicorn.asgi: ::1:59973 - ASGI [15] Send {'type': 'http.response.body', 'body': '<45 bytes>', 'more_body': True}
2026-04-20 13:48:43,965 [TRACE] uvicorn.asgi: ::1:63235 - ASGI [25] Send {'type': 'http.response.body', 'body': '<45 bytes>', 'more_body': True}
2026-04-20 13:48:55,208 [TRACE] uvicorn.asgi: ::1:59973 - ASGI [15] Send {'type': 'http.response.body', 'body': '<45 bytes>', 'more_body': True}
2026-04-20 13:48:58,984 [TRACE] uvicorn.asgi: ::1:63235 - ASGI [25] Send {'type': 'http.response.body', 'body': '<45 bytes>', 'more_body': True}
2026-04-20 13:49:10,219 [TRACE] uvicorn.asgi: ::1:59973 - ASGI [15] Send {'type': 'http.response.body', 'body': '<45 bytes>', 'more_body': True}
2026-04-20 13:49:13,995 [TRACE] uvicorn.asgi: ::1:63235 - ASGI [25] Send {'type': 'http.response.body', 'body': '<45 bytes>', 'more_body': True}
2026-04-20 13:49:25,227 [TRACE] uvicorn.asgi: ::1:59973 - ASGI [15] Send {'type': 'http.response.body', 'body': '<45 bytes>', 'more_body': True}
2026-04-20 13:49:29,003 [TRACE] uvicorn.asgi: ::1:63235 - ASGI [25] Send {'type': 'http.response.body', 'body': '<45 bytes>', 'more_body': True}
2026-04-20 13:49:40,220 [TRACE] uvicorn.asgi: ::1:59973 - ASGI [15] Send {'type': 'http.response.body', 'body': '<45 bytes>', 'more_body': True}
2026-04-20 13:49:44,017 [TRACE] uvicorn.asgi: ::1:63235 - ASGI [25] Send {'type': 'http.response.body', 'body': '<45 bytes>', 'more_body': True}
2026-04-20 13:49:55,233 [TRACE] uvicorn.asgi: ::1:59973 - ASGI [15] Send {'type': 'http.response.body', 'body': '<45 bytes>', 'more_body': True}
2026-04-20 13:49:59,031 [TRACE] uvicorn.asgi: ::1:63235 - ASGI [25] Send {'type': 'http.response.body', 'body': '<45 bytes>', 'more_body': True}
2026-04-20 13:50:10,242 [TRACE] uvicorn.asgi: ::1:59973 - ASGI [15] Send {'type': 'http.response.body', 'body': '<45 bytes>', 'more_body': True}
2026-04-20 13:50:14,031 [TRACE] uvicorn.asgi: ::1:63235 - ASGI [25] Send {'type': 'http.response.body', 'body': '<45 bytes>', 'more_body': True}
2026-04-20 13:50:25,266 [TRACE] uvicorn.asgi: ::1:59973 - ASGI [15] Send {'type': 'http.response.body', 'body': '<45 bytes>', 'more_body': True}
2026-04-20 13:50:29,012 [TRACE] uvicorn.asgi: ::1:63235 - ASGI [25] Send {'type': 'http.response.body', 'body': '<45 bytes>', 'more_body': True}
2026-04-20 13:50:40,284 [TRACE] uvicorn.asgi: ::1:59973 - ASGI [15] Send {'type': 'http.response.body', 'body': '<45 bytes>', 'more_body': True}
2026-04-20 13:50:44,019 [TRACE] uvicorn.asgi: ::1:63235 - ASGI [25] Send {'type': 'http.response.body', 'body': '<45 bytes>', 'more_body': True}
2026-04-20 13:50:55,271 [TRACE] uvicorn.asgi: ::1:59973 - ASGI [15] Send {'type': 'http.response.body', 'body': '<45 bytes>', 'more_body': True}
2026-04-20 13:50:59,015 [TRACE] uvicorn.asgi: ::1:63235 - ASGI [25] Send {'type': 'http.response.body', 'body': '<45 bytes>', 'more_body': True}
2026-04-20 13:51:10,271 [TRACE] uvicorn.asgi: ::1:59973 - ASGI [15] Send {'type': 'http.response.body', 'body': '<45 bytes>', 'more_body': True}
2026-04-20 13:51:14,035 [TRACE] uvicorn.asgi: ::1:63235 - ASGI [25] Send {'type': 'http.response.body', 'body': '<45 bytes>', 'more_body': True}
2026-04-20 13:51:25,280 [TRACE] uvicorn.asgi: ::1:59973 - ASGI [15] Send {'type': 'http.response.body', 'body': '<45 bytes>', 'more_body': True}
2026-04-20 13:51:29,051 [TRACE] uvicorn.asgi: ::1:63235 - ASGI [25] Send {'type': 'http.response.body', 'body': '<45 bytes>', 'more_body': True}
2026-04-20 13:51:40,276 [TRACE] uvicorn.asgi: ::1:59973 - ASGI [15] Send {'type': 'http.response.body', 'body': '<45 bytes>', 'more_body': True}
2026-04-20 13:51:44,070 [TRACE] uvicorn.asgi: ::1:63235 - ASGI [25] Send {'type': 'http.response.body', 'body': '<45 bytes>', 'more_body': True}
2026-04-20 13:51:55,280 [TRACE] uvicorn.asgi: ::1:59973 - ASGI [15] Send {'type': 'http.response.body', 'body': '<45 bytes>', 'more_body': True}
2026-04-20 13:51:59,093 [TRACE] uvicorn.asgi: ::1:63235 - ASGI [25] Send {'type': 'http.response.body', 'body': '<45 bytes>', 'more_body': True}
2026-04-20 13:52:10,287 [TRACE] uvicorn.asgi: ::1:59973 - ASGI [15] Send {'type': 'http.response.body', 'body': '<45 bytes>', 'more_body': True}
2026-04-20 13:52:14,098 [TRACE] uvicorn.asgi: ::1:63235 - ASGI [25] Send {'type': 'http.response.body', 'body': '<45 bytes>', 'more_body': True}
2026-04-20 13:52:25,314 [TRACE] uvicorn.asgi: ::1:59973 - ASGI [15] Send {'type': 'http.response.body', 'body': '<45 bytes>', 'more_body': True}
2026-04-20 13:52:29,090 [TRACE] uvicorn.asgi: ::1:63235 - ASGI [25] Send {'type': 'http.response.body', 'body': '<45 bytes>', 'more_body': True}
2026-04-20 13:52:40,321 [TRACE] uvicorn.asgi: ::1:59973 - ASGI [15] Send {'type': 'http.response.body', 'body': '<45 bytes>', 'more_body': True}
2026-04-20 13:52:44,097 [TRACE] uvicorn.asgi: ::1:63235 - ASGI [25] Send {'type': 'http.response.body', 'body': '<45 bytes>', 'more_body': True}
2026-04-20 13:52:55,347 [TRACE] uvicorn.asgi: ::1:59973 - ASGI [15] Send {'type': 'http.response.body', 'body': '<45 bytes>', 'more_body': True}
2026-04-20 13:52:59,099 [TRACE] uvicorn.asgi: ::1:63235 - ASGI [25] Send {'type': 'http.response.body', 'body': '<45 bytes>', 'more_body': True}
2026-04-20 13:53:10,372 [TRACE] uvicorn.asgi: ::1:59973 - ASGI [15] Send {'type': 'http.response.body', 'body': '<45 bytes>', 'more_body': True}
2026-04-20 13:53:14,094 [TRACE] uvicorn.asgi: ::1:63235 - ASGI [25] Send {'type': 'http.response.body', 'body': '<45 bytes>', 'more_body': True}
2026-04-20 13:53:25,392 [TRACE] uvicorn.asgi: ::1:59973 - ASGI [15] Send {'type': 'http.response.body', 'body': '<45 bytes>', 'more_body': True}
2026-04-20 13:53:29,086 [TRACE] uvicorn.asgi: ::1:63235 - ASGI [25] Send {'type': 'http.response.body', 'body': '<45 bytes>', 'more_body': True}
2026-04-20 13:53:40,386 [TRACE] uvicorn.asgi: ::1:59973 - ASGI [15] Send {'type': 'http.response.body', 'body': '<45 bytes>', 'more_body': True}
2026-04-20 13:53:44,087 [TRACE] uvicorn.asgi: ::1:63235 - ASGI [25] Send {'type': 'http.response.body', 'body': '<45 bytes>', 'more_body': True}
2026-04-20 13:53:55,403 [TRACE] uvicorn.asgi: ::1:59973 - ASGI [15] Send {'type': 'http.response.body', 'body': '<45 bytes>', 'more_body': True}
2026-04-20 13:53:59,102 [TRACE] uvicorn.asgi: ::1:63235 - ASGI [25] Send {'type': 'http.response.body', 'body': '<45 bytes>', 'more_body': True}
2026-04-20 13:54:10,410 [TRACE] uvicorn.asgi: ::1:59973 - ASGI [15] Send {'type': 'http.response.body', 'body': '<45 bytes>', 'more_body': True}
2026-04-20 13:54:14,117 [TRACE] uvicorn.asgi: ::1:63235 - ASGI [25] Send {'type': 'http.response.body', 'body': '<45 bytes>', 'more_body': True}
2026-04-20 13:54:25,398 [TRACE] uvicorn.asgi: ::1:59973 - ASGI [15] Send {'type': 'http.response.body', 'body': '<45 bytes>', 'more_body': True}
2026-04-20 13:54:29,130 [TRACE] uvicorn.asgi: ::1:63235 - ASGI [25] Send {'type': 'http.response.body', 'body': '<45 bytes>', 'more_body': True}
2026-04-20 13:54:40,418 [TRACE] uvicorn.asgi: ::1:59973 - ASGI [15] Send {'type': 'http.response.body', 'body': '<45 bytes>', 'more_body': True}
2026-04-20 13:54:44,157 [TRACE] uvicorn.asgi: ::1:63235 - ASGI [25] Send {'type': 'http.response.body', 'body': '<45 bytes>', 'more_body': True}
2026-04-20 13:54:55,418 [TRACE] uvicorn.asgi: ::1:59973 - ASGI [15] Send {'type': 'http.response.body', 'body': '<45 bytes>', 'more_body': True}
2026-04-20 13:54:59,147 [TRACE] uvicorn.asgi: ::1:63235 - ASGI [25] Send {'type': 'http.response.body', 'body': '<45 bytes>', 'more_body': True}
2026-04-20 13:55:10,432 [TRACE] uvicorn.asgi: ::1:59973 - ASGI [15] Send {'type': 'http.response.body', 'body': '<45 bytes>', 'more_body': True}
2026-04-20 13:55:14,160 [TRACE] uvicorn.asgi: ::1:63235 - ASGI [25] Send {'type': 'http.response.body', 'body': '<45 bytes>', 'more_body': True}
2026-04-20 13:55:25,433 [TRACE] uvicorn.asgi: ::1:59973 - ASGI [15] Send {'type': 'http.response.body', 'body': '<45 bytes>', 'more_body': True}
2026-04-20 13:55:29,186 [TRACE] uvicorn.asgi: ::1:63235 - ASGI [25] Send {'type': 'http.response.body', 'body': '<45 bytes>', 'more_body': True}
2026-04-20 13:55:40,453 [TRACE] uvicorn.asgi: ::1:59973 - ASGI [15] Send {'type': 'http.response.body', 'body': '<45 bytes>', 'more_body': True}
2026-04-20 13:55:44,189 [TRACE] uvicorn.asgi: ::1:63235 - ASGI [25] Send {'type': 'http.response.body', 'body': '<45 bytes>', 'more_body': True}
2026-04-20 13:55:55,443 [TRACE] uvicorn.asgi: ::1:59973 - ASGI [15] Send {'type': 'http.response.body', 'body': '<45 bytes>', 'more_body': True}
2026-04-20 13:55:59,196 [TRACE] uvicorn.asgi: ::1:63235 - ASGI [25] Send {'type': 'http.response.body', 'body': '<45 bytes>', 'more_body': True}
2026-04-20 13:56:10,468 [TRACE] uvicorn.asgi: ::1:59973 - ASGI [15] Send {'type': 'http.response.body', 'body': '<45 bytes>', 'more_body': True}
2026-04-20 13:56:14,207 [TRACE] uvicorn.asgi: ::1:63235 - ASGI [25] Send {'type': 'http.response.body', 'body': '<45 bytes>', 'more_body': True}
2026-04-20 13:56:25,486 [TRACE] uvicorn.asgi: ::1:59973 - ASGI [15] Send {'type': 'http.response.body', 'body': '<45 bytes>', 'more_body': True}
2026-04-20 13:56:29,233 [TRACE] uvicorn.asgi: ::1:63235 - ASGI [25] Send {'type': 'http.response.body', 'body': '<45 bytes>', 'more_body': True}
2026-04-20 13:56:40,458 [TRACE] uvicorn.asgi: ::1:59973 - ASGI [15] Send {'type': 'http.response.body', 'body': '<45 bytes>', 'more_body': True}
2026-04-20 13:56:44,228 [TRACE] uvicorn.asgi: ::1:63235 - ASGI [25] Send {'type': 'http.response.body', 'body': '<45 bytes>', 'more_body': True}
2026-04-20 13:56:55,482 [TRACE] uvicorn.asgi: ::1:59973 - ASGI [15] Send {'type': 'http.response.body', 'body': '<45 bytes>', 'more_body': True}
2026-04-20 13:56:59,212 [TRACE] uvicorn.asgi: ::1:63235 - ASGI [25] Send {'type': 'http.response.body', 'body': '<45 bytes>', 'more_body': True}
2026-04-20 13:57:10,463 [TRACE] uvicorn.asgi: ::1:59973 - ASGI [15] Send {'type': 'http.response.body', 'body': '<45 bytes>', 'more_body': True}
2026-04-20 13:57:14,211 [TRACE] uvicorn.asgi: ::1:63235 - ASGI [25] Send {'type': 'http.response.body', 'body': '<45 bytes>', 'more_body': True}
2026-04-20 13:57:25,463 [TRACE] uvicorn.asgi: ::1:59973 - ASGI [15] Send {'type': 'http.response.body', 'body': '<45 bytes>', 'more_body': True}
2026-04-20 13:57:29,229 [TRACE] uvicorn.asgi: ::1:63235 - ASGI [25] Send {'type': 'http.response.body', 'body': '<45 bytes>', 'more_body': True}
2026-04-20 13:57:40,485 [TRACE] uvicorn.asgi: ::1:59973 - ASGI [15] Send {'type': 'http.response.body', 'body': '<45 bytes>', 'more_body': True}
2026-04-20 13:57:44,235 [TRACE] uvicorn.asgi: ::1:63235 - ASGI [25] Send {'type': 'http.response.body', 'body': '<45 bytes>', 'more_body': True}
2026-04-20 13:57:55,475 [TRACE] uvicorn.asgi: ::1:59973 - ASGI [15] Send {'type': 'http.response.body', 'body': '<45 bytes>', 'more_body': True}
2026-04-20 13:57:59,249 [TRACE] uvicorn.asgi: ::1:63235 - ASGI [25] Send {'type': 'http.response.body', 'body': '<45 bytes>', 'more_body': True}
2026-04-20 13:58:10,480 [TRACE] uvicorn.asgi: ::1:59973 - ASGI [15] Send {'type': 'http.response.body', 'body': '<45 bytes>', 'more_body': True}
2026-04-20 13:58:14,253 [TRACE] uvicorn.asgi: ::1:63235 - ASGI [25] Send {'type': 'http.response.body', 'body': '<45 bytes>', 'more_body': True}
2026-04-20 13:58:25,483 [TRACE] uvicorn.asgi: ::1:59973 - ASGI [15] Send {'type': 'http.response.body', 'body': '<45 bytes>', 'more_body': True}
2026-04-20 13:58:29,250 [TRACE] uvicorn.asgi: ::1:63235 - ASGI [25] Send {'type': 'http.response.body', 'body': '<45 bytes>', 'more_body': True}
2026-04-20 13:58:40,481 [TRACE] uvicorn.asgi: ::1:59973 - ASGI [15] Send {'type': 'http.response.body', 'body': '<45 bytes>', 'more_body': True}
2026-04-20 13:58:44,260 [TRACE] uvicorn.asgi: ::1:63235 - ASGI [25] Send {'type': 'http.response.body', 'body': '<45 bytes>', 'more_body': True}
2026-04-20 13:58:55,476 [TRACE] uvicorn.asgi: ::1:59973 - ASGI [15] Send {'type': 'http.response.body', 'body': '<45 bytes>', 'more_body': True}
2026-04-20 13:58:59,284 [TRACE] uvicorn.asgi: ::1:63235 - ASGI [25] Send {'type': 'http.response.body', 'body': '<45 bytes>', 'more_body': True}
2026-04-20 13:59:10,469 [TRACE] uvicorn.asgi: ::1:59973 - ASGI [15] Send {'type': 'http.response.body', 'body': '<45 bytes>', 'more_body': True}
2026-04-20 13:59:14,275 [TRACE] uvicorn.asgi: ::1:63235 - ASGI [25] Send {'type': 'http.response.body', 'body': '<45 bytes>', 'more_body': True}
2026-04-20 13:59:25,479 [TRACE] uvicorn.asgi: ::1:59973 - ASGI [15] Send {'type': 'http.response.body', 'body': '<45 bytes>', 'more_body': True}
2026-04-20 13:59:29,293 [TRACE] uvicorn.asgi: ::1:63235 - ASGI [25] Send {'type': 'http.response.body', 'body': '<45 bytes>', 'more_body': True}
2026-04-20 13:59:40,471 [TRACE] uvicorn.asgi: ::1:59973 - ASGI [15] Send {'type': 'http.response.body', 'body': '<45 bytes>', 'more_body': True}
2026-04-20 13:59:44,309 [TRACE] uvicorn.asgi: ::1:63235 - ASGI [25] Send {'type': 'http.response.body', 'body': '<45 bytes>', 'more_body': True}
2026-04-20 13:59:55,487 [TRACE] uvicorn.asgi: ::1:59973 - ASGI [15] Send {'type': 'http.response.body', 'body': '<45 bytes>', 'more_body': True}
2026-04-20 13:59:59,317 [TRACE] uvicorn.asgi: ::1:63235 - ASGI [25] Send {'type': 'http.response.body', 'body': '<45 bytes>', 'more_body': True}
2026-04-20 14:00:10,488 [TRACE] uvicorn.asgi: ::1:59973 - ASGI [15] Send {'type': 'http.response.body', 'body': '<45 bytes>', 'more_body': True}
2026-04-20 14:00:14,334 [TRACE] uvicorn.asgi: ::1:63235 - ASGI [25] Send {'type': 'http.response.body', 'body': '<45 bytes>', 'more_body': True}
2026-04-20 14:00:25,509 [TRACE] uvicorn.asgi: ::1:59973 - ASGI [15] Send {'type': 'http.response.body', 'body': '<45 bytes>', 'more_body': True}
2026-04-20 14:00:29,346 [TRACE] uvicorn.asgi: ::1:63235 - ASGI [25] Send {'type': 'http.response.body', 'body': '<45 bytes>', 'more_body': True}
2026-04-20 14:00:40,526 [TRACE] uvicorn.asgi: ::1:59973 - ASGI [15] Send {'type': 'http.response.body', 'body': '<45 bytes>', 'more_body': True}
2026-04-20 14:00:44,342 [TRACE] uvicorn.asgi: ::1:63235 - ASGI [25] Send {'type': 'http.response.body', 'body': '<45 bytes>', 'more_body': True}
2026-04-20 14:00:55,532 [TRACE] uvicorn.asgi: ::1:59973 - ASGI [15] Send {'type': 'http.response.body', 'body': '<45 bytes>', 'more_body': True}
2026-04-20 14:00:59,356 [TRACE] uvicorn.asgi: ::1:63235 - ASGI [25] Send {'type': 'http.response.body', 'body': '<45 bytes>', 'more_body': True}
2026-04-20 14:01:10,518 [TRACE] uvicorn.asgi: ::1:59973 - ASGI [15] Send {'type': 'http.response.body', 'body': '<45 bytes>', 'more_body': True}
2026-04-20 14:01:14,351 [TRACE] uvicorn.asgi: ::1:63235 - ASGI [25] Send {'type': 'http.response.body', 'body': '<45 bytes>', 'more_body': True}
2026-04-20 14:01:25,530 [TRACE] uvicorn.asgi: ::1:59973 - ASGI [15] Send {'type': 'http.response.body', 'body': '<45 bytes>', 'more_body': True}
2026-04-20 14:01:29,355 [TRACE] uvicorn.asgi: ::1:63235 - ASGI [25] Send {'type': 'http.response.body', 'body': '<45 bytes>', 'more_body': True}
2026-04-20 14:01:40,539 [TRACE] uvicorn.asgi: ::1:59973 - ASGI [15] Send {'type': 'http.response.body', 'body': '<45 bytes>', 'more_body': True}
2026-04-20 14:01:44,350 [TRACE] uvicorn.asgi: ::1:63235 - ASGI [25] Send {'type': 'http.response.body', 'body': '<45 bytes>', 'more_body': True}
2026-04-20 14:01:55,566 [TRACE] uvicorn.asgi: ::1:59973 - ASGI [15] Send {'type': 'http.response.body', 'body': '<45 bytes>', 'more_body': True}
2026-04-20 14:01:59,365 [TRACE] uvicorn.asgi: ::1:63235 - ASGI [25] Send {'type': 'http.response.body', 'body': '<45 bytes>', 'more_body': True}
2026-04-20 14:02:10,591 [TRACE] uvicorn.asgi: ::1:59973 - ASGI [15] Send {'type': 'http.response.body', 'body': '<45 bytes>', 'more_body': True}
2026-04-20 14:02:14,365 [TRACE] uvicorn.asgi: ::1:63235 - ASGI [25] Send {'type': 'http.response.body', 'body': '<45 bytes>', 'more_body': True}
2026-04-20 14:02:25,598 [TRACE] uvicorn.asgi: ::1:59973 - ASGI [15] Send {'type': 'http.response.body', 'body': '<45 bytes>', 'more_body': True}
2026-04-20 14:02:29,376 [TRACE] uvicorn.asgi: ::1:63235 - ASGI [25] Send {'type': 'http.response.body', 'body': '<45 bytes>', 'more_body': True}
2026-04-20 14:02:40,610 [TRACE] uvicorn.asgi: ::1:59973 - ASGI [15] Send {'type': 'http.response.body', 'body': '<45 bytes>', 'more_body': True}
2026-04-20 14:02:44,380 [TRACE] uvicorn.asgi: ::1:63235 - ASGI [25] Send {'type': 'http.response.body', 'body': '<45 bytes>', 'more_body': True}
2026-04-20 14:02:55,584 [TRACE] uvicorn.asgi: ::1:59973 - ASGI [15] Send {'type': 'http.response.body', 'body': '<45 bytes>', 'more_body': True}
2026-04-20 14:02:59,408 [TRACE] uvicorn.asgi: ::1:63235 - ASGI [25] Send {'type': 'http.response.body', 'body': '<45 bytes>', 'more_body': True}
2026-04-20 14:03:10,583 [TRACE] uvicorn.asgi: ::1:59973 - ASGI [15] Send {'type': 'http.response.body', 'body': '<45 bytes>', 'more_body': True}
2026-04-20 14:03:14,380 [TRACE] uvicorn.asgi: ::1:63235 - ASGI [25] Send {'type': 'http.response.body', 'body': '<45 bytes>', 'more_body': True}
2026-04-20 14:03:25,606 [TRACE] uvicorn.asgi: ::1:59973 - ASGI [15] Send {'type': 'http.response.body', 'body': '<45 bytes>', 'more_body': True}
2026-04-20 14:03:29,400 [TRACE] uvicorn.asgi: ::1:63235 - ASGI [25] Send {'type': 'http.response.body', 'body': '<45 bytes>', 'more_body': True}
2026-04-20 14:03:40,583 [TRACE] uvicorn.asgi: ::1:59973 - ASGI [15] Send {'type': 'http.response.body', 'body': '<45 bytes>', 'more_body': True}
2026-04-20 14:03:44,381 [TRACE] uvicorn.asgi: ::1:63235 - ASGI [25] Send {'type': 'http.response.body', 'body': '<45 bytes>', 'more_body': True}
2026-04-20 14:03:55,602 [TRACE] uvicorn.asgi: ::1:59973 - ASGI [15] Send {'type': 'http.response.body', 'body': '<45 bytes>', 'more_body': True}
2026-04-20 14:03:59,402 [TRACE] uvicorn.asgi: ::1:63235 - ASGI [25] Send {'type': 'http.response.body', 'body': '<45 bytes>', 'more_body': True}
2026-04-20 14:04:10,615 [TRACE] uvicorn.asgi: ::1:59973 - ASGI [15] Send {'type': 'http.response.body', 'body': '<45 bytes>', 'more_body': True}
2026-04-20 14:04:14,412 [TRACE] uvicorn.asgi: ::1:63235 - ASGI [25] Send {'type': 'http.response.body', 'body': '<45 bytes>', 'more_body': True}
2026-04-20 14:04:25,644 [TRACE] uvicorn.asgi: ::1:59973 - ASGI [15] Send {'type': 'http.response.body', 'body': '<45 bytes>', 'more_body': True}
2026-04-20 14:04:29,430 [TRACE] uvicorn.asgi: ::1:63235 - ASGI [25] Send {'type': 'http.response.body', 'body': '<45 bytes>', 'more_body': True}
2026-04-20 14:04:40,676 [TRACE] uvicorn.asgi: ::1:59973 - ASGI [15] Send {'type': 'http.response.body', 'body': '<45 bytes>', 'more_body': True}
2026-04-20 14:04:44,442 [TRACE] uvicorn.asgi: ::1:63235 - ASGI [25] Send {'type': 'http.response.body', 'body': '<45 bytes>', 'more_body': True}
2026-04-20 14:04:55,707 [TRACE] uvicorn.asgi: ::1:59973 - ASGI [15] Send {'type': 'http.response.body', 'body': '<45 bytes>', 'more_body': True}
2026-04-20 14:04:59,466 [TRACE] uvicorn.asgi: ::1:63235 - ASGI [25] Send {'type': 'http.response.body', 'body': '<45 bytes>', 'more_body': True}
2026-04-20 14:05:10,715 [TRACE] uvicorn.asgi: ::1:59973 - ASGI [15] Send {'type': 'http.response.body', 'body': '<45 bytes>', 'more_body': True}
2026-04-20 14:05:14,486 [TRACE] uvicorn.asgi: ::1:63235 - ASGI [25] Send {'type': 'http.response.body', 'body': '<45 bytes>', 'more_body': True}
2026-04-20 14:05:25,709 [TRACE] uvicorn.asgi: ::1:59973 - ASGI [15] Send {'type': 'http.response.body', 'body': '<45 bytes>', 'more_body': True}
2026-04-20 14:05:29,474 [TRACE] uvicorn.asgi: ::1:63235 - ASGI [25] Send {'type': 'http.response.body', 'body': '<45 bytes>', 'more_body': True}
2026-04-20 14:05:40,719 [TRACE] uvicorn.asgi: ::1:59973 - ASGI [15] Send {'type': 'http.response.body', 'body': '<45 bytes>', 'more_body': True}
2026-04-20 14:05:44,496 [TRACE] uvicorn.asgi: ::1:63235 - ASGI [25] Send {'type': 'http.response.body', 'body': '<45 bytes>', 'more_body': True}
2026-04-20 14:05:55,709 [TRACE] uvicorn.asgi: ::1:59973 - ASGI [15] Send {'type': 'http.response.body', 'body': '<45 bytes>', 'more_body': True}
2026-04-20 14:05:59,505 [TRACE] uvicorn.asgi: ::1:63235 - ASGI [25] Send {'type': 'http.response.body', 'body': '<45 bytes>', 'more_body': True}
2026-04-20 14:06:10,720 [TRACE] uvicorn.asgi: ::1:59973 - ASGI [15] Send {'type': 'http.response.body', 'body': '<45 bytes>', 'more_body': True}
2026-04-20 14:06:14,523 [TRACE] uvicorn.asgi: ::1:63235 - ASGI [25] Send {'type': 'http.response.body', 'body': '<45 bytes>', 'more_body': True}
2026-04-20 14:06:25,736 [TRACE] uvicorn.asgi: ::1:59973 - ASGI [15] Send {'type': 'http.response.body', 'body': '<45 bytes>', 'more_body': True}
2026-04-20 14:06:29,526 [TRACE] uvicorn.asgi: ::1:63235 - ASGI [25] Send {'type': 'http.response.body', 'body': '<45 bytes>', 'more_body': True}
2026-04-20 14:06:40,736 [TRACE] uvicorn.asgi: ::1:59973 - ASGI [15] Send {'type': 'http.response.body', 'body': '<45 bytes>', 'more_body': True}
2026-04-20 14:06:44,533 [TRACE] uvicorn.asgi: ::1:63235 - ASGI [25] Send {'type': 'http.response.body', 'body': '<45 bytes>', 'more_body': True}
2026-04-20 14:06:55,733 [TRACE] uvicorn.asgi: ::1:59973 - ASGI [15] Send {'type': 'http.response.body', 'body': '<45 bytes>', 'more_body': True}
2026-04-20 14:06:59,539 [TRACE] uvicorn.asgi: ::1:63235 - ASGI [25] Send {'type': 'http.response.body', 'body': '<45 bytes>', 'more_body': True}
2026-04-20 14:07:10,748 [TRACE] uvicorn.asgi: ::1:59973 - ASGI [15] Send {'type': 'http.response.body', 'body': '<45 bytes>', 'more_body': True}
2026-04-20 14:07:14,561 [TRACE] uvicorn.asgi: ::1:63235 - ASGI [25] Send {'type': 'http.response.body', 'body': '<45 bytes>', 'more_body': True}
2026-04-20 14:07:25,754 [TRACE] uvicorn.asgi: ::1:59973 - ASGI [15] Send {'type': 'http.response.body', 'body': '<45 bytes>', 'more_body': True}
2026-04-20 14:07:29,582 [TRACE] uvicorn.asgi: ::1:63235 - ASGI [25] Send {'type': 'http.response.body', 'body': '<45 bytes>', 'more_body': True}
2026-04-20 14:07:40,779 [TRACE] uvicorn.asgi: ::1:59973 - ASGI [15] Send {'type': 'http.response.body', 'body': '<45 bytes>', 'more_body': True}
2026-04-20 14:07:44,583 [TRACE] uvicorn.asgi: ::1:63235 - ASGI [25] Send {'type': 'http.response.body', 'body': '<45 bytes>', 'more_body': True}
2026-04-20 14:07:55,792 [TRACE] uvicorn.asgi: ::1:59973 - ASGI [15] Send {'type': 'http.response.body', 'body': '<45 bytes>', 'more_body': True}
2026-04-20 14:07:59,608 [TRACE] uvicorn.asgi: ::1:63235 - ASGI [25] Send {'type': 'http.response.body', 'body': '<45 bytes>', 'more_body': True}
2026-04-20 14:08:10,817 [TRACE] uvicorn.asgi: ::1:59973 - ASGI [15] Send {'type': 'http.response.body', 'body': '<45 bytes>', 'more_body': True}
2026-04-20 14:08:14,600 [TRACE] uvicorn.asgi: ::1:63235 - ASGI [25] Send {'type': 'http.response.body', 'body': '<45 bytes>', 'more_body': True}
2026-04-20 14:08:25,845 [TRACE] uvicorn.asgi: ::1:59973 - ASGI [15] Send {'type': 'http.response.body', 'body': '<45 bytes>', 'more_body': True}
2026-04-20 14:08:29,616 [TRACE] uvicorn.asgi: ::1:63235 - ASGI [25] Send {'type': 'http.response.body', 'body': '<45 bytes>', 'more_body': True}
2026-04-20 14:08:40,855 [TRACE] uvicorn.asgi: ::1:59973 - ASGI [15] Send {'type': 'http.response.body', 'body': '<45 bytes>', 'more_body': True}
2026-04-20 14:08:44,632 [TRACE] uvicorn.asgi: ::1:63235 - ASGI [25] Send {'type': 'http.response.body', 'body': '<45 bytes>', 'more_body': True}
2026-04-20 14:08:55,835 [TRACE] uvicorn.asgi: ::1:59973 - ASGI [15] Send {'type': 'http.response.body', 'body': '<45 bytes>', 'more_body': True}
2026-04-20 14:08:59,644 [TRACE] uvicorn.asgi: ::1:63235 - ASGI [25] Send {'type': 'http.response.body', 'body': '<45 bytes>', 'more_body': True}
2026-04-20 14:09:10,848 [TRACE] uvicorn.asgi: ::1:59973 - ASGI [15] Send {'type': 'http.response.body', 'body': '<45 bytes>', 'more_body': True}
2026-04-20 14:09:14,656 [TRACE] uvicorn.asgi: ::1:63235 - ASGI [25] Send {'type': 'http.response.body', 'body': '<45 bytes>', 'more_body': True}
2026-04-20 14:09:25,846 [TRACE] uvicorn.asgi: ::1:59973 - ASGI [15] Send {'type': 'http.response.body', 'body': '<45 bytes>', 'more_body': True}
2026-04-20 14:09:29,660 [TRACE] uvicorn.asgi: ::1:63235 - ASGI [25] Send {'type': 'http.response.body', 'body': '<45 bytes>', 'more_body': True}
2026-04-20 14:09:40,854 [TRACE] uvicorn.asgi: ::1:59973 - ASGI [15] Send {'type': 'http.response.body', 'body': '<45 bytes>', 'more_body': True}
2026-04-20 14:09:44,648 [TRACE] uvicorn.asgi: ::1:63235 - ASGI [25] Send {'type': 'http.response.body', 'body': '<45 bytes>', 'more_body': True}
2026-04-20 14:09:55,849 [TRACE] uvicorn.asgi: ::1:59973 - ASGI [15] Send {'type': 'http.response.body', 'body': '<45 bytes>', 'more_body': True}
2026-04-20 14:09:59,664 [TRACE] uvicorn.asgi: ::1:63235 - ASGI [25] Send {'type': 'http.response.body', 'body': '<45 bytes>', 'more_body': True}
2026-04-20 14:10:10,845 [TRACE] uvicorn.asgi: ::1:59973 - ASGI [15] Send {'type': 'http.response.body', 'body': '<45 bytes>', 'more_body': True}
2026-04-20 14:10:14,685 [TRACE] uvicorn.asgi: ::1:63235 - ASGI [25] Send {'type': 'http.response.body', 'body': '<45 bytes>', 'more_body': True}
2026-04-20 14:10:25,860 [TRACE] uvicorn.asgi: ::1:59973 - ASGI [15] Send {'type': 'http.response.body', 'body': '<45 bytes>', 'more_body': True}
2026-04-20 14:10:29,707 [TRACE] uvicorn.asgi: ::1:63235 - ASGI [25] Send {'type': 'http.response.body', 'body': '<45 bytes>', 'more_body': True}
2026-04-20 14:10:40,839 [TRACE] uvicorn.asgi: ::1:59973 - ASGI [15] Send {'type': 'http.response.body', 'body': '<45 bytes>', 'more_body': True}
2026-04-20 14:10:44,711 [TRACE] uvicorn.asgi: ::1:63235 - ASGI [25] Send {'type': 'http.response.body', 'body': '<45 bytes>', 'more_body': True}
2026-04-20 14:10:55,853 [TRACE] uvicorn.asgi: ::1:59973 - ASGI [15] Send {'type': 'http.response.body', 'body': '<45 bytes>', 'more_body': True}
2026-04-20 14:10:59,712 [TRACE] uvicorn.asgi: ::1:63235 - ASGI [25] Send {'type': 'http.response.body', 'body': '<45 bytes>', 'more_body': True}
2026-04-20 14:11:10,863 [TRACE] uvicorn.asgi: ::1:59973 - ASGI [15] Send {'type': 'http.response.body', 'body': '<45 bytes>', 'more_body': True}
2026-04-20 14:11:14,720 [TRACE] uvicorn.asgi: ::1:63235 - ASGI [25] Send {'type': 'http.response.body', 'body': '<45 bytes>', 'more_body': True}
2026-04-20 14:11:25,877 [TRACE] uvicorn.asgi: ::1:59973 - ASGI [15] Send {'type': 'http.response.body', 'body': '<45 bytes>', 'more_body': True}
2026-04-20 14:11:29,724 [TRACE] uvicorn.asgi: ::1:63235 - ASGI [25] Send {'type': 'http.response.body', 'body': '<45 bytes>', 'more_body': True}
2026-04-20 14:11:40,868 [TRACE] uvicorn.asgi: ::1:59973 - ASGI [15] Send {'type': 'http.response.body', 'body': '<45 bytes>', 'more_body': True}
2026-04-20 14:11:44,735 [TRACE] uvicorn.asgi: ::1:63235 - ASGI [25] Send {'type': 'http.response.body', 'body': '<45 bytes>', 'more_body': True}
2026-04-20 14:11:55,876 [TRACE] uvicorn.asgi: ::1:59973 - ASGI [15] Send {'type': 'http.response.body', 'body': '<45 bytes>', 'more_body': True}
2026-04-20 14:11:59,726 [TRACE] uvicorn.asgi: ::1:63235 - ASGI [25] Send {'type': 'http.response.body', 'body': '<45 bytes>', 'more_body': True}
2026-04-20 14:12:10,873 [TRACE] uvicorn.asgi: ::1:59973 - ASGI [15] Send {'type': 'http.response.body', 'body': '<45 bytes>', 'more_body': True}
2026-04-20 14:12:14,732 [TRACE] uvicorn.asgi: ::1:63235 - ASGI [25] Send {'type': 'http.response.body', 'body': '<45 bytes>', 'more_body': True}
2026-04-20 14:12:25,884 [TRACE] uvicorn.asgi: ::1:59973 - ASGI [15] Send {'type': 'http.response.body', 'body': '<45 bytes>', 'more_body': True}
2026-04-20 14:12:29,743 [TRACE] uvicorn.asgi: ::1:63235 - ASGI [25] Send {'type': 'http.response.body', 'body': '<45 bytes>', 'more_body': True}
2026-04-20 14:12:40,900 [TRACE] uvicorn.asgi: ::1:59973 - ASGI [15] Send {'type': 'http.response.body', 'body': '<45 bytes>', 'more_body': True}
2026-04-20 14:12:44,763 [TRACE] uvicorn.asgi: ::1:63235 - ASGI [25] Send {'type': 'http.response.body', 'body': '<45 bytes>', 'more_body': True}
2026-04-20 14:12:55,913 [TRACE] uvicorn.asgi: ::1:59973 - ASGI [15] Send {'type': 'http.response.body', 'body': '<45 bytes>', 'more_body': True}
2026-04-20 14:12:59,780 [TRACE] uvicorn.asgi: ::1:63235 - ASGI [25] Send {'type': 'http.response.body', 'body': '<45 bytes>', 'more_body': True}
2026-04-20 14:13:10,938 [TRACE] uvicorn.asgi: ::1:59973 - ASGI [15] Send {'type': 'http.response.body', 'body': '<45 bytes>', 'more_body': True}
2026-04-20 14:13:14,799 [TRACE] uvicorn.asgi: ::1:63235 - ASGI [25] Send {'type': 'http.response.body', 'body': '<45 bytes>', 'more_body': True}
2026-04-20 14:13:25,953 [TRACE] uvicorn.asgi: ::1:59973 - ASGI [15] Send {'type': 'http.response.body', 'body': '<45 bytes>', 'more_body': True}
2026-04-20 14:13:29,799 [TRACE] uvicorn.asgi: ::1:63235 - ASGI [25] Send {'type': 'http.response.body', 'body': '<45 bytes>', 'more_body': True}
2026-04-20 14:13:40,943 [TRACE] uvicorn.asgi: ::1:59973 - ASGI [15] Send {'type': 'http.response.body', 'body': '<45 bytes>', 'more_body': True}
2026-04-20 14:13:44,787 [TRACE] uvicorn.asgi: ::1:63235 - ASGI [25] Send {'type': 'http.response.body', 'body': '<45 bytes>', 'more_body': True}
2026-04-20 14:13:55,963 [TRACE] uvicorn.asgi: ::1:59973 - ASGI [15] Send {'type': 'http.response.body', 'body': '<45 bytes>', 'more_body': True}
2026-04-20 14:13:59,796 [TRACE] uvicorn.asgi: ::1:63235 - ASGI [25] Send {'type': 'http.response.body', 'body': '<45 bytes>', 'more_body': True}
2026-04-20 14:14:10,965 [TRACE] uvicorn.asgi: ::1:59973 - ASGI [15] Send {'type': 'http.response.body', 'body': '<45 bytes>', 'more_body': True}
2026-04-20 14:14:14,812 [TRACE] uvicorn.asgi: ::1:63235 - ASGI [25] Send {'type': 'http.response.body', 'body': '<45 bytes>', 'more_body': True}
2026-04-20 14:14:25,963 [TRACE] uvicorn.asgi: ::1:59973 - ASGI [15] Send {'type': 'http.response.body', 'body': '<45 bytes>', 'more_body': True}
2026-04-20 14:14:29,821 [TRACE] uvicorn.asgi: ::1:63235 - ASGI [25] Send {'type': 'http.response.body', 'body': '<45 bytes>', 'more_body': True}
2026-04-20 14:14:40,983 [TRACE] uvicorn.asgi: ::1:59973 - ASGI [15] Send {'type': 'http.response.body', 'body': '<45 bytes>', 'more_body': True}
2026-04-20 14:14:44,831 [TRACE] uvicorn.asgi: ::1:63235 - ASGI [25] Send {'type': 'http.response.body', 'body': '<45 bytes>', 'more_body': True}
2026-04-20 14:14:55,991 [TRACE] uvicorn.asgi: ::1:59973 - ASGI [15] Send {'type': 'http.response.body', 'body': '<45 bytes>', 'more_body': True}
2026-04-20 14:14:59,829 [TRACE] uvicorn.asgi: ::1:63235 - ASGI [25] Send {'type': 'http.response.body', 'body': '<45 bytes>', 'more_body': True}
2026-04-20 14:15:11,013 [TRACE] uvicorn.asgi: ::1:59973 - ASGI [15] Send {'type': 'http.response.body', 'body': '<45 bytes>', 'more_body': True}
2026-04-20 14:15:14,819 [TRACE] uvicorn.asgi: ::1:63235 - ASGI [25] Send {'type': 'http.response.body', 'body': '<45 bytes>', 'more_body': True}
2026-04-20 14:15:26,012 [TRACE] uvicorn.asgi: ::1:59973 - ASGI [15] Send {'type': 'http.response.body', 'body': '<45 bytes>', 'more_body': True}
2026-04-20 14:15:29,819 [TRACE] uvicorn.asgi: ::1:63235 - ASGI [25] Send {'type': 'http.response.body', 'body': '<45 bytes>', 'more_body': True}
2026-04-20 14:15:41,025 [TRACE] uvicorn.asgi: ::1:59973 - ASGI [15] Send {'type': 'http.response.body', 'body': '<45 bytes>', 'more_body': True}
2026-04-20 14:15:44,828 [TRACE] uvicorn.asgi: ::1:63235 - ASGI [25] Send {'type': 'http.response.body', 'body': '<45 bytes>', 'more_body': True}
2026-04-20 14:15:56,036 [TRACE] uvicorn.asgi: ::1:59973 - ASGI [15] Send {'type': 'http.response.body', 'body': '<45 bytes>', 'more_body': True}
2026-04-20 14:15:59,847 [TRACE] uvicorn.asgi: ::1:63235 - ASGI [25] Send {'type': 'http.response.body', 'body': '<45 bytes>', 'more_body': True}
2026-04-20 14:16:11,052 [TRACE] uvicorn.asgi: ::1:59973 - ASGI [15] Send {'type': 'http.response.body', 'body': '<45 bytes>', 'more_body': True}
2026-04-20 14:16:14,833 [TRACE] uvicorn.asgi: ::1:63235 - ASGI [25] Send {'type': 'http.response.body', 'body': '<45 bytes>', 'more_body': True}
2026-04-20 14:16:26,079 [TRACE] uvicorn.asgi: ::1:59973 - ASGI [15] Send {'type': 'http.response.body', 'body': '<45 bytes>', 'more_body': True}
2026-04-20 14:16:29,838 [TRACE] uvicorn.asgi: ::1:63235 - ASGI [25] Send {'type': 'http.response.body', 'body': '<45 bytes>', 'more_body': True}
2026-04-20 14:16:41,076 [TRACE] uvicorn.asgi: ::1:59973 - ASGI [15] Send {'type': 'http.response.body', 'body': '<45 bytes>', 'more_body': True}
2026-04-20 14:16:44,853 [TRACE] uvicorn.asgi: ::1:63235 - ASGI [25] Send {'type': 'http.response.body', 'body': '<45 bytes>', 'more_body': True}
2026-04-20 14:16:56,089 [TRACE] uvicorn.asgi: ::1:59973 - ASGI [15] Send {'type': 'http.response.body', 'body': '<45 bytes>', 'more_body': True}
2026-04-20 14:16:59,858 [TRACE] uvicorn.asgi: ::1:63235 - ASGI [25] Send {'type': 'http.response.body', 'body': '<45 bytes>', 'more_body': True}
2026-04-20 14:17:11,099 [TRACE] uvicorn.asgi: ::1:59973 - ASGI [15] Send {'type': 'http.response.body', 'body': '<45 bytes>', 'more_body': True}
2026-04-20 14:17:14,873 [TRACE] uvicorn.asgi: ::1:63235 - ASGI [25] Send {'type': 'http.response.body', 'body': '<45 bytes>', 'more_body': True}
2026-04-20 14:17:26,099 [TRACE] uvicorn.asgi: ::1:59973 - ASGI [15] Send {'type': 'http.response.body', 'body': '<45 bytes>', 'more_body': True}
2026-04-20 14:17:29,882 [TRACE] uvicorn.asgi: ::1:63235 - ASGI [25] Send {'type': 'http.response.body', 'body': '<45 bytes>', 'more_body': True}
2026-04-20 14:17:41,086 [TRACE] uvicorn.asgi: ::1:59973 - ASGI [15] Send {'type': 'http.response.body', 'body': '<45 bytes>', 'more_body': True}
2026-04-20 14:17:44,908 [TRACE] uvicorn.asgi: ::1:63235 - ASGI [25] Send {'type': 'http.response.body', 'body': '<45 bytes>', 'more_body': True}
2026-04-20 14:17:56,097 [TRACE] uvicorn.asgi: ::1:59973 - ASGI [15] Send {'type': 'http.response.body', 'body': '<45 bytes>', 'more_body': True}
2026-04-20 14:17:59,907 [TRACE] uvicorn.asgi: ::1:63235 - ASGI [25] Send {'type': 'http.response.body', 'body': '<45 bytes>', 'more_body': True}
2026-04-20 14:18:11,106 [TRACE] uvicorn.asgi: ::1:59973 - ASGI [15] Send {'type': 'http.response.body', 'body': '<45 bytes>', 'more_body': True}
2026-04-20 14:18:14,917 [TRACE] uvicorn.asgi: ::1:63235 - ASGI [25] Send {'type': 'http.response.body', 'body': '<45 bytes>', 'more_body': True}
2026-04-20 14:18:26,126 [TRACE] uvicorn.asgi: ::1:59973 - ASGI [15] Send {'type': 'http.response.body', 'body': '<45 bytes>', 'more_body': True}
2026-04-20 14:18:29,929 [TRACE] uvicorn.asgi: ::1:63235 - ASGI [25] Send {'type': 'http.response.body', 'body': '<45 bytes>', 'more_body': True}
2026-04-20 14:18:41,135 [TRACE] uvicorn.asgi: ::1:59973 - ASGI [15] Send {'type': 'http.response.body', 'body': '<45 bytes>', 'more_body': True}
2026-04-20 14:18:44,930 [TRACE] uvicorn.asgi: ::1:63235 - ASGI [25] Send {'type': 'http.response.body', 'body': '<45 bytes>', 'more_body': True}
2026-04-20 14:18:56,133 [TRACE] uvicorn.asgi: ::1:59973 - ASGI [15] Send {'type': 'http.response.body', 'body': '<45 bytes>', 'more_body': True}
2026-04-20 14:18:59,944 [TRACE] uvicorn.asgi: ::1:63235 - ASGI [25] Send {'type': 'http.response.body', 'body': '<45 bytes>', 'more_body': True}
2026-04-20 14:19:11,155 [TRACE] uvicorn.asgi: ::1:59973 - ASGI [15] Send {'type': 'http.response.body', 'body': '<45 bytes>', 'more_body': True}
2026-04-20 14:19:14,946 [TRACE] uvicorn.asgi: ::1:63235 - ASGI [25] Send {'type': 'http.response.body', 'body': '<45 bytes>', 'more_body': True}
2026-04-20 14:19:26,169 [TRACE] uvicorn.asgi: ::1:59973 - ASGI [15] Send {'type': 'http.response.body', 'body': '<45 bytes>', 'more_body': True}
2026-04-20 14:19:29,965 [TRACE] uvicorn.asgi: ::1:63235 - ASGI [25] Send {'type': 'http.response.body', 'body': '<45 bytes>', 'more_body': True}
2026-04-20 14:19:41,181 [TRACE] uvicorn.asgi: ::1:59973 - ASGI [15] Send {'type': 'http.response.body', 'body': '<45 bytes>', 'more_body': True}
2026-04-20 14:19:44,980 [TRACE] uvicorn.asgi: ::1:63235 - ASGI [25] Send {'type': 'http.response.body', 'body': '<45 bytes>', 'more_body': True}
2026-04-20 14:19:56,195 [TRACE] uvicorn.asgi: ::1:59973 - ASGI [15] Send {'type': 'http.response.body', 'body': '<45 bytes>', 'more_body': True}
2026-04-20 14:19:59,989 [TRACE] uvicorn.asgi: ::1:63235 - ASGI [25] Send {'type': 'http.response.body', 'body': '<45 bytes>', 'more_body': True}
2026-04-20 14:20:11,196 [TRACE] uvicorn.asgi: ::1:59973 - ASGI [15] Send {'type': 'http.response.body', 'body': '<45 bytes>', 'more_body': True}
2026-04-20 14:20:14,992 [TRACE] uvicorn.asgi: ::1:63235 - ASGI [25] Send {'type': 'http.response.body', 'body': '<45 bytes>', 'more_body': True}
2026-04-20 14:20:26,216 [TRACE] uvicorn.asgi: ::1:59973 - ASGI [15] Send {'type': 'http.response.body', 'body': '<45 bytes>', 'more_body': True}
2026-04-20 14:20:29,996 [TRACE] uvicorn.asgi: ::1:63235 - ASGI [25] Send {'type': 'http.response.body', 'body': '<45 bytes>', 'more_body': True}
2026-04-20 14:20:41,231 [TRACE] uvicorn.asgi: ::1:59973 - ASGI [15] Send {'type': 'http.response.body', 'body': '<45 bytes>', 'more_body': True}
2026-04-20 14:20:45,008 [TRACE] uvicorn.asgi: ::1:63235 - ASGI [25] Send {'type': 'http.response.body', 'body': '<45 bytes>', 'more_body': True}
2026-04-20 14:20:56,226 [TRACE] uvicorn.asgi: ::1:59973 - ASGI [15] Send {'type': 'http.response.body', 'body': '<45 bytes>', 'more_body': True}
2026-04-20 14:21:00,027 [TRACE] uvicorn.asgi: ::1:63235 - ASGI [25] Send {'type': 'http.response.body', 'body': '<45 bytes>', 'more_body': True}
2026-04-20 14:21:11,246 [TRACE] uvicorn.asgi: ::1:59973 - ASGI [15] Send {'type': 'http.response.body', 'body': '<45 bytes>', 'more_body': True}
2026-04-20 14:21:15,022 [TRACE] uvicorn.asgi: ::1:63235 - ASGI [25] Send {'type': 'http.response.body', 'body': '<45 bytes>', 'more_body': True}
2026-04-20 14:21:26,250 [TRACE] uvicorn.asgi: ::1:59973 - ASGI [15] Send {'type': 'http.response.body', 'body': '<45 bytes>', 'more_body': True}
2026-04-20 14:21:30,041 [TRACE] uvicorn.asgi: ::1:63235 - ASGI [25] Send {'type': 'http.response.body', 'body': '<45 bytes>', 'more_body': True}
2026-04-20 14:21:41,240 [TRACE] uvicorn.asgi: ::1:59973 - ASGI [15] Send {'type': 'http.response.body', 'body': '<45 bytes>', 'more_body': True}
2026-04-20 14:21:45,051 [TRACE] uvicorn.asgi: ::1:63235 - ASGI [25] Send {'type': 'http.response.body', 'body': '<45 bytes>', 'more_body': True}
2026-04-20 14:21:56,249 [TRACE] uvicorn.asgi: ::1:59973 - ASGI [15] Send {'type': 'http.response.body', 'body': '<45 bytes>', 'more_body': True}
2026-04-20 14:22:00,060 [TRACE] uvicorn.asgi: ::1:63235 - ASGI [25] Send {'type': 'http.response.body', 'body': '<45 bytes>', 'more_body': True}
2026-04-20 14:22:11,245 [TRACE] uvicorn.asgi: ::1:59973 - ASGI [15] Send {'type': 'http.response.body', 'body': '<45 bytes>', 'more_body': True}
2026-04-20 14:22:15,081 [TRACE] uvicorn.asgi: ::1:63235 - ASGI [25] Send {'type': 'http.response.body', 'body': '<45 bytes>', 'more_body': True}
2026-04-20 14:22:26,255 [TRACE] uvicorn.asgi: ::1:59973 - ASGI [15] Send {'type': 'http.response.body', 'body': '<45 bytes>', 'more_body': True}
2026-04-20 14:22:30,083 [TRACE] uvicorn.asgi: ::1:63235 - ASGI [25] Send {'type': 'http.response.body', 'body': '<45 bytes>', 'more_body': True}
2026-04-20 14:22:41,266 [TRACE] uvicorn.asgi: ::1:59973 - ASGI [15] Send {'type': 'http.response.body', 'body': '<45 bytes>', 'more_body': True}
2026-04-20 14:22:45,093 [TRACE] uvicorn.asgi: ::1:63235 - ASGI [25] Send {'type': 'http.response.body', 'body': '<45 bytes>', 'more_body': True}
2026-04-20 14:22:56,283 [TRACE] uvicorn.asgi: ::1:59973 - ASGI [15] Send {'type': 'http.response.body', 'body': '<45 bytes>', 'more_body': True}
2026-04-20 14:23:00,105 [TRACE] uvicorn.asgi: ::1:63235 - ASGI [25] Send {'type': 'http.response.body', 'body': '<45 bytes>', 'more_body': True}
2026-04-20 14:23:11,280 [TRACE] uvicorn.asgi: ::1:59973 - ASGI [15] Send {'type': 'http.response.body', 'body': '<45 bytes>', 'more_body': True}
2026-04-20 14:23:15,083 [TRACE] uvicorn.asgi: ::1:63235 - ASGI [25] Send {'type': 'http.response.body', 'body': '<45 bytes>', 'more_body': True}
2026-04-20 14:23:26,282 [TRACE] uvicorn.asgi: ::1:59973 - ASGI [15] Send {'type': 'http.response.body', 'body': '<45 bytes>', 'more_body': True}
2026-04-20 14:23:30,096 [TRACE] uvicorn.asgi: ::1:63235 - ASGI [25] Send {'type': 'http.response.body', 'body': '<45 bytes>', 'more_body': True}
2026-04-20 14:23:41,298 [TRACE] uvicorn.asgi: ::1:59973 - ASGI [15] Send {'type': 'http.response.body', 'body': '<45 bytes>', 'more_body': True}
2026-04-20 14:23:45,112 [TRACE] uvicorn.asgi: ::1:63235 - ASGI [25] Send {'type': 'http.response.body', 'body': '<45 bytes>', 'more_body': True}
2026-04-20 14:23:56,294 [TRACE] uvicorn.asgi: ::1:59973 - ASGI [15] Send {'type': 'http.response.body', 'body': '<45 bytes>', 'more_body': True}
2026-04-20 14:24:00,087 [TRACE] uvicorn.asgi: ::1:63235 - ASGI [25] Send {'type': 'http.response.body', 'body': '<45 bytes>', 'more_body': True}
2026-04-20 14:24:11,302 [TRACE] uvicorn.asgi: ::1:59973 - ASGI [15] Send {'type': 'http.response.body', 'body': '<45 bytes>', 'more_body': True}
2026-04-20 14:24:15,094 [TRACE] uvicorn.asgi: ::1:63235 - ASGI [25] Send {'type': 'http.response.body', 'body': '<45 bytes>', 'more_body': True}
2026-04-20 14:24:26,323 [TRACE] uvicorn.asgi: ::1:59973 - ASGI [15] Send {'type': 'http.response.body', 'body': '<45 bytes>', 'more_body': True}
2026-04-20 14:24:30,108 [TRACE] uvicorn.asgi: ::1:63235 - ASGI [25] Send {'type': 'http.response.body', 'body': '<45 bytes>', 'more_body': True}
2026-04-20 14:24:41,343 [TRACE] uvicorn.asgi: ::1:59973 - ASGI [15] Send {'type': 'http.response.body', 'body': '<45 bytes>', 'more_body': True}
2026-04-20 14:24:45,120 [TRACE] uvicorn.asgi: ::1:63235 - ASGI [25] Send {'type': 'http.response.body', 'body': '<45 bytes>', 'more_body': True}
2026-04-20 14:24:56,360 [TRACE] uvicorn.asgi: ::1:59973 - ASGI [15] Send {'type': 'http.response.body', 'body': '<45 bytes>', 'more_body': True}
2026-04-20 14:25:00,130 [TRACE] uvicorn.asgi: ::1:63235 - ASGI [25] Send {'type': 'http.response.body', 'body': '<45 bytes>', 'more_body': True}
2026-04-20 14:25:11,371 [TRACE] uvicorn.asgi: ::1:59973 - ASGI [15] Send {'type': 'http.response.body', 'body': '<45 bytes>', 'more_body': True}
2026-04-20 14:25:15,153 [TRACE] uvicorn.asgi: ::1:63235 - ASGI [25] Send {'type': 'http.response.body', 'body': '<45 bytes>', 'more_body': True}
2026-04-20 14:25:26,386 [TRACE] uvicorn.asgi: ::1:59973 - ASGI [15] Send {'type': 'http.response.body', 'body': '<45 bytes>', 'more_body': True}
2026-04-20 14:25:30,165 [TRACE] uvicorn.asgi: ::1:63235 - ASGI [25] Send {'type': 'http.response.body', 'body': '<45 bytes>', 'more_body': True}
2026-04-20 14:25:41,411 [TRACE] uvicorn.asgi: ::1:59973 - ASGI [15] Send {'type': 'http.response.body', 'body': '<45 bytes>', 'more_body': True}
2026-04-20 14:25:45,189 [TRACE] uvicorn.asgi: ::1:63235 - ASGI [25] Send {'type': 'http.response.body', 'body': '<45 bytes>', 'more_body': True}
2026-04-20 14:25:56,417 [TRACE] uvicorn.asgi: ::1:59973 - ASGI [15] Send {'type': 'http.response.body', 'body': '<45 bytes>', 'more_body': True}
2026-04-20 14:26:00,192 [TRACE] uvicorn.asgi: ::1:63235 - ASGI [25] Send {'type': 'http.response.body', 'body': '<45 bytes>', 'more_body': True}
2026-04-20 14:26:11,431 [TRACE] uvicorn.asgi: ::1:59973 - ASGI [15] Send {'type': 'http.response.body', 'body': '<45 bytes>', 'more_body': True}
2026-04-20 14:26:15,220 [TRACE] uvicorn.asgi: ::1:63235 - ASGI [25] Send {'type': 'http.response.body', 'body': '<45 bytes>', 'more_body': True}
2026-04-20 14:26:26,446 [TRACE] uvicorn.asgi: ::1:59973 - ASGI [15] Send {'type': 'http.response.body', 'body': '<45 bytes>', 'more_body': True}
2026-04-20 14:26:30,227 [TRACE] uvicorn.asgi: ::1:63235 - ASGI [25] Send {'type': 'http.response.body', 'body': '<45 bytes>', 'more_body': True}
2026-04-20 14:26:41,458 [TRACE] uvicorn.asgi: ::1:59973 - ASGI [15] Send {'type': 'http.response.body', 'body': '<45 bytes>', 'more_body': True}
2026-04-20 14:26:45,251 [TRACE] uvicorn.asgi: ::1:63235 - ASGI [25] Send {'type': 'http.response.body', 'body': '<45 bytes>', 'more_body': True}
2026-04-20 14:26:56,464 [TRACE] uvicorn.asgi: ::1:59973 - ASGI [15] Send {'type': 'http.response.body', 'body': '<45 bytes>', 'more_body': True}
2026-04-20 14:27:00,245 [TRACE] uvicorn.asgi: ::1:63235 - ASGI [25] Send {'type': 'http.response.body', 'body': '<45 bytes>', 'more_body': True}
2026-04-20 14:27:11,482 [TRACE] uvicorn.asgi: ::1:59973 - ASGI [15] Send {'type': 'http.response.body', 'body': '<45 bytes>', 'more_body': True}
2026-04-20 14:27:15,262 [TRACE] uvicorn.asgi: ::1:63235 - ASGI [25] Send {'type': 'http.response.body', 'body': '<45 bytes>', 'more_body': True}
2026-04-20 14:27:26,464 [TRACE] uvicorn.asgi: ::1:59973 - ASGI [15] Send {'type': 'http.response.body', 'body': '<45 bytes>', 'more_body': True}
2026-04-20 14:27:30,259 [TRACE] uvicorn.asgi: ::1:63235 - ASGI [25] Send {'type': 'http.response.body', 'body': '<45 bytes>', 'more_body': True}
2026-04-20 14:27:41,468 [TRACE] uvicorn.asgi: ::1:59973 - ASGI [15] Send {'type': 'http.response.body', 'body': '<45 bytes>', 'more_body': True}
2026-04-20 14:27:45,281 [TRACE] uvicorn.asgi: ::1:63235 - ASGI [25] Send {'type': 'http.response.body', 'body': '<45 bytes>', 'more_body': True}
2026-04-20 14:27:56,472 [TRACE] uvicorn.asgi: ::1:59973 - ASGI [15] Send {'type': 'http.response.body', 'body': '<45 bytes>', 'more_body': True}
2026-04-20 14:28:00,281 [TRACE] uvicorn.asgi: ::1:63235 - ASGI [25] Send {'type': 'http.response.body', 'body': '<45 bytes>', 'more_body': True}
2026-04-20 14:28:11,480 [TRACE] uvicorn.asgi: ::1:59973 - ASGI [15] Send {'type': 'http.response.body', 'body': '<45 bytes>', 'more_body': True}
2026-04-20 14:28:15,255 [TRACE] uvicorn.asgi: ::1:63235 - ASGI [25] Send {'type': 'http.response.body', 'body': '<45 bytes>', 'more_body': True}
2026-04-20 14:28:22,552 [TRACE] uvicorn.error: ::1:53602 - HTTP connection made
2026-04-20 14:28:22,555 [TRACE] uvicorn.asgi: ::1:53602 - ASGI [53] Started scope={'type': 'http', 'asgi': {'version': '3.0', 'spec_version': '2.3'}, 'http_version': '1.1', 'server': ('::1', 8003), 'client': ('::1', 53602), 'scheme': 'http', 'method': 'GET', 'root_path': '', 'path': '/docs', 'raw_path': b'/docs', 'query_string': b'', 'headers': '<...>', 'state': {}}
2026-04-20 14:28:22,558 [TRACE] uvicorn.asgi: ::1:53602 - ASGI [53] Send {'type': 'http.response.start', 'status': 200, 'headers': '<...>'}
2026-04-20 14:28:22,559 [INFO] uvicorn.access: ::1:53602 - "GET /docs HTTP/1.1" 200
2026-04-20 14:28:22,560 [TRACE] uvicorn.asgi: ::1:53602 - ASGI [53] Send {'type': 'http.response.body', 'body': '<1024 bytes>'}
2026-04-20 14:28:22,560 [TRACE] uvicorn.asgi: ::1:53602 - ASGI [53] Completed
2026-04-20 14:28:22,704 [TRACE] uvicorn.asgi: ::1:53602 - ASGI [54] Started scope={'type': 'http', 'asgi': {'version': '3.0', 'spec_version': '2.3'}, 'http_version': '1.1', 'server': ('::1', 8003), 'client': ('::1', 53602), 'scheme': 'http', 'method': 'GET', 'root_path': '', 'path': '/openapi.json', 'raw_path': b'/openapi.json', 'query_string': b'', 'headers': '<...>', 'state': {}}
2026-04-20 14:28:22,706 [TRACE] uvicorn.asgi: ::1:53602 - ASGI [54] Send {'type': 'http.response.start', 'status': 200, 'headers': '<...>'}
2026-04-20 14:28:22,706 [INFO] uvicorn.access: ::1:53602 - "GET /openapi.json HTTP/1.1" 200
2026-04-20 14:28:22,707 [TRACE] uvicorn.asgi: ::1:53602 - ASGI [54] Send {'type': 'http.response.body', 'body': '<4780 bytes>'}
2026-04-20 14:28:22,707 [TRACE] uvicorn.asgi: ::1:53602 - ASGI [54] Completed
2026-04-20 14:28:26,497 [TRACE] uvicorn.asgi: ::1:59973 - ASGI [15] Send {'type': 'http.response.body', 'body': '<45 bytes>', 'more_body': True}
2026-04-20 14:28:27,713 [TRACE] uvicorn.error: ::1:53602 - HTTP connection lost
2026-04-20 14:28:30,279 [TRACE] uvicorn.asgi: ::1:63235 - ASGI [25] Send {'type': 'http.response.body', 'body': '<45 bytes>', 'more_body': True}
2026-04-20 14:28:41,506 [TRACE] uvicorn.asgi: ::1:59973 - ASGI [15] Send {'type': 'http.response.body', 'body': '<45 bytes>', 'more_body': True}
2026-04-20 14:28:45,273 [TRACE] uvicorn.asgi: ::1:63235 - ASGI [25] Send {'type': 'http.response.body', 'body': '<45 bytes>', 'more_body': True}
2026-04-20 14:28:50,792 [TRACE] uvicorn.error: ::1:62572 - HTTP connection made
2026-04-20 14:28:50,792 [TRACE] uvicorn.asgi: ::1:62572 - ASGI [55] Started scope={'type': 'http', 'asgi': {'version': '3.0', 'spec_version': '2.3'}, 'http_version': '1.1', 'server': ('::1', 8003), 'client': ('::1', 62572), 'scheme': 'http', 'method': 'GET', 'root_path': '', 'path': '/docs', 'raw_path': b'/docs', 'query_string': b'', 'headers': '<...>', 'state': {}}
2026-04-20 14:28:50,793 [TRACE] uvicorn.asgi: ::1:62572 - ASGI [55] Send {'type': 'http.response.start', 'status': 200, 'headers': '<...>'}
2026-04-20 14:28:50,793 [INFO] uvicorn.access: ::1:62572 - "GET /docs HTTP/1.1" 200
2026-04-20 14:28:50,793 [TRACE] uvicorn.asgi: ::1:62572 - ASGI [55] Send {'type': 'http.response.body', 'body': '<1024 bytes>'}
2026-04-20 14:28:50,794 [TRACE] uvicorn.asgi: ::1:62572 - ASGI [55] Completed
2026-04-20 14:28:50,959 [TRACE] uvicorn.asgi: ::1:62572 - ASGI [56] Started scope={'type': 'http', 'asgi': {'version': '3.0', 'spec_version': '2.3'}, 'http_version': '1.1', 'server': ('::1', 8003), 'client': ('::1', 62572), 'scheme': 'http', 'method': 'GET', 'root_path': '', 'path': '/openapi.json', 'raw_path': b'/openapi.json', 'query_string': b'', 'headers': '<...>', 'state': {}}
2026-04-20 14:28:50,960 [TRACE] uvicorn.asgi: ::1:62572 - ASGI [56] Send {'type': 'http.response.start', 'status': 200, 'headers': '<...>'}
2026-04-20 14:28:50,960 [INFO] uvicorn.access: ::1:62572 - "GET /openapi.json HTTP/1.1" 200
2026-04-20 14:28:50,960 [TRACE] uvicorn.asgi: ::1:62572 - ASGI [56] Send {'type': 'http.response.body', 'body': '<4780 bytes>'}
2026-04-20 14:28:50,960 [TRACE] uvicorn.asgi: ::1:62572 - ASGI [56] Completed
2026-04-20 14:28:55,988 [TRACE] uvicorn.error: ::1:62572 - HTTP connection lost
2026-04-20 14:28:56,515 [TRACE] uvicorn.asgi: ::1:59973 - ASGI [15] Send {'type': 'http.response.body', 'body': '<45 bytes>', 'more_body': True}
2026-04-20 14:29:00,286 [TRACE] uvicorn.asgi: ::1:63235 - ASGI [25] Send {'type': 'http.response.body', 'body': '<45 bytes>', 'more_body': True}
2026-04-20 14:29:11,526 [TRACE] uvicorn.asgi: ::1:59973 - ASGI [15] Send {'type': 'http.response.body', 'body': '<45 bytes>', 'more_body': True}
2026-04-20 14:29:15,303 [TRACE] uvicorn.asgi: ::1:63235 - ASGI [25] Send {'type': 'http.response.body', 'body': '<45 bytes>', 'more_body': True}
2026-04-20 14:29:26,550 [TRACE] uvicorn.asgi: ::1:59973 - ASGI [15] Send {'type': 'http.response.body', 'body': '<45 bytes>', 'more_body': True}
2026-04-20 14:29:30,325 [TRACE] uvicorn.asgi: ::1:63235 - ASGI [25] Send {'type': 'http.response.body', 'body': '<45 bytes>', 'more_body': True}
2026-04-20 14:29:41,559 [TRACE] uvicorn.asgi: ::1:59973 - ASGI [15] Send {'type': 'http.response.body', 'body': '<45 bytes>', 'more_body': True}
2026-04-20 14:29:45,333 [TRACE] uvicorn.asgi: ::1:63235 - ASGI [25] Send {'type': 'http.response.body', 'body': '<45 bytes>', 'more_body': True}
2026-04-20 14:29:56,573 [TRACE] uvicorn.asgi: ::1:59973 - ASGI [15] Send {'type': 'http.response.body', 'body': '<45 bytes>', 'more_body': True}
2026-04-20 14:30:00,339 [TRACE] uvicorn.asgi: ::1:63235 - ASGI [25] Send {'type': 'http.response.body', 'body': '<45 bytes>', 'more_body': True}
2026-04-20 14:30:11,579 [TRACE] uvicorn.asgi: ::1:59973 - ASGI [15] Send {'type': 'http.response.body', 'body': '<45 bytes>', 'more_body': True}
2026-04-20 14:30:15,354 [TRACE] uvicorn.asgi: ::1:63235 - ASGI [25] Send {'type': 'http.response.body', 'body': '<45 bytes>', 'more_body': True}
2026-04-20 14:30:26,589 [TRACE] uvicorn.asgi: ::1:59973 - ASGI [15] Send {'type': 'http.response.body', 'body': '<45 bytes>', 'more_body': True}
2026-04-20 14:30:30,361 [TRACE] uvicorn.asgi: ::1:63235 - ASGI [25] Send {'type': 'http.response.body', 'body': '<45 bytes>', 'more_body': True}
2026-04-20 14:30:41,603 [TRACE] uvicorn.asgi: ::1:59973 - ASGI [15] Send {'type': 'http.response.body', 'body': '<45 bytes>', 'more_body': True}
2026-04-20 14:30:45,356 [TRACE] uvicorn.asgi: ::1:63235 - ASGI [25] Send {'type': 'http.response.body', 'body': '<45 bytes>', 'more_body': True}
2026-04-20 14:30:56,589 [TRACE] uvicorn.asgi: ::1:59973 - ASGI [15] Send {'type': 'http.response.body', 'body': '<45 bytes>', 'more_body': True}
2026-04-20 14:31:00,374 [TRACE] uvicorn.asgi: ::1:63235 - ASGI [25] Send {'type': 'http.response.body', 'body': '<45 bytes>', 'more_body': True}
2026-04-20 14:31:11,610 [TRACE] uvicorn.asgi: ::1:59973 - ASGI [15] Send {'type': 'http.response.body', 'body': '<45 bytes>', 'more_body': True}
2026-04-20 14:31:15,379 [TRACE] uvicorn.asgi: ::1:63235 - ASGI [25] Send {'type': 'http.response.body', 'body': '<45 bytes>', 'more_body': True}
2026-04-20 14:31:26,619 [TRACE] uvicorn.asgi: ::1:59973 - ASGI [15] Send {'type': 'http.response.body', 'body': '<45 bytes>', 'more_body': True}
2026-04-20 14:31:30,397 [TRACE] uvicorn.asgi: ::1:63235 - ASGI [25] Send {'type': 'http.response.body', 'body': '<45 bytes>', 'more_body': True}
2026-04-20 14:31:41,622 [TRACE] uvicorn.asgi: ::1:59973 - ASGI [15] Send {'type': 'http.response.body', 'body': '<45 bytes>', 'more_body': True}
2026-04-20 14:31:45,398 [TRACE] uvicorn.asgi: ::1:63235 - ASGI [25] Send {'type': 'http.response.body', 'body': '<45 bytes>', 'more_body': True}
2026-04-20 14:31:56,629 [TRACE] uvicorn.asgi: ::1:59973 - ASGI [15] Send {'type': 'http.response.body', 'body': '<45 bytes>', 'more_body': True}
2026-04-20 14:32:00,406 [TRACE] uvicorn.asgi: ::1:63235 - ASGI [25] Send {'type': 'http.response.body', 'body': '<45 bytes>', 'more_body': True}
2026-04-20 14:32:11,650 [TRACE] uvicorn.asgi: ::1:59973 - ASGI [15] Send {'type': 'http.response.body', 'body': '<45 bytes>', 'more_body': True}
2026-04-20 14:32:15,411 [TRACE] uvicorn.asgi: ::1:63235 - ASGI [25] Send {'type': 'http.response.body', 'body': '<45 bytes>', 'more_body': True}
2026-04-20 14:32:26,674 [TRACE] uvicorn.asgi: ::1:59973 - ASGI [15] Send {'type': 'http.response.body', 'body': '<45 bytes>', 'more_body': True}
2026-04-20 14:32:30,424 [TRACE] uvicorn.asgi: ::1:63235 - ASGI [25] Send {'type': 'http.response.body', 'body': '<45 bytes>', 'more_body': True}
2026-04-20 14:32:41,687 [TRACE] uvicorn.asgi: ::1:59973 - ASGI [15] Send {'type': 'http.response.body', 'body': '<45 bytes>', 'more_body': True}
2026-04-20 14:32:45,414 [TRACE] uvicorn.asgi: ::1:63235 - ASGI [25] Send {'type': 'http.response.body', 'body': '<45 bytes>', 'more_body': True}
2026-04-20 14:32:56,699 [TRACE] uvicorn.asgi: ::1:59973 - ASGI [15] Send {'type': 'http.response.body', 'body': '<45 bytes>', 'more_body': True}
2026-04-20 14:33:00,425 [TRACE] uvicorn.asgi: ::1:63235 - ASGI [25] Send {'type': 'http.response.body', 'body': '<45 bytes>', 'more_body': True}
2026-04-20 14:33:11,698 [TRACE] uvicorn.asgi: ::1:59973 - ASGI [15] Send {'type': 'http.response.body', 'body': '<45 bytes>', 'more_body': True}
2026-04-20 14:33:15,443 [TRACE] uvicorn.asgi: ::1:63235 - ASGI [25] Send {'type': 'http.response.body', 'body': '<45 bytes>', 'more_body': True}
2026-04-20 14:33:26,679 [TRACE] uvicorn.asgi: ::1:59973 - ASGI [15] Send {'type': 'http.response.body', 'body': '<45 bytes>', 'more_body': True}
2026-04-20 14:33:30,470 [TRACE] uvicorn.asgi: ::1:63235 - ASGI [25] Send {'type': 'http.response.body', 'body': '<45 bytes>', 'more_body': True}
2026-04-20 14:33:41,704 [TRACE] uvicorn.asgi: ::1:59973 - ASGI [15] Send {'type': 'http.response.body', 'body': '<45 bytes>', 'more_body': True}
2026-04-20 14:33:45,482 [TRACE] uvicorn.asgi: ::1:63235 - ASGI [25] Send {'type': 'http.response.body', 'body': '<45 bytes>', 'more_body': True}
2026-04-20 14:33:56,722 [TRACE] uvicorn.asgi: ::1:59973 - ASGI [15] Send {'type': 'http.response.body', 'body': '<45 bytes>', 'more_body': True}
2026-04-20 14:34:00,501 [TRACE] uvicorn.asgi: ::1:63235 - ASGI [25] Send {'type': 'http.response.body', 'body': '<45 bytes>', 'more_body': True}
2026-04-20 14:34:11,716 [TRACE] uvicorn.asgi: ::1:59973 - ASGI [15] Send {'type': 'http.response.body', 'body': '<45 bytes>', 'more_body': True}
2026-04-20 14:34:15,494 [TRACE] uvicorn.asgi: ::1:63235 - ASGI [25] Send {'type': 'http.response.body', 'body': '<45 bytes>', 'more_body': True}
2026-04-20 14:34:26,730 [TRACE] uvicorn.asgi: ::1:59973 - ASGI [15] Send {'type': 'http.response.body', 'body': '<45 bytes>', 'more_body': True}
2026-04-20 14:34:30,494 [TRACE] uvicorn.asgi: ::1:63235 - ASGI [25] Send {'type': 'http.response.body', 'body': '<45 bytes>', 'more_body': True}
2026-04-20 14:34:41,745 [TRACE] uvicorn.asgi: ::1:59973 - ASGI [15] Send {'type': 'http.response.body', 'body': '<45 bytes>', 'more_body': True}
2026-04-20 14:34:45,505 [TRACE] uvicorn.asgi: ::1:63235 - ASGI [25] Send {'type': 'http.response.body', 'body': '<45 bytes>', 'more_body': True}
2026-04-20 14:34:56,739 [TRACE] uvicorn.asgi: ::1:59973 - ASGI [15] Send {'type': 'http.response.body', 'body': '<45 bytes>', 'more_body': True}
2026-04-20 14:35:00,535 [TRACE] uvicorn.asgi: ::1:63235 - ASGI [25] Send {'type': 'http.response.body', 'body': '<45 bytes>', 'more_body': True}
2026-04-20 14:35:11,745 [TRACE] uvicorn.asgi: ::1:59973 - ASGI [15] Send {'type': 'http.response.body', 'body': '<45 bytes>', 'more_body': True}
2026-04-20 14:35:15,532 [TRACE] uvicorn.asgi: ::1:63235 - ASGI [25] Send {'type': 'http.response.body', 'body': '<45 bytes>', 'more_body': True}
2026-04-20 14:35:26,767 [TRACE] uvicorn.asgi: ::1:59973 - ASGI [15] Send {'type': 'http.response.body', 'body': '<45 bytes>', 'more_body': True}
2026-04-20 14:35:30,525 [TRACE] uvicorn.asgi: ::1:63235 - ASGI [25] Send {'type': 'http.response.body', 'body': '<45 bytes>', 'more_body': True}
2026-04-20 14:35:41,775 [TRACE] uvicorn.asgi: ::1:59973 - ASGI [15] Send {'type': 'http.response.body', 'body': '<45 bytes>', 'more_body': True}
2026-04-20 14:35:45,538 [TRACE] uvicorn.asgi: ::1:63235 - ASGI [25] Send {'type': 'http.response.body', 'body': '<45 bytes>', 'more_body': True}
2026-04-20 14:35:56,784 [TRACE] uvicorn.asgi: ::1:59973 - ASGI [15] Send {'type': 'http.response.body', 'body': '<45 bytes>', 'more_body': True}
2026-04-20 14:36:00,555 [TRACE] uvicorn.asgi: ::1:63235 - ASGI [25] Send {'type': 'http.response.body', 'body': '<45 bytes>', 'more_body': True}
2026-04-20 14:36:11,779 [TRACE] uvicorn.asgi: ::1:59973 - ASGI [15] Send {'type': 'http.response.body', 'body': '<45 bytes>', 'more_body': True}
2026-04-20 14:36:15,581 [TRACE] uvicorn.asgi: ::1:63235 - ASGI [25] Send {'type': 'http.response.body', 'body': '<45 bytes>', 'more_body': True}
2026-04-20 14:36:26,798 [TRACE] uvicorn.asgi: ::1:59973 - ASGI [15] Send {'type': 'http.response.body', 'body': '<45 bytes>', 'more_body': True}
2026-04-20 14:36:30,589 [TRACE] uvicorn.asgi: ::1:63235 - ASGI [25] Send {'type': 'http.response.body', 'body': '<45 bytes>', 'more_body': True}
2026-04-20 14:36:41,813 [TRACE] uvicorn.asgi: ::1:59973 - ASGI [15] Send {'type': 'http.response.body', 'body': '<45 bytes>', 'more_body': True}
2026-04-20 14:36:45,589 [TRACE] uvicorn.asgi: ::1:63235 - ASGI [25] Send {'type': 'http.response.body', 'body': '<45 bytes>', 'more_body': True}
2026-04-20 14:36:56,822 [TRACE] uvicorn.asgi: ::1:59973 - ASGI [15] Send {'type': 'http.response.body', 'body': '<45 bytes>', 'more_body': True}
2026-04-20 14:37:00,608 [TRACE] uvicorn.asgi: ::1:63235 - ASGI [25] Send {'type': 'http.response.body', 'body': '<45 bytes>', 'more_body': True}
2026-04-20 14:37:11,835 [TRACE] uvicorn.asgi: ::1:59973 - ASGI [15] Send {'type': 'http.response.body', 'body': '<45 bytes>', 'more_body': True}
2026-04-20 14:37:15,624 [TRACE] uvicorn.asgi: ::1:63235 - ASGI [25] Send {'type': 'http.response.body', 'body': '<45 bytes>', 'more_body': True}
2026-04-20 14:37:26,851 [TRACE] uvicorn.asgi: ::1:59973 - ASGI [15] Send {'type': 'http.response.body', 'body': '<45 bytes>', 'more_body': True}
2026-04-20 14:37:30,625 [TRACE] uvicorn.asgi: ::1:63235 - ASGI [25] Send {'type': 'http.response.body', 'body': '<45 bytes>', 'more_body': True}
2026-04-20 14:37:41,835 [TRACE] uvicorn.asgi: ::1:59973 - ASGI [15] Send {'type': 'http.response.body', 'body': '<45 bytes>', 'more_body': True}
2026-04-20 14:37:45,623 [TRACE] uvicorn.asgi: ::1:63235 - ASGI [25] Send {'type': 'http.response.body', 'body': '<45 bytes>', 'more_body': True}
2026-04-20 14:37:56,849 [TRACE] uvicorn.asgi: ::1:59973 - ASGI [15] Send {'type': 'http.response.body', 'body': '<45 bytes>', 'more_body': True}
2026-04-20 14:38:00,628 [TRACE] uvicorn.asgi: ::1:63235 - ASGI [25] Send {'type': 'http.response.body', 'body': '<45 bytes>', 'more_body': True}
2026-04-20 14:38:11,866 [TRACE] uvicorn.asgi: ::1:59973 - ASGI [15] Send {'type': 'http.response.body', 'body': '<45 bytes>', 'more_body': True}
2026-04-20 14:38:15,653 [TRACE] uvicorn.asgi: ::1:63235 - ASGI [25] Send {'type': 'http.response.body', 'body': '<45 bytes>', 'more_body': True}
2026-04-20 14:38:26,894 [TRACE] uvicorn.asgi: ::1:59973 - ASGI [15] Send {'type': 'http.response.body', 'body': '<45 bytes>', 'more_body': True}
2026-04-20 14:38:30,656 [TRACE] uvicorn.asgi: ::1:63235 - ASGI [25] Send {'type': 'http.response.body', 'body': '<45 bytes>', 'more_body': True}
2026-04-20 14:38:41,882 [TRACE] uvicorn.asgi: ::1:59973 - ASGI [15] Send {'type': 'http.response.body', 'body': '<45 bytes>', 'more_body': True}
2026-04-20 14:38:45,660 [TRACE] uvicorn.asgi: ::1:63235 - ASGI [25] Send {'type': 'http.response.body', 'body': '<45 bytes>', 'more_body': True}
2026-04-20 14:38:56,898 [TRACE] uvicorn.asgi: ::1:59973 - ASGI [15] Send {'type': 'http.response.body', 'body': '<45 bytes>', 'more_body': True}
2026-04-20 14:39:00,675 [TRACE] uvicorn.asgi: ::1:63235 - ASGI [25] Send {'type': 'http.response.body', 'body': '<45 bytes>', 'more_body': True}
2026-04-20 14:39:11,921 [TRACE] uvicorn.asgi: ::1:59973 - ASGI [15] Send {'type': 'http.response.body', 'body': '<45 bytes>', 'more_body': True}
2026-04-20 14:39:15,701 [TRACE] uvicorn.asgi: ::1:63235 - ASGI [25] Send {'type': 'http.response.body', 'body': '<45 bytes>', 'more_body': True}
2026-04-20 14:39:26,937 [TRACE] uvicorn.asgi: ::1:59973 - ASGI [15] Send {'type': 'http.response.body', 'body': '<45 bytes>', 'more_body': True}
2026-04-20 14:39:30,710 [TRACE] uvicorn.asgi: ::1:63235 - ASGI [25] Send {'type': 'http.response.body', 'body': '<45 bytes>', 'more_body': True}
2026-04-20 14:39:41,953 [TRACE] uvicorn.asgi: ::1:59973 - ASGI [15] Send {'type': 'http.response.body', 'body': '<45 bytes>', 'more_body': True}
2026-04-20 14:39:45,730 [TRACE] uvicorn.asgi: ::1:63235 - ASGI [25] Send {'type': 'http.response.body', 'body': '<45 bytes>', 'more_body': True}
2026-04-20 14:39:56,958 [TRACE] uvicorn.asgi: ::1:59973 - ASGI [15] Send {'type': 'http.response.body', 'body': '<45 bytes>', 'more_body': True}
2026-04-20 14:40:00,709 [TRACE] uvicorn.asgi: ::1:63235 - ASGI [25] Send {'type': 'http.response.body', 'body': '<45 bytes>', 'more_body': True}
2026-04-20 14:40:11,984 [TRACE] uvicorn.asgi: ::1:59973 - ASGI [15] Send {'type': 'http.response.body', 'body': '<45 bytes>', 'more_body': True}
2026-04-20 14:40:15,719 [TRACE] uvicorn.asgi: ::1:63235 - ASGI [25] Send {'type': 'http.response.body', 'body': '<45 bytes>', 'more_body': True}
2026-04-20 14:40:27,000 [TRACE] uvicorn.asgi: ::1:59973 - ASGI [15] Send {'type': 'http.response.body', 'body': '<45 bytes>', 'more_body': True}
2026-04-20 14:40:30,729 [TRACE] uvicorn.asgi: ::1:63235 - ASGI [25] Send {'type': 'http.response.body', 'body': '<45 bytes>', 'more_body': True}
2026-04-20 14:40:42,015 [TRACE] uvicorn.asgi: ::1:59973 - ASGI [15] Send {'type': 'http.response.body', 'body': '<45 bytes>', 'more_body': True}
2026-04-20 14:40:45,729 [TRACE] uvicorn.asgi: ::1:63235 - ASGI [25] Send {'type': 'http.response.body', 'body': '<45 bytes>', 'more_body': True}
2026-04-20 14:40:57,025 [TRACE] uvicorn.asgi: ::1:59973 - ASGI [15] Send {'type': 'http.response.body', 'body': '<45 bytes>', 'more_body': True}
2026-04-20 14:41:00,710 [TRACE] uvicorn.asgi: ::1:63235 - ASGI [25] Send {'type': 'http.response.body', 'body': '<45 bytes>', 'more_body': True}
2026-04-20 14:41:12,042 [TRACE] uvicorn.asgi: ::1:59973 - ASGI [15] Send {'type': 'http.response.body', 'body': '<45 bytes>', 'more_body': True}
2026-04-20 14:41:15,728 [TRACE] uvicorn.asgi: ::1:63235 - ASGI [25] Send {'type': 'http.response.body', 'body': '<45 bytes>', 'more_body': True}
2026-04-20 14:41:27,063 [TRACE] uvicorn.asgi: ::1:59973 - ASGI [15] Send {'type': 'http.response.body', 'body': '<45 bytes>', 'more_body': True}
2026-04-20 14:41:30,737 [TRACE] uvicorn.asgi: ::1:63235 - ASGI [25] Send {'type': 'http.response.body', 'body': '<45 bytes>', 'more_body': True}
2026-04-20 14:41:42,077 [TRACE] uvicorn.asgi: ::1:59973 - ASGI [15] Send {'type': 'http.response.body', 'body': '<45 bytes>', 'more_body': True}
2026-04-20 14:41:45,709 [TRACE] uvicorn.asgi: ::1:63235 - ASGI [25] Send {'type': 'http.response.body', 'body': '<45 bytes>', 'more_body': True}
2026-04-20 14:41:57,079 [TRACE] uvicorn.asgi: ::1:59973 - ASGI [15] Send {'type': 'http.response.body', 'body': '<45 bytes>', 'more_body': True}
2026-04-20 14:42:00,733 [TRACE] uvicorn.asgi: ::1:63235 - ASGI [25] Send {'type': 'http.response.body', 'body': '<45 bytes>', 'more_body': True}
2026-04-20 14:42:12,073 [TRACE] uvicorn.asgi: ::1:59973 - ASGI [15] Send {'type': 'http.response.body', 'body': '<45 bytes>', 'more_body': True}
2026-04-20 14:42:15,743 [TRACE] uvicorn.asgi: ::1:63235 - ASGI [25] Send {'type': 'http.response.body', 'body': '<45 bytes>', 'more_body': True}
2026-04-20 14:42:27,079 [TRACE] uvicorn.asgi: ::1:59973 - ASGI [15] Send {'type': 'http.response.body', 'body': '<45 bytes>', 'more_body': True}
2026-04-20 14:42:30,765 [TRACE] uvicorn.asgi: ::1:63235 - ASGI [25] Send {'type': 'http.response.body', 'body': '<45 bytes>', 'more_body': True}
2026-04-20 14:42:42,087 [TRACE] uvicorn.asgi: ::1:59973 - ASGI [15] Send {'type': 'http.response.body', 'body': '<45 bytes>', 'more_body': True}
2026-04-20 14:42:45,785 [TRACE] uvicorn.asgi: ::1:63235 - ASGI [25] Send {'type': 'http.response.body', 'body': '<45 bytes>', 'more_body': True}
2026-04-20 14:42:57,092 [TRACE] uvicorn.asgi: ::1:59973 - ASGI [15] Send {'type': 'http.response.body', 'body': '<45 bytes>', 'more_body': True}
2026-04-20 14:43:00,781 [TRACE] uvicorn.asgi: ::1:63235 - ASGI [25] Send {'type': 'http.response.body', 'body': '<45 bytes>', 'more_body': True}
2026-04-20 14:43:12,106 [TRACE] uvicorn.asgi: ::1:59973 - ASGI [15] Send {'type': 'http.response.body', 'body': '<45 bytes>', 'more_body': True}
2026-04-20 14:43:15,778 [TRACE] uvicorn.asgi: ::1:63235 - ASGI [25] Send {'type': 'http.response.body', 'body': '<45 bytes>', 'more_body': True}
2026-04-20 14:43:27,119 [TRACE] uvicorn.asgi: ::1:59973 - ASGI [15] Send {'type': 'http.response.body', 'body': '<45 bytes>', 'more_body': True}
2026-04-20 14:43:30,783 [TRACE] uvicorn.asgi: ::1:63235 - ASGI [25] Send {'type': 'http.response.body', 'body': '<45 bytes>', 'more_body': True}
2026-04-20 14:43:42,143 [TRACE] uvicorn.asgi: ::1:59973 - ASGI [15] Send {'type': 'http.response.body', 'body': '<45 bytes>', 'more_body': True}
2026-04-20 14:43:45,763 [TRACE] uvicorn.asgi: ::1:63235 - ASGI [25] Send {'type': 'http.response.body', 'body': '<45 bytes>', 'more_body': True}
2026-04-20 14:43:57,145 [TRACE] uvicorn.asgi: ::1:59973 - ASGI [15] Send {'type': 'http.response.body', 'body': '<45 bytes>', 'more_body': True}
2026-04-20 14:44:00,774 [TRACE] uvicorn.asgi: ::1:63235 - ASGI [25] Send {'type': 'http.response.body', 'body': '<45 bytes>', 'more_body': True}
2026-04-20 14:44:12,147 [TRACE] uvicorn.asgi: ::1:59973 - ASGI [15] Send {'type': 'http.response.body', 'body': '<45 bytes>', 'more_body': True}
2026-04-20 14:44:15,798 [TRACE] uvicorn.asgi: ::1:63235 - ASGI [25] Send {'type': 'http.response.body', 'body': '<45 bytes>', 'more_body': True}
2026-04-20 14:44:27,157 [TRACE] uvicorn.asgi: ::1:59973 - ASGI [15] Send {'type': 'http.response.body', 'body': '<45 bytes>', 'more_body': True}
2026-04-20 14:44:30,808 [TRACE] uvicorn.asgi: ::1:63235 - ASGI [25] Send {'type': 'http.response.body', 'body': '<45 bytes>', 'more_body': True}
2026-04-20 14:44:42,150 [TRACE] uvicorn.asgi: ::1:59973 - ASGI [15] Send {'type': 'http.response.body', 'body': '<45 bytes>', 'more_body': True}
2026-04-20 14:44:45,814 [TRACE] uvicorn.asgi: ::1:63235 - ASGI [25] Send {'type': 'http.response.body', 'body': '<45 bytes>', 'more_body': True}
2026-04-20 14:44:57,140 [TRACE] uvicorn.asgi: ::1:59973 - ASGI [15] Send {'type': 'http.response.body', 'body': '<45 bytes>', 'more_body': True}
2026-04-20 14:45:00,827 [TRACE] uvicorn.asgi: ::1:63235 - ASGI [25] Send {'type': 'http.response.body', 'body': '<45 bytes>', 'more_body': True}
2026-04-20 14:45:12,131 [TRACE] uvicorn.asgi: ::1:59973 - ASGI [15] Send {'type': 'http.response.body', 'body': '<45 bytes>', 'more_body': True}
2026-04-20 14:45:15,822 [TRACE] uvicorn.asgi: ::1:63235 - ASGI [25] Send {'type': 'http.response.body', 'body': '<45 bytes>', 'more_body': True}
2026-04-20 14:45:27,148 [TRACE] uvicorn.asgi: ::1:59973 - ASGI [15] Send {'type': 'http.response.body', 'body': '<45 bytes>', 'more_body': True}
2026-04-20 14:45:30,816 [TRACE] uvicorn.asgi: ::1:63235 - ASGI [25] Send {'type': 'http.response.body', 'body': '<45 bytes>', 'more_body': True}
2026-04-20 14:45:42,173 [TRACE] uvicorn.asgi: ::1:59973 - ASGI [15] Send {'type': 'http.response.body', 'body': '<45 bytes>', 'more_body': True}
2026-04-20 14:45:45,815 [TRACE] uvicorn.asgi: ::1:63235 - ASGI [25] Send {'type': 'http.response.body', 'body': '<45 bytes>', 'more_body': True}
2026-04-20 14:45:57,167 [TRACE] uvicorn.asgi: ::1:59973 - ASGI [15] Send {'type': 'http.response.body', 'body': '<45 bytes>', 'more_body': True}
2026-04-20 14:46:00,815 [TRACE] uvicorn.asgi: ::1:63235 - ASGI [25] Send {'type': 'http.response.body', 'body': '<45 bytes>', 'more_body': True}
2026-04-20 14:46:12,183 [TRACE] uvicorn.asgi: ::1:59973 - ASGI [15] Send {'type': 'http.response.body', 'body': '<45 bytes>', 'more_body': True}
2026-04-20 14:46:15,824 [TRACE] uvicorn.asgi: ::1:63235 - ASGI [25] Send {'type': 'http.response.body', 'body': '<45 bytes>', 'more_body': True}
2026-04-20 14:46:27,193 [TRACE] uvicorn.asgi: ::1:59973 - ASGI [15] Send {'type': 'http.response.body', 'body': '<45 bytes>', 'more_body': True}
2026-04-20 14:46:30,809 [TRACE] uvicorn.asgi: ::1:63235 - ASGI [25] Send {'type': 'http.response.body', 'body': '<45 bytes>', 'more_body': True}
2026-04-20 14:46:42,214 [TRACE] uvicorn.asgi: ::1:59973 - ASGI [15] Send {'type': 'http.response.body', 'body': '<45 bytes>', 'more_body': True}
2026-04-20 14:46:45,831 [TRACE] uvicorn.asgi: ::1:63235 - ASGI [25] Send {'type': 'http.response.body', 'body': '<45 bytes>', 'more_body': True}
2026-04-20 14:46:57,238 [TRACE] uvicorn.asgi: ::1:59973 - ASGI [15] Send {'type': 'http.response.body', 'body': '<45 bytes>', 'more_body': True}
2026-04-20 14:47:00,839 [TRACE] uvicorn.asgi: ::1:63235 - ASGI [25] Send {'type': 'http.response.body', 'body': '<45 bytes>', 'more_body': True}
2026-04-20 14:47:12,232 [TRACE] uvicorn.asgi: ::1:59973 - ASGI [15] Send {'type': 'http.response.body', 'body': '<45 bytes>', 'more_body': True}
2026-04-20 14:47:15,862 [TRACE] uvicorn.asgi: ::1:63235 - ASGI [25] Send {'type': 'http.response.body', 'body': '<45 bytes>', 'more_body': True}
2026-04-20 14:47:27,231 [TRACE] uvicorn.asgi: ::1:59973 - ASGI [15] Send {'type': 'http.response.body', 'body': '<45 bytes>', 'more_body': True}
2026-04-20 14:47:30,855 [TRACE] uvicorn.asgi: ::1:63235 - ASGI [25] Send {'type': 'http.response.body', 'body': '<45 bytes>', 'more_body': True}
2026-04-20 14:47:42,249 [TRACE] uvicorn.asgi: ::1:59973 - ASGI [15] Send {'type': 'http.response.body', 'body': '<45 bytes>', 'more_body': True}
2026-04-20 14:47:45,860 [TRACE] uvicorn.asgi: ::1:63235 - ASGI [25] Send {'type': 'http.response.body', 'body': '<45 bytes>', 'more_body': True}
2026-04-20 14:47:57,258 [TRACE] uvicorn.asgi: ::1:59973 - ASGI [15] Send {'type': 'http.response.body', 'body': '<45 bytes>', 'more_body': True}
2026-04-20 14:48:00,874 [TRACE] uvicorn.asgi: ::1:63235 - ASGI [25] Send {'type': 'http.response.body', 'body': '<45 bytes>', 'more_body': True}
2026-04-20 14:48:12,276 [TRACE] uvicorn.asgi: ::1:59973 - ASGI [15] Send {'type': 'http.response.body', 'body': '<45 bytes>', 'more_body': True}
2026-04-20 14:48:15,875 [TRACE] uvicorn.asgi: ::1:63235 - ASGI [25] Send {'type': 'http.response.body', 'body': '<45 bytes>', 'more_body': True}
2026-04-20 14:48:27,271 [TRACE] uvicorn.asgi: ::1:59973 - ASGI [15] Send {'type': 'http.response.body', 'body': '<45 bytes>', 'more_body': True}
2026-04-20 14:48:30,870 [TRACE] uvicorn.asgi: ::1:63235 - ASGI [25] Send {'type': 'http.response.body', 'body': '<45 bytes>', 'more_body': True}
2026-04-20 14:48:42,272 [TRACE] uvicorn.asgi: ::1:59973 - ASGI [15] Send {'type': 'http.response.body', 'body': '<45 bytes>', 'more_body': True}
2026-04-20 14:48:45,882 [TRACE] uvicorn.asgi: ::1:63235 - ASGI [25] Send {'type': 'http.response.body', 'body': '<45 bytes>', 'more_body': True}
2026-04-20 14:48:57,283 [TRACE] uvicorn.asgi: ::1:59973 - ASGI [15] Send {'type': 'http.response.body', 'body': '<45 bytes>', 'more_body': True}
2026-04-20 14:49:00,904 [TRACE] uvicorn.asgi: ::1:63235 - ASGI [25] Send {'type': 'http.response.body', 'body': '<45 bytes>', 'more_body': True}
2026-04-20 14:49:12,294 [TRACE] uvicorn.asgi: ::1:59973 - ASGI [15] Send {'type': 'http.response.body', 'body': '<45 bytes>', 'more_body': True}
2026-04-20 14:49:15,893 [TRACE] uvicorn.asgi: ::1:63235 - ASGI [25] Send {'type': 'http.response.body', 'body': '<45 bytes>', 'more_body': True}
2026-04-20 14:49:27,293 [TRACE] uvicorn.asgi: ::1:59973 - ASGI [15] Send {'type': 'http.response.body', 'body': '<45 bytes>', 'more_body': True}
2026-04-20 14:49:30,892 [TRACE] uvicorn.asgi: ::1:63235 - ASGI [25] Send {'type': 'http.response.body', 'body': '<45 bytes>', 'more_body': True}
2026-04-20 14:49:42,315 [TRACE] uvicorn.asgi: ::1:59973 - ASGI [15] Send {'type': 'http.response.body', 'body': '<45 bytes>', 'more_body': True}
2026-04-20 14:49:45,899 [TRACE] uvicorn.asgi: ::1:63235 - ASGI [25] Send {'type': 'http.response.body', 'body': '<45 bytes>', 'more_body': True}
2026-04-20 14:49:57,317 [TRACE] uvicorn.asgi: ::1:59973 - ASGI [15] Send {'type': 'http.response.body', 'body': '<45 bytes>', 'more_body': True}
2026-04-20 14:50:00,912 [TRACE] uvicorn.asgi: ::1:63235 - ASGI [25] Send {'type': 'http.response.body', 'body': '<45 bytes>', 'more_body': True}
2026-04-20 14:50:12,343 [TRACE] uvicorn.asgi: ::1:59973 - ASGI [15] Send {'type': 'http.response.body', 'body': '<45 bytes>', 'more_body': True}
2026-04-20 14:50:15,916 [TRACE] uvicorn.asgi: ::1:63235 - ASGI [25] Send {'type': 'http.response.body', 'body': '<45 bytes>', 'more_body': True}
2026-04-20 14:50:27,341 [TRACE] uvicorn.asgi: ::1:59973 - ASGI [15] Send {'type': 'http.response.body', 'body': '<45 bytes>', 'more_body': True}
2026-04-20 14:50:30,923 [TRACE] uvicorn.asgi: ::1:63235 - ASGI [25] Send {'type': 'http.response.body', 'body': '<45 bytes>', 'more_body': True}
2026-04-20 14:50:42,356 [TRACE] uvicorn.asgi: ::1:59973 - ASGI [15] Send {'type': 'http.response.body', 'body': '<45 bytes>', 'more_body': True}
2026-04-20 14:50:45,911 [TRACE] uvicorn.asgi: ::1:63235 - ASGI [25] Send {'type': 'http.response.body', 'body': '<45 bytes>', 'more_body': True}
2026-04-20 14:50:57,346 [TRACE] uvicorn.asgi: ::1:59973 - ASGI [15] Send {'type': 'http.response.body', 'body': '<45 bytes>', 'more_body': True}
2026-04-20 14:51:00,932 [TRACE] uvicorn.asgi: ::1:63235 - ASGI [25] Send {'type': 'http.response.body', 'body': '<45 bytes>', 'more_body': True}
2026-04-20 14:51:12,343 [TRACE] uvicorn.asgi: ::1:59973 - ASGI [15] Send {'type': 'http.response.body', 'body': '<45 bytes>', 'more_body': True}
2026-04-20 14:51:15,952 [TRACE] uvicorn.asgi: ::1:63235 - ASGI [25] Send {'type': 'http.response.body', 'body': '<45 bytes>', 'more_body': True}
2026-04-20 14:51:27,364 [TRACE] uvicorn.asgi: ::1:59973 - ASGI [15] Send {'type': 'http.response.body', 'body': '<45 bytes>', 'more_body': True}
2026-04-20 14:51:30,963 [TRACE] uvicorn.asgi: ::1:63235 - ASGI [25] Send {'type': 'http.response.body', 'body': '<45 bytes>', 'more_body': True}
2026-04-20 14:51:42,382 [TRACE] uvicorn.asgi: ::1:59973 - ASGI [15] Send {'type': 'http.response.body', 'body': '<45 bytes>', 'more_body': True}
2026-04-20 14:51:45,986 [TRACE] uvicorn.asgi: ::1:63235 - ASGI [25] Send {'type': 'http.response.body', 'body': '<45 bytes>', 'more_body': True}
2026-04-20 14:51:57,395 [TRACE] uvicorn.asgi: ::1:59973 - ASGI [15] Send {'type': 'http.response.body', 'body': '<45 bytes>', 'more_body': True}
2026-04-20 14:52:00,973 [TRACE] uvicorn.asgi: ::1:63235 - ASGI [25] Send {'type': 'http.response.body', 'body': '<45 bytes>', 'more_body': True}
2026-04-20 14:52:12,399 [TRACE] uvicorn.asgi: ::1:59973 - ASGI [15] Send {'type': 'http.response.body', 'body': '<45 bytes>', 'more_body': True}
2026-04-20 14:52:15,976 [TRACE] uvicorn.asgi: ::1:63235 - ASGI [25] Send {'type': 'http.response.body', 'body': '<45 bytes>', 'more_body': True}
2026-04-20 14:52:27,424 [TRACE] uvicorn.asgi: ::1:59973 - ASGI [15] Send {'type': 'http.response.body', 'body': '<45 bytes>', 'more_body': True}
2026-04-20 14:52:31,003 [TRACE] uvicorn.asgi: ::1:63235 - ASGI [25] Send {'type': 'http.response.body', 'body': '<45 bytes>', 'more_body': True}
2026-04-20 14:52:42,439 [TRACE] uvicorn.asgi: ::1:59973 - ASGI [15] Send {'type': 'http.response.body', 'body': '<45 bytes>', 'more_body': True}
2026-04-20 14:52:46,013 [TRACE] uvicorn.asgi: ::1:63235 - ASGI [25] Send {'type': 'http.response.body', 'body': '<45 bytes>', 'more_body': True}
2026-04-20 14:52:57,438 [TRACE] uvicorn.asgi: ::1:59973 - ASGI [15] Send {'type': 'http.response.body', 'body': '<45 bytes>', 'more_body': True}
2026-04-20 14:53:01,019 [TRACE] uvicorn.asgi: ::1:63235 - ASGI [25] Send {'type': 'http.response.body', 'body': '<45 bytes>', 'more_body': True}
2026-04-20 14:53:12,437 [TRACE] uvicorn.asgi: ::1:59973 - ASGI [15] Send {'type': 'http.response.body', 'body': '<45 bytes>', 'more_body': True}
2026-04-20 14:53:16,020 [TRACE] uvicorn.asgi: ::1:63235 - ASGI [25] Send {'type': 'http.response.body', 'body': '<45 bytes>', 'more_body': True}
2026-04-20 14:53:27,431 [TRACE] uvicorn.asgi: ::1:59973 - ASGI [15] Send {'type': 'http.response.body', 'body': '<45 bytes>', 'more_body': True}
2026-04-20 14:53:31,007 [TRACE] uvicorn.asgi: ::1:63235 - ASGI [25] Send {'type': 'http.response.body', 'body': '<45 bytes>', 'more_body': True}
2026-04-20 14:53:42,449 [TRACE] uvicorn.asgi: ::1:59973 - ASGI [15] Send {'type': 'http.response.body', 'body': '<45 bytes>', 'more_body': True}
2026-04-20 14:53:46,018 [TRACE] uvicorn.asgi: ::1:63235 - ASGI [25] Send {'type': 'http.response.body', 'body': '<45 bytes>', 'more_body': True}
2026-04-20 14:53:57,465 [TRACE] uvicorn.asgi: ::1:59973 - ASGI [15] Send {'type': 'http.response.body', 'body': '<45 bytes>', 'more_body': True}
2026-04-20 14:54:01,028 [TRACE] uvicorn.asgi: ::1:63235 - ASGI [25] Send {'type': 'http.response.body', 'body': '<45 bytes>', 'more_body': True}
2026-04-20 14:54:12,472 [TRACE] uvicorn.asgi: ::1:59973 - ASGI [15] Send {'type': 'http.response.body', 'body': '<45 bytes>', 'more_body': True}
2026-04-20 14:54:16,044 [TRACE] uvicorn.asgi: ::1:63235 - ASGI [25] Send {'type': 'http.response.body', 'body': '<45 bytes>', 'more_body': True}
2026-04-20 14:54:27,476 [TRACE] uvicorn.asgi: ::1:59973 - ASGI [15] Send {'type': 'http.response.body', 'body': '<45 bytes>', 'more_body': True}
2026-04-20 14:54:31,058 [TRACE] uvicorn.asgi: ::1:63235 - ASGI [25] Send {'type': 'http.response.body', 'body': '<45 bytes>', 'more_body': True}
2026-04-20 14:54:42,501 [TRACE] uvicorn.asgi: ::1:59973 - ASGI [15] Send {'type': 'http.response.body', 'body': '<45 bytes>', 'more_body': True}
2026-04-20 14:54:46,073 [TRACE] uvicorn.asgi: ::1:63235 - ASGI [25] Send {'type': 'http.response.body', 'body': '<45 bytes>', 'more_body': True}
2026-04-20 14:54:57,513 [TRACE] uvicorn.asgi: ::1:59973 - ASGI [15] Send {'type': 'http.response.body', 'body': '<45 bytes>', 'more_body': True}
2026-04-20 14:55:01,074 [TRACE] uvicorn.asgi: ::1:63235 - ASGI [25] Send {'type': 'http.response.body', 'body': '<45 bytes>', 'more_body': True}
2026-04-20 14:55:12,526 [TRACE] uvicorn.asgi: ::1:59973 - ASGI [15] Send {'type': 'http.response.body', 'body': '<45 bytes>', 'more_body': True}
2026-04-20 14:55:16,092 [TRACE] uvicorn.asgi: ::1:63235 - ASGI [25] Send {'type': 'http.response.body', 'body': '<45 bytes>', 'more_body': True}
2026-04-20 14:55:27,522 [TRACE] uvicorn.asgi: ::1:59973 - ASGI [15] Send {'type': 'http.response.body', 'body': '<45 bytes>', 'more_body': True}
2026-04-20 14:55:31,101 [TRACE] uvicorn.asgi: ::1:63235 - ASGI [25] Send {'type': 'http.response.body', 'body': '<45 bytes>', 'more_body': True}
2026-04-20 14:55:42,523 [TRACE] uvicorn.asgi: ::1:59973 - ASGI [15] Send {'type': 'http.response.body', 'body': '<45 bytes>', 'more_body': True}
2026-04-20 14:55:46,086 [TRACE] uvicorn.asgi: ::1:63235 - ASGI [25] Send {'type': 'http.response.body', 'body': '<45 bytes>', 'more_body': True}
2026-04-20 14:55:57,512 [TRACE] uvicorn.asgi: ::1:59973 - ASGI [15] Send {'type': 'http.response.body', 'body': '<45 bytes>', 'more_body': True}
2026-04-20 14:56:01,090 [TRACE] uvicorn.asgi: ::1:63235 - ASGI [25] Send {'type': 'http.response.body', 'body': '<45 bytes>', 'more_body': True}
2026-04-20 14:56:12,526 [TRACE] uvicorn.asgi: ::1:59973 - ASGI [15] Send {'type': 'http.response.body', 'body': '<45 bytes>', 'more_body': True}
2026-04-20 14:56:16,106 [TRACE] uvicorn.asgi: ::1:63235 - ASGI [25] Send {'type': 'http.response.body', 'body': '<45 bytes>', 'more_body': True}
2026-04-20 14:56:27,521 [TRACE] uvicorn.asgi: ::1:59973 - ASGI [15] Send {'type': 'http.response.body', 'body': '<45 bytes>', 'more_body': True}
2026-04-20 14:56:31,099 [TRACE] uvicorn.asgi: ::1:63235 - ASGI [25] Send {'type': 'http.response.body', 'body': '<45 bytes>', 'more_body': True}
2026-04-20 14:56:42,532 [TRACE] uvicorn.asgi: ::1:59973 - ASGI [15] Send {'type': 'http.response.body', 'body': '<45 bytes>', 'more_body': True}
2026-04-20 14:56:46,093 [TRACE] uvicorn.asgi: ::1:63235 - ASGI [25] Send {'type': 'http.response.body', 'body': '<45 bytes>', 'more_body': True}
2026-04-20 14:56:57,511 [TRACE] uvicorn.asgi: ::1:59973 - ASGI [15] Send {'type': 'http.response.body', 'body': '<45 bytes>', 'more_body': True}
2026-04-20 14:57:01,088 [TRACE] uvicorn.asgi: ::1:63235 - ASGI [25] Send {'type': 'http.response.body', 'body': '<45 bytes>', 'more_body': True}
2026-04-20 14:57:12,522 [TRACE] uvicorn.asgi: ::1:59973 - ASGI [15] Send {'type': 'http.response.body', 'body': '<45 bytes>', 'more_body': True}
2026-04-20 14:57:16,113 [TRACE] uvicorn.asgi: ::1:63235 - ASGI [25] Send {'type': 'http.response.body', 'body': '<45 bytes>', 'more_body': True}
2026-04-20 14:57:27,530 [TRACE] uvicorn.asgi: ::1:59973 - ASGI [15] Send {'type': 'http.response.body', 'body': '<45 bytes>', 'more_body': True}
2026-04-20 14:57:31,118 [TRACE] uvicorn.asgi: ::1:63235 - ASGI [25] Send {'type': 'http.response.body', 'body': '<45 bytes>', 'more_body': True}
2026-04-20 14:57:42,531 [TRACE] uvicorn.asgi: ::1:59973 - ASGI [15] Send {'type': 'http.response.body', 'body': '<45 bytes>', 'more_body': True}
2026-04-20 14:57:46,140 [TRACE] uvicorn.asgi: ::1:63235 - ASGI [25] Send {'type': 'http.response.body', 'body': '<45 bytes>', 'more_body': True}
2026-04-20 14:57:57,538 [TRACE] uvicorn.asgi: ::1:59973 - ASGI [15] Send {'type': 'http.response.body', 'body': '<45 bytes>', 'more_body': True}
2026-04-20 14:58:01,152 [TRACE] uvicorn.asgi: ::1:63235 - ASGI [25] Send {'type': 'http.response.body', 'body': '<45 bytes>', 'more_body': True}
2026-04-20 14:58:12,560 [TRACE] uvicorn.asgi: ::1:59973 - ASGI [15] Send {'type': 'http.response.body', 'body': '<45 bytes>', 'more_body': True}
2026-04-20 14:58:16,163 [TRACE] uvicorn.asgi: ::1:63235 - ASGI [25] Send {'type': 'http.response.body', 'body': '<45 bytes>', 'more_body': True}
2026-04-20 14:58:27,567 [TRACE] uvicorn.asgi: ::1:59973 - ASGI [15] Send {'type': 'http.response.body', 'body': '<45 bytes>', 'more_body': True}
2026-04-20 14:58:31,191 [TRACE] uvicorn.asgi: ::1:63235 - ASGI [25] Send {'type': 'http.response.body', 'body': '<45 bytes>', 'more_body': True}
2026-04-20 14:58:42,573 [TRACE] uvicorn.asgi: ::1:59973 - ASGI [15] Send {'type': 'http.response.body', 'body': '<45 bytes>', 'more_body': True}
2026-04-20 14:58:46,220 [TRACE] uvicorn.asgi: ::1:63235 - ASGI [25] Send {'type': 'http.response.body', 'body': '<45 bytes>', 'more_body': True}
2026-04-20 14:58:57,581 [TRACE] uvicorn.asgi: ::1:59973 - ASGI [15] Send {'type': 'http.response.body', 'body': '<45 bytes>', 'more_body': True}
2026-04-20 14:59:01,226 [TRACE] uvicorn.asgi: ::1:63235 - ASGI [25] Send {'type': 'http.response.body', 'body': '<45 bytes>', 'more_body': True}
2026-04-20 14:59:12,585 [TRACE] uvicorn.asgi: ::1:59973 - ASGI [15] Send {'type': 'http.response.body', 'body': '<45 bytes>', 'more_body': True}
2026-04-20 14:59:16,225 [TRACE] uvicorn.asgi: ::1:63235 - ASGI [25] Send {'type': 'http.response.body', 'body': '<45 bytes>', 'more_body': True}
2026-04-20 14:59:27,601 [TRACE] uvicorn.asgi: ::1:59973 - ASGI [15] Send {'type': 'http.response.body', 'body': '<45 bytes>', 'more_body': True}
2026-04-20 14:59:31,247 [TRACE] uvicorn.asgi: ::1:63235 - ASGI [25] Send {'type': 'http.response.body', 'body': '<45 bytes>', 'more_body': True}
2026-04-20 14:59:42,619 [TRACE] uvicorn.asgi: ::1:59973 - ASGI [15] Send {'type': 'http.response.body', 'body': '<45 bytes>', 'more_body': True}
2026-04-20 14:59:46,251 [TRACE] uvicorn.asgi: ::1:63235 - ASGI [25] Send {'type': 'http.response.body', 'body': '<45 bytes>', 'more_body': True}
2026-04-20 14:59:57,628 [TRACE] uvicorn.asgi: ::1:59973 - ASGI [15] Send {'type': 'http.response.body', 'body': '<45 bytes>', 'more_body': True}
2026-04-20 15:00:01,254 [TRACE] uvicorn.asgi: ::1:63235 - ASGI [25] Send {'type': 'http.response.body', 'body': '<45 bytes>', 'more_body': True}
2026-04-20 15:00:12,655 [TRACE] uvicorn.asgi: ::1:59973 - ASGI [15] Send {'type': 'http.response.body', 'body': '<45 bytes>', 'more_body': True}
2026-04-20 15:00:16,274 [TRACE] uvicorn.asgi: ::1:63235 - ASGI [25] Send {'type': 'http.response.body', 'body': '<45 bytes>', 'more_body': True}
2026-04-20 15:00:27,651 [TRACE] uvicorn.asgi: ::1:59973 - ASGI [15] Send {'type': 'http.response.body', 'body': '<45 bytes>', 'more_body': True}
2026-04-20 15:00:31,271 [TRACE] uvicorn.asgi: ::1:63235 - ASGI [25] Send {'type': 'http.response.body', 'body': '<45 bytes>', 'more_body': True}
2026-04-20 15:00:42,633 [TRACE] uvicorn.asgi: ::1:59973 - ASGI [15] Send {'type': 'http.response.body', 'body': '<45 bytes>', 'more_body': True}
2026-04-20 15:00:46,279 [TRACE] uvicorn.asgi: ::1:63235 - ASGI [25] Send {'type': 'http.response.body', 'body': '<45 bytes>', 'more_body': True}
2026-04-20 15:00:57,651 [TRACE] uvicorn.asgi: ::1:59973 - ASGI [15] Send {'type': 'http.response.body', 'body': '<45 bytes>', 'more_body': True}
2026-04-20 15:01:01,256 [TRACE] uvicorn.asgi: ::1:63235 - ASGI [25] Send {'type': 'http.response.body', 'body': '<45 bytes>', 'more_body': True}
2026-04-20 15:01:12,667 [TRACE] uvicorn.asgi: ::1:59973 - ASGI [15] Send {'type': 'http.response.body', 'body': '<45 bytes>', 'more_body': True}
2026-04-20 15:01:16,279 [TRACE] uvicorn.asgi: ::1:63235 - ASGI [25] Send {'type': 'http.response.body', 'body': '<45 bytes>', 'more_body': True}
2026-04-20 15:01:27,682 [TRACE] uvicorn.asgi: ::1:59973 - ASGI [15] Send {'type': 'http.response.body', 'body': '<45 bytes>', 'more_body': True}
2026-04-20 15:01:31,278 [TRACE] uvicorn.asgi: ::1:63235 - ASGI [25] Send {'type': 'http.response.body', 'body': '<45 bytes>', 'more_body': True}
2026-04-20 15:01:42,707 [TRACE] uvicorn.asgi: ::1:59973 - ASGI [15] Send {'type': 'http.response.body', 'body': '<45 bytes>', 'more_body': True}
2026-04-20 15:01:46,277 [TRACE] uvicorn.asgi: ::1:63235 - ASGI [25] Send {'type': 'http.response.body', 'body': '<45 bytes>', 'more_body': True}
2026-04-20 15:01:57,695 [TRACE] uvicorn.asgi: ::1:59973 - ASGI [15] Send {'type': 'http.response.body', 'body': '<45 bytes>', 'more_body': True}
2026-04-20 15:02:01,282 [TRACE] uvicorn.asgi: ::1:63235 - ASGI [25] Send {'type': 'http.response.body', 'body': '<45 bytes>', 'more_body': True}
2026-04-20 15:02:12,705 [TRACE] uvicorn.asgi: ::1:59973 - ASGI [15] Send {'type': 'http.response.body', 'body': '<45 bytes>', 'more_body': True}
2026-04-20 15:02:16,288 [TRACE] uvicorn.asgi: ::1:63235 - ASGI [25] Send {'type': 'http.response.body', 'body': '<45 bytes>', 'more_body': True}
2026-04-20 15:02:27,690 [TRACE] uvicorn.asgi: ::1:59973 - ASGI [15] Send {'type': 'http.response.body', 'body': '<45 bytes>', 'more_body': True}
2026-04-20 15:02:31,306 [TRACE] uvicorn.asgi: ::1:63235 - ASGI [25] Send {'type': 'http.response.body', 'body': '<45 bytes>', 'more_body': True}
2026-04-20 15:02:42,694 [TRACE] uvicorn.asgi: ::1:59973 - ASGI [15] Send {'type': 'http.response.body', 'body': '<45 bytes>', 'more_body': True}
2026-04-20 15:02:46,326 [TRACE] uvicorn.asgi: ::1:63235 - ASGI [25] Send {'type': 'http.response.body', 'body': '<45 bytes>', 'more_body': True}
2026-04-20 15:02:57,712 [TRACE] uvicorn.asgi: ::1:59973 - ASGI [15] Send {'type': 'http.response.body', 'body': '<45 bytes>', 'more_body': True}
2026-04-20 15:03:01,341 [TRACE] uvicorn.asgi: ::1:63235 - ASGI [25] Send {'type': 'http.response.body', 'body': '<45 bytes>', 'more_body': True}
2026-04-20 15:03:12,723 [TRACE] uvicorn.asgi: ::1:59973 - ASGI [15] Send {'type': 'http.response.body', 'body': '<45 bytes>', 'more_body': True}
2026-04-20 15:03:16,355 [TRACE] uvicorn.asgi: ::1:63235 - ASGI [25] Send {'type': 'http.response.body', 'body': '<45 bytes>', 'more_body': True}
2026-04-20 15:03:27,738 [TRACE] uvicorn.asgi: ::1:59973 - ASGI [15] Send {'type': 'http.response.body', 'body': '<45 bytes>', 'more_body': True}
2026-04-20 15:03:31,371 [TRACE] uvicorn.asgi: ::1:63235 - ASGI [25] Send {'type': 'http.response.body', 'body': '<45 bytes>', 'more_body': True}
2026-04-20 15:03:42,726 [TRACE] uvicorn.asgi: ::1:59973 - ASGI [15] Send {'type': 'http.response.body', 'body': '<45 bytes>', 'more_body': True}
2026-04-20 15:03:46,370 [TRACE] uvicorn.asgi: ::1:63235 - ASGI [25] Send {'type': 'http.response.body', 'body': '<45 bytes>', 'more_body': True}
2026-04-20 15:03:57,738 [TRACE] uvicorn.asgi: ::1:59973 - ASGI [15] Send {'type': 'http.response.body', 'body': '<45 bytes>', 'more_body': True}
2026-04-20 15:04:01,380 [TRACE] uvicorn.asgi: ::1:63235 - ASGI [25] Send {'type': 'http.response.body', 'body': '<45 bytes>', 'more_body': True}
2026-04-20 15:04:05,301 [TRACE] uvicorn.error: 127.0.0.1:60268 - HTTP connection made
2026-04-20 15:04:05,302 [TRACE] uvicorn.asgi: 127.0.0.1:60268 - ASGI [57] Started scope={'type': 'http', 'asgi': {'version': '3.0', 'spec_version': '2.3'}, 'http_version': '1.1', 'server': ('127.0.0.1', 8003), 'client': ('127.0.0.1', 60268), 'scheme': 'http', 'method': 'POST', 'root_path': '', 'path': '/kilometers-to-miles', 'raw_path': b'/kilometers-to-miles', 'query_string': b'', 'headers': '<...>', 'state': {}}
2026-04-20 15:04:05,305 [TRACE] uvicorn.asgi: 127.0.0.1:60268 - ASGI [57] Send {'type': 'http.response.start', 'status': 422, 'headers': '<...>'}
2026-04-20 15:04:05,305 [INFO] uvicorn.access: 127.0.0.1:60268 - "POST /kilometers-to-miles HTTP/1.1" 422
2026-04-20 15:04:05,305 [TRACE] uvicorn.asgi: 127.0.0.1:60268 - ASGI [57] Send {'type': 'http.response.body', 'body': '<96 bytes>'}
2026-04-20 15:04:05,306 [TRACE] uvicorn.asgi: 127.0.0.1:60268 - ASGI [57] Completed
2026-04-20 15:04:05,306 [TRACE] uvicorn.error: 127.0.0.1:60268 - HTTP connection lost
2026-04-20 15:04:12,738 [TRACE] uvicorn.asgi: ::1:59973 - ASGI [15] Send {'type': 'http.response.body', 'body': '<45 bytes>', 'more_body': True}
2026-04-20 15:04:16,392 [TRACE] uvicorn.asgi: ::1:63235 - ASGI [25] Send {'type': 'http.response.body', 'body': '<45 bytes>', 'more_body': True}
2026-04-20 15:04:27,745 [TRACE] uvicorn.asgi: ::1:59973 - ASGI [15] Send {'type': 'http.response.body', 'body': '<45 bytes>', 'more_body': True}
2026-04-20 15:04:31,408 [TRACE] uvicorn.asgi: ::1:63235 - ASGI [25] Send {'type': 'http.response.body', 'body': '<45 bytes>', 'more_body': True}
2026-04-20 15:04:42,765 [TRACE] uvicorn.asgi: ::1:59973 - ASGI [15] Send {'type': 'http.response.body', 'body': '<45 bytes>', 'more_body': True}
2026-04-20 15:04:46,422 [TRACE] uvicorn.asgi: ::1:63235 - ASGI [25] Send {'type': 'http.response.body', 'body': '<45 bytes>', 'more_body': True}
2026-04-20 15:04:57,785 [TRACE] uvicorn.asgi: ::1:59973 - ASGI [15] Send {'type': 'http.response.body', 'body': '<45 bytes>', 'more_body': True}
2026-04-20 15:05:01,432 [TRACE] uvicorn.asgi: ::1:63235 - ASGI [25] Send {'type': 'http.response.body', 'body': '<45 bytes>', 'more_body': True}
2026-04-20 15:05:12,804 [TRACE] uvicorn.asgi: ::1:59973 - ASGI [15] Send {'type': 'http.response.body', 'body': '<45 bytes>', 'more_body': True}
2026-04-20 15:05:16,444 [TRACE] uvicorn.asgi: ::1:63235 - ASGI [25] Send {'type': 'http.response.body', 'body': '<45 bytes>', 'more_body': True}
2026-04-20 15:05:27,811 [TRACE] uvicorn.asgi: ::1:59973 - ASGI [15] Send {'type': 'http.response.body', 'body': '<45 bytes>', 'more_body': True}
2026-04-20 15:05:31,459 [TRACE] uvicorn.asgi: ::1:63235 - ASGI [25] Send {'type': 'http.response.body', 'body': '<45 bytes>', 'more_body': True}
2026-04-20 15:05:42,811 [TRACE] uvicorn.asgi: ::1:59973 - ASGI [15] Send {'type': 'http.response.body', 'body': '<45 bytes>', 'more_body': True}
2026-04-20 15:05:46,487 [TRACE] uvicorn.asgi: ::1:63235 - ASGI [25] Send {'type': 'http.response.body', 'body': '<45 bytes>', 'more_body': True}
2026-04-20 15:05:57,818 [TRACE] uvicorn.asgi: ::1:59973 - ASGI [15] Send {'type': 'http.response.body', 'body': '<45 bytes>', 'more_body': True}
2026-04-20 15:06:01,489 [TRACE] uvicorn.asgi: ::1:63235 - ASGI [25] Send {'type': 'http.response.body', 'body': '<45 bytes>', 'more_body': True}
2026-04-20 15:06:12,846 [TRACE] uvicorn.asgi: ::1:59973 - ASGI [15] Send {'type': 'http.response.body', 'body': '<45 bytes>', 'more_body': True}
2026-04-20 15:06:16,501 [TRACE] uvicorn.asgi: ::1:63235 - ASGI [25] Send {'type': 'http.response.body', 'body': '<45 bytes>', 'more_body': True}
2026-04-20 15:06:27,857 [TRACE] uvicorn.asgi: ::1:59973 - ASGI [15] Send {'type': 'http.response.body', 'body': '<45 bytes>', 'more_body': True}
2026-04-20 15:06:31,515 [TRACE] uvicorn.asgi: ::1:63235 - ASGI [25] Send {'type': 'http.response.body', 'body': '<45 bytes>', 'more_body': True}
2026-04-20 15:06:42,857 [TRACE] uvicorn.asgi: ::1:59973 - ASGI [15] Send {'type': 'http.response.body', 'body': '<45 bytes>', 'more_body': True}
2026-04-20 15:06:46,521 [TRACE] uvicorn.asgi: ::1:63235 - ASGI [25] Send {'type': 'http.response.body', 'body': '<45 bytes>', 'more_body': True}
2026-04-20 15:06:57,849 [TRACE] uvicorn.asgi: ::1:59973 - ASGI [15] Send {'type': 'http.response.body', 'body': '<45 bytes>', 'more_body': True}
2026-04-20 15:07:01,536 [TRACE] uvicorn.asgi: ::1:63235 - ASGI [25] Send {'type': 'http.response.body', 'body': '<45 bytes>', 'more_body': True}
2026-04-20 15:07:12,870 [TRACE] uvicorn.asgi: ::1:59973 - ASGI [15] Send {'type': 'http.response.body', 'body': '<45 bytes>', 'more_body': True}
2026-04-20 15:07:16,562 [TRACE] uvicorn.asgi: ::1:63235 - ASGI [25] Send {'type': 'http.response.body', 'body': '<45 bytes>', 'more_body': True}
2026-04-20 15:07:27,875 [TRACE] uvicorn.asgi: ::1:59973 - ASGI [15] Send {'type': 'http.response.body', 'body': '<45 bytes>', 'more_body': True}
2026-04-20 15:07:31,579 [TRACE] uvicorn.asgi: ::1:63235 - ASGI [25] Send {'type': 'http.response.body', 'body': '<45 bytes>', 'more_body': True}
2026-04-20 15:07:42,879 [TRACE] uvicorn.asgi: ::1:59973 - ASGI [15] Send {'type': 'http.response.body', 'body': '<45 bytes>', 'more_body': True}
2026-04-20 15:07:46,586 [TRACE] uvicorn.asgi: ::1:63235 - ASGI [25] Send {'type': 'http.response.body', 'body': '<45 bytes>', 'more_body': True}
2026-04-20 15:07:57,902 [TRACE] uvicorn.asgi: ::1:59973 - ASGI [15] Send {'type': 'http.response.body', 'body': '<45 bytes>', 'more_body': True}
2026-04-20 15:08:01,598 [TRACE] uvicorn.asgi: ::1:63235 - ASGI [25] Send {'type': 'http.response.body', 'body': '<45 bytes>', 'more_body': True}
2026-04-20 15:08:12,917 [TRACE] uvicorn.asgi: ::1:59973 - ASGI [15] Send {'type': 'http.response.body', 'body': '<45 bytes>', 'more_body': True}
2026-04-20 15:08:16,597 [TRACE] uvicorn.asgi: ::1:63235 - ASGI [25] Send {'type': 'http.response.body', 'body': '<45 bytes>', 'more_body': True}
2026-04-20 15:08:27,938 [TRACE] uvicorn.asgi: ::1:59973 - ASGI [15] Send {'type': 'http.response.body', 'body': '<45 bytes>', 'more_body': True}
2026-04-20 15:08:31,603 [TRACE] uvicorn.asgi: ::1:63235 - ASGI [25] Send {'type': 'http.response.body', 'body': '<45 bytes>', 'more_body': True}
2026-04-20 15:08:42,955 [TRACE] uvicorn.asgi: ::1:59973 - ASGI [15] Send {'type': 'http.response.body', 'body': '<45 bytes>', 'more_body': True}
2026-04-20 15:08:46,606 [TRACE] uvicorn.asgi: ::1:63235 - ASGI [25] Send {'type': 'http.response.body', 'body': '<45 bytes>', 'more_body': True}
2026-04-20 15:08:57,948 [TRACE] uvicorn.asgi: ::1:59973 - ASGI [15] Send {'type': 'http.response.body', 'body': '<45 bytes>', 'more_body': True}
2026-04-20 15:09:01,589 [TRACE] uvicorn.asgi: ::1:63235 - ASGI [25] Send {'type': 'http.response.body', 'body': '<45 bytes>', 'more_body': True}
2026-04-20 15:09:12,967 [TRACE] uvicorn.asgi: ::1:59973 - ASGI [15] Send {'type': 'http.response.body', 'body': '<45 bytes>', 'more_body': True}
2026-04-20 15:09:16,603 [TRACE] uvicorn.asgi: ::1:63235 - ASGI [25] Send {'type': 'http.response.body', 'body': '<45 bytes>', 'more_body': True}
2026-04-20 15:09:27,978 [TRACE] uvicorn.asgi: ::1:59973 - ASGI [15] Send {'type': 'http.response.body', 'body': '<45 bytes>', 'more_body': True}
2026-04-20 15:09:31,611 [TRACE] uvicorn.asgi: ::1:63235 - ASGI [25] Send {'type': 'http.response.body', 'body': '<45 bytes>', 'more_body': True}
2026-04-20 15:09:42,989 [TRACE] uvicorn.asgi: ::1:59973 - ASGI [15] Send {'type': 'http.response.body', 'body': '<45 bytes>', 'more_body': True}
2026-04-20 15:09:46,620 [TRACE] uvicorn.asgi: ::1:63235 - ASGI [25] Send {'type': 'http.response.body', 'body': '<45 bytes>', 'more_body': True}
2026-04-20 15:09:57,999 [TRACE] uvicorn.asgi: ::1:59973 - ASGI [15] Send {'type': 'http.response.body', 'body': '<45 bytes>', 'more_body': True}
2026-04-20 15:10:01,634 [TRACE] uvicorn.asgi: ::1:63235 - ASGI [25] Send {'type': 'http.response.body', 'body': '<45 bytes>', 'more_body': True}
2026-04-20 15:10:13,011 [TRACE] uvicorn.asgi: ::1:59973 - ASGI [15] Send {'type': 'http.response.body', 'body': '<45 bytes>', 'more_body': True}
2026-04-20 15:10:16,653 [TRACE] uvicorn.asgi: ::1:63235 - ASGI [25] Send {'type': 'http.response.body', 'body': '<45 bytes>', 'more_body': True}
2026-04-20 15:10:28,020 [TRACE] uvicorn.asgi: ::1:59973 - ASGI [15] Send {'type': 'http.response.body', 'body': '<45 bytes>', 'more_body': True}
2026-04-20 15:10:31,675 [TRACE] uvicorn.asgi: ::1:63235 - ASGI [25] Send {'type': 'http.response.body', 'body': '<45 bytes>', 'more_body': True}
2026-04-20 15:10:43,034 [TRACE] uvicorn.asgi: ::1:59973 - ASGI [15] Send {'type': 'http.response.body', 'body': '<45 bytes>', 'more_body': True}
2026-04-20 15:10:46,707 [TRACE] uvicorn.asgi: ::1:63235 - ASGI [25] Send {'type': 'http.response.body', 'body': '<45 bytes>', 'more_body': True}
2026-04-20 15:10:58,041 [TRACE] uvicorn.asgi: ::1:59973 - ASGI [15] Send {'type': 'http.response.body', 'body': '<45 bytes>', 'more_body': True}
2026-04-20 15:11:01,737 [TRACE] uvicorn.asgi: ::1:63235 - ASGI [25] Send {'type': 'http.response.body', 'body': '<45 bytes>', 'more_body': True}
2026-04-20 15:11:13,040 [TRACE] uvicorn.asgi: ::1:59973 - ASGI [15] Send {'type': 'http.response.body', 'body': '<45 bytes>', 'more_body': True}
2026-04-20 15:11:16,748 [TRACE] uvicorn.asgi: ::1:63235 - ASGI [25] Send {'type': 'http.response.body', 'body': '<45 bytes>', 'more_body': True}
2026-04-20 15:11:28,062 [TRACE] uvicorn.asgi: ::1:59973 - ASGI [15] Send {'type': 'http.response.body', 'body': '<45 bytes>', 'more_body': True}
2026-04-20 15:11:31,746 [TRACE] uvicorn.asgi: ::1:63235 - ASGI [25] Send {'type': 'http.response.body', 'body': '<45 bytes>', 'more_body': True}
2026-04-20 15:11:43,077 [TRACE] uvicorn.asgi: ::1:59973 - ASGI [15] Send {'type': 'http.response.body', 'body': '<45 bytes>', 'more_body': True}
2026-04-20 15:11:46,751 [TRACE] uvicorn.asgi: ::1:63235 - ASGI [25] Send {'type': 'http.response.body', 'body': '<45 bytes>', 'more_body': True}
2026-04-20 15:11:58,079 [TRACE] uvicorn.asgi: ::1:59973 - ASGI [15] Send {'type': 'http.response.body', 'body': '<45 bytes>', 'more_body': True}
2026-04-20 15:12:01,740 [TRACE] uvicorn.asgi: ::1:63235 - ASGI [25] Send {'type': 'http.response.body', 'body': '<45 bytes>', 'more_body': True}
2026-04-20 15:12:13,070 [TRACE] uvicorn.asgi: ::1:59973 - ASGI [15] Send {'type': 'http.response.body', 'body': '<45 bytes>', 'more_body': True}
2026-04-20 15:12:16,746 [TRACE] uvicorn.asgi: ::1:63235 - ASGI [25] Send {'type': 'http.response.body', 'body': '<45 bytes>', 'more_body': True}
2026-04-20 15:12:28,085 [TRACE] uvicorn.asgi: ::1:59973 - ASGI [15] Send {'type': 'http.response.body', 'body': '<45 bytes>', 'more_body': True}
2026-04-20 15:12:31,743 [TRACE] uvicorn.asgi: ::1:63235 - ASGI [25] Send {'type': 'http.response.body', 'body': '<45 bytes>', 'more_body': True}
2026-04-20 15:12:43,106 [TRACE] uvicorn.asgi: ::1:59973 - ASGI [15] Send {'type': 'http.response.body', 'body': '<45 bytes>', 'more_body': True}
2026-04-20 15:12:46,766 [TRACE] uvicorn.asgi: ::1:63235 - ASGI [25] Send {'type': 'http.response.body', 'body': '<45 bytes>', 'more_body': True}
2026-04-20 15:12:58,114 [TRACE] uvicorn.asgi: ::1:59973 - ASGI [15] Send {'type': 'http.response.body', 'body': '<45 bytes>', 'more_body': True}
2026-04-20 15:13:01,767 [TRACE] uvicorn.asgi: ::1:63235 - ASGI [25] Send {'type': 'http.response.body', 'body': '<45 bytes>', 'more_body': True}
2026-04-20 15:13:13,130 [TRACE] uvicorn.asgi: ::1:59973 - ASGI [15] Send {'type': 'http.response.body', 'body': '<45 bytes>', 'more_body': True}
2026-04-20 15:13:16,755 [TRACE] uvicorn.asgi: ::1:63235 - ASGI [25] Send {'type': 'http.response.body', 'body': '<45 bytes>', 'more_body': True}
2026-04-20 15:13:28,155 [TRACE] uvicorn.asgi: ::1:59973 - ASGI [15] Send {'type': 'http.response.body', 'body': '<45 bytes>', 'more_body': True}
2026-04-20 15:13:31,785 [TRACE] uvicorn.asgi: ::1:63235 - ASGI [25] Send {'type': 'http.response.body', 'body': '<45 bytes>', 'more_body': True}
2026-04-20 15:13:43,154 [TRACE] uvicorn.asgi: ::1:59973 - ASGI [15] Send {'type': 'http.response.body', 'body': '<45 bytes>', 'more_body': True}
2026-04-20 15:13:46,782 [TRACE] uvicorn.asgi: ::1:63235 - ASGI [25] Send {'type': 'http.response.body', 'body': '<45 bytes>', 'more_body': True}
2026-04-20 15:13:58,147 [TRACE] uvicorn.asgi: ::1:59973 - ASGI [15] Send {'type': 'http.response.body', 'body': '<45 bytes>', 'more_body': True}
2026-04-20 15:14:01,757 [TRACE] uvicorn.asgi: ::1:63235 - ASGI [25] Send {'type': 'http.response.body', 'body': '<45 bytes>', 'more_body': True}
2026-04-20 15:14:13,162 [TRACE] uvicorn.asgi: ::1:59973 - ASGI [15] Send {'type': 'http.response.body', 'body': '<45 bytes>', 'more_body': True}
2026-04-20 15:14:16,782 [TRACE] uvicorn.asgi: ::1:63235 - ASGI [25] Send {'type': 'http.response.body', 'body': '<45 bytes>', 'more_body': True}
2026-04-20 15:14:28,184 [TRACE] uvicorn.asgi: ::1:59973 - ASGI [15] Send {'type': 'http.response.body', 'body': '<45 bytes>', 'more_body': True}
2026-04-20 15:14:31,798 [TRACE] uvicorn.asgi: ::1:63235 - ASGI [25] Send {'type': 'http.response.body', 'body': '<45 bytes>', 'more_body': True}
2026-04-20 15:14:43,180 [TRACE] uvicorn.asgi: ::1:59973 - ASGI [15] Send {'type': 'http.response.body', 'body': '<45 bytes>', 'more_body': True}
2026-04-20 15:14:46,794 [TRACE] uvicorn.asgi: ::1:63235 - ASGI [25] Send {'type': 'http.response.body', 'body': '<45 bytes>', 'more_body': True}
2026-04-20 15:14:58,197 [TRACE] uvicorn.asgi: ::1:59973 - ASGI [15] Send {'type': 'http.response.body', 'body': '<45 bytes>', 'more_body': True}
2026-04-20 15:15:01,807 [TRACE] uvicorn.asgi: ::1:63235 - ASGI [25] Send {'type': 'http.response.body', 'body': '<45 bytes>', 'more_body': True}
2026-04-20 15:15:13,220 [TRACE] uvicorn.asgi: ::1:59973 - ASGI [15] Send {'type': 'http.response.body', 'body': '<45 bytes>', 'more_body': True}
2026-04-20 15:15:16,814 [TRACE] uvicorn.asgi: ::1:63235 - ASGI [25] Send {'type': 'http.response.body', 'body': '<45 bytes>', 'more_body': True}
2026-04-20 15:15:28,223 [TRACE] uvicorn.asgi: ::1:59973 - ASGI [15] Send {'type': 'http.response.body', 'body': '<45 bytes>', 'more_body': True}
2026-04-20 15:15:31,833 [TRACE] uvicorn.asgi: ::1:63235 - ASGI [25] Send {'type': 'http.response.body', 'body': '<45 bytes>', 'more_body': True}
2026-04-20 15:15:43,228 [TRACE] uvicorn.asgi: ::1:59973 - ASGI [15] Send {'type': 'http.response.body', 'body': '<45 bytes>', 'more_body': True}
2026-04-20 15:15:46,862 [TRACE] uvicorn.asgi: ::1:63235 - ASGI [25] Send {'type': 'http.response.body', 'body': '<45 bytes>', 'more_body': True}
2026-04-20 15:15:58,244 [TRACE] uvicorn.asgi: ::1:59973 - ASGI [15] Send {'type': 'http.response.body', 'body': '<45 bytes>', 'more_body': True}
2026-04-20 15:16:01,865 [TRACE] uvicorn.asgi: ::1:63235 - ASGI [25] Send {'type': 'http.response.body', 'body': '<45 bytes>', 'more_body': True}
2026-04-20 15:16:13,266 [TRACE] uvicorn.asgi: ::1:59973 - ASGI [15] Send {'type': 'http.response.body', 'body': '<45 bytes>', 'more_body': True}
2026-04-20 15:16:16,894 [TRACE] uvicorn.asgi: ::1:63235 - ASGI [25] Send {'type': 'http.response.body', 'body': '<45 bytes>', 'more_body': True}
2026-04-20 15:16:28,277 [TRACE] uvicorn.asgi: ::1:59973 - ASGI [15] Send {'type': 'http.response.body', 'body': '<45 bytes>', 'more_body': True}
2026-04-20 15:16:31,907 [TRACE] uvicorn.asgi: ::1:63235 - ASGI [25] Send {'type': 'http.response.body', 'body': '<45 bytes>', 'more_body': True}
2026-04-20 15:16:43,255 [TRACE] uvicorn.asgi: ::1:59973 - ASGI [15] Send {'type': 'http.response.body', 'body': '<45 bytes>', 'more_body': True}
2026-04-20 15:16:46,899 [TRACE] uvicorn.asgi: ::1:63235 - ASGI [25] Send {'type': 'http.response.body', 'body': '<45 bytes>', 'more_body': True}
2026-04-20 15:16:58,272 [TRACE] uvicorn.asgi: ::1:59973 - ASGI [15] Send {'type': 'http.response.body', 'body': '<45 bytes>', 'more_body': True}
2026-04-20 15:17:01,900 [TRACE] uvicorn.asgi: ::1:63235 - ASGI [25] Send {'type': 'http.response.body', 'body': '<45 bytes>', 'more_body': True}
2026-04-20 15:17:13,270 [TRACE] uvicorn.asgi: ::1:59973 - ASGI [15] Send {'type': 'http.response.body', 'body': '<45 bytes>', 'more_body': True}
2026-04-20 15:17:16,913 [TRACE] uvicorn.asgi: ::1:63235 - ASGI [25] Send {'type': 'http.response.body', 'body': '<45 bytes>', 'more_body': True}
2026-04-20 15:17:28,278 [TRACE] uvicorn.asgi: ::1:59973 - ASGI [15] Send {'type': 'http.response.body', 'body': '<45 bytes>', 'more_body': True}
2026-04-20 15:17:31,930 [TRACE] uvicorn.asgi: ::1:63235 - ASGI [25] Send {'type': 'http.response.body', 'body': '<45 bytes>', 'more_body': True}
2026-04-20 15:17:43,280 [TRACE] uvicorn.asgi: ::1:59973 - ASGI [15] Send {'type': 'http.response.body', 'body': '<45 bytes>', 'more_body': True}
2026-04-20 15:17:46,946 [TRACE] uvicorn.asgi: ::1:63235 - ASGI [25] Send {'type': 'http.response.body', 'body': '<45 bytes>', 'more_body': True}
2026-04-20 15:17:58,275 [TRACE] uvicorn.asgi: ::1:59973 - ASGI [15] Send {'type': 'http.response.body', 'body': '<45 bytes>', 'more_body': True}
2026-04-20 15:18:01,968 [TRACE] uvicorn.asgi: ::1:63235 - ASGI [25] Send {'type': 'http.response.body', 'body': '<45 bytes>', 'more_body': True}
2026-04-20 15:18:13,287 [TRACE] uvicorn.asgi: ::1:59973 - ASGI [15] Send {'type': 'http.response.body', 'body': '<45 bytes>', 'more_body': True}
2026-04-20 15:18:16,989 [TRACE] uvicorn.asgi: ::1:63235 - ASGI [25] Send {'type': 'http.response.body', 'body': '<45 bytes>', 'more_body': True}
2026-04-20 15:18:28,316 [TRACE] uvicorn.asgi: ::1:59973 - ASGI [15] Send {'type': 'http.response.body', 'body': '<45 bytes>', 'more_body': True}
2026-04-20 15:18:31,971 [TRACE] uvicorn.asgi: ::1:63235 - ASGI [25] Send {'type': 'http.response.body', 'body': '<45 bytes>', 'more_body': True}
2026-04-20 15:18:43,321 [TRACE] uvicorn.asgi: ::1:59973 - ASGI [15] Send {'type': 'http.response.body', 'body': '<45 bytes>', 'more_body': True}
2026-04-20 15:18:46,968 [TRACE] uvicorn.asgi: ::1:63235 - ASGI [25] Send {'type': 'http.response.body', 'body': '<45 bytes>', 'more_body': True}
2026-04-20 15:18:58,330 [TRACE] uvicorn.asgi: ::1:59973 - ASGI [15] Send {'type': 'http.response.body', 'body': '<45 bytes>', 'more_body': True}
2026-04-20 15:19:01,970 [TRACE] uvicorn.asgi: ::1:63235 - ASGI [25] Send {'type': 'http.response.body', 'body': '<45 bytes>', 'more_body': True}
2026-04-20 15:19:13,325 [TRACE] uvicorn.asgi: ::1:59973 - ASGI [15] Send {'type': 'http.response.body', 'body': '<45 bytes>', 'more_body': True}
2026-04-20 15:19:16,973 [TRACE] uvicorn.asgi: ::1:63235 - ASGI [25] Send {'type': 'http.response.body', 'body': '<45 bytes>', 'more_body': True}
2026-04-20 15:19:28,312 [TRACE] uvicorn.asgi: ::1:59973 - ASGI [15] Send {'type': 'http.response.body', 'body': '<45 bytes>', 'more_body': True}
2026-04-20 15:19:31,994 [TRACE] uvicorn.asgi: ::1:63235 - ASGI [25] Send {'type': 'http.response.body', 'body': '<45 bytes>', 'more_body': True}
2026-04-20 15:19:43,322 [TRACE] uvicorn.asgi: ::1:59973 - ASGI [15] Send {'type': 'http.response.body', 'body': '<45 bytes>', 'more_body': True}
2026-04-20 15:19:46,996 [TRACE] uvicorn.asgi: ::1:63235 - ASGI [25] Send {'type': 'http.response.body', 'body': '<45 bytes>', 'more_body': True}
2026-04-20 15:19:58,341 [TRACE] uvicorn.asgi: ::1:59973 - ASGI [15] Send {'type': 'http.response.body', 'body': '<45 bytes>', 'more_body': True}
2026-04-20 15:20:02,008 [TRACE] uvicorn.asgi: ::1:63235 - ASGI [25] Send {'type': 'http.response.body', 'body': '<45 bytes>', 'more_body': True}
2026-04-20 15:20:13,339 [TRACE] uvicorn.asgi: ::1:59973 - ASGI [15] Send {'type': 'http.response.body', 'body': '<45 bytes>', 'more_body': True}
2026-04-20 15:20:17,024 [TRACE] uvicorn.asgi: ::1:63235 - ASGI [25] Send {'type': 'http.response.body', 'body': '<45 bytes>', 'more_body': True}
2026-04-20 15:20:28,363 [TRACE] uvicorn.asgi: ::1:59973 - ASGI [15] Send {'type': 'http.response.body', 'body': '<45 bytes>', 'more_body': True}
2026-04-20 15:20:32,037 [TRACE] uvicorn.asgi: ::1:63235 - ASGI [25] Send {'type': 'http.response.body', 'body': '<45 bytes>', 'more_body': True}
2026-04-20 15:20:43,386 [TRACE] uvicorn.asgi: ::1:59973 - ASGI [15] Send {'type': 'http.response.body', 'body': '<45 bytes>', 'more_body': True}
2026-04-20 15:20:47,051 [TRACE] uvicorn.asgi: ::1:63235 - ASGI [25] Send {'type': 'http.response.body', 'body': '<45 bytes>', 'more_body': True}
2026-04-20 15:20:58,400 [TRACE] uvicorn.asgi: ::1:59973 - ASGI [15] Send {'type': 'http.response.body', 'body': '<45 bytes>', 'more_body': True}
2026-04-20 15:21:02,068 [TRACE] uvicorn.asgi: ::1:63235 - ASGI [25] Send {'type': 'http.response.body', 'body': '<45 bytes>', 'more_body': True}
2026-04-20 15:21:13,382 [TRACE] uvicorn.asgi: ::1:59973 - ASGI [15] Send {'type': 'http.response.body', 'body': '<45 bytes>', 'more_body': True}
2026-04-20 15:21:17,091 [TRACE] uvicorn.asgi: ::1:63235 - ASGI [25] Send {'type': 'http.response.body', 'body': '<45 bytes>', 'more_body': True}
2026-04-20 15:21:28,396 [TRACE] uvicorn.asgi: ::1:59973 - ASGI [15] Send {'type': 'http.response.body', 'body': '<45 bytes>', 'more_body': True}
2026-04-20 15:21:32,113 [TRACE] uvicorn.asgi: ::1:63235 - ASGI [25] Send {'type': 'http.response.body', 'body': '<45 bytes>', 'more_body': True}
2026-04-20 15:21:43,409 [TRACE] uvicorn.asgi: ::1:59973 - ASGI [15] Send {'type': 'http.response.body', 'body': '<45 bytes>', 'more_body': True}
2026-04-20 15:21:47,122 [TRACE] uvicorn.asgi: ::1:63235 - ASGI [25] Send {'type': 'http.response.body', 'body': '<45 bytes>', 'more_body': True}
2026-04-20 15:21:58,409 [TRACE] uvicorn.asgi: ::1:59973 - ASGI [15] Send {'type': 'http.response.body', 'body': '<45 bytes>', 'more_body': True}
2026-04-20 15:22:02,136 [TRACE] uvicorn.asgi: ::1:63235 - ASGI [25] Send {'type': 'http.response.body', 'body': '<45 bytes>', 'more_body': True}
2026-04-20 15:22:13,399 [TRACE] uvicorn.asgi: ::1:59973 - ASGI [15] Send {'type': 'http.response.body', 'body': '<45 bytes>', 'more_body': True}
2026-04-20 15:22:17,149 [TRACE] uvicorn.asgi: ::1:63235 - ASGI [25] Send {'type': 'http.response.body', 'body': '<45 bytes>', 'more_body': True}
2026-04-20 15:22:27,818 [INFO] uvicorn.error: Shutting down
2026-04-20 15:22:27,820 [TRACE] uvicorn.asgi: ::1:63235 - ASGI [25] Receive {'type': 'http.disconnect'}
2026-04-20 15:22:27,820 [TRACE] uvicorn.asgi: ::1:59973 - ASGI [15] Receive {'type': 'http.disconnect'}
2026-04-20 15:22:27,822 [TRACE] uvicorn.asgi: ::1:63235 - ASGI [25] Completed
2026-04-20 15:22:27,822 [TRACE] uvicorn.asgi: ::1:59973 - ASGI [15] Completed
2026-04-20 15:22:27,823 [TRACE] uvicorn.error: ::1:63235 - HTTP connection lost
2026-04-20 15:22:27,823 [TRACE] uvicorn.error: ::1:59973 - HTTP connection lost
2026-04-20 15:22:27,927 [INFO] uvicorn.error: Waiting for application shutdown.
2026-04-20 15:22:27,929 [TRACE] uvicorn.asgi: ASGI [1] Receive {'type': 'lifespan.shutdown'}
2026-04-20 15:22:27,929 [INFO] mcp.server.streamable_http_manager: StreamableHTTP session manager shutting down
2026-04-20 15:22:27,932 [TRACE] uvicorn.asgi: ASGI [1] Send {'type': 'lifespan.shutdown.complete'}
2026-04-20 15:22:27,933 [TRACE] uvicorn.asgi: ASGI [1] Completed
2026-04-20 15:22:27,933 [INFO] uvicorn.error: Application shutdown complete.
2026-04-20 15:22:27,934 [INFO] uvicorn.error: Finished server process [21304]
2026-04-22 08:53:44,347 [INFO] uvicorn.error: Started server process [9016]
2026-04-22 08:53:44,348 [INFO] uvicorn.error: Waiting for application startup.
2026-04-22 08:53:44,349 [TRACE] uvicorn.asgi: ASGI [1] Started scope={'type': 'lifespan', 'asgi': {'version': '3.0', 'spec_version': '2.0'}, 'state': {}}
2026-04-22 08:53:44,349 [TRACE] uvicorn.asgi: ASGI [1] Receive {'type': 'lifespan.startup'}
2026-04-22 08:53:44,353 [INFO] mcp.server.streamable_http_manager: StreamableHTTP session manager started
2026-04-22 08:53:44,353 [TRACE] uvicorn.asgi: ASGI [1] Send {'type': 'lifespan.startup.complete'}
2026-04-22 08:53:44,353 [INFO] uvicorn.error: Application startup complete.
2026-04-22 08:53:44,359 [INFO] uvicorn.error: Uvicorn running on http://localhost:8003 (Press CTRL+C to quit)
2026-04-22 08:53:56,379 [TRACE] uvicorn.error: 127.0.0.1:60488 - HTTP connection made
2026-04-22 08:53:56,395 [TRACE] uvicorn.asgi: 127.0.0.1:60488 - ASGI [2] Started scope={'type': 'http', 'asgi': {'version': '3.0', 'spec_version': '2.3'}, 'http_version': '1.1', 'server': ('127.0.0.1', 8003), 'client': ('127.0.0.1', 60488), 'scheme': 'http', 'method': 'POST', 'root_path': '', 'path': '/mcp', 'raw_path': b'/mcp', 'query_string': b'', 'headers': '<...>', 'state': {}}
2026-04-22 08:53:56,396 [TRACE] uvicorn.asgi: 127.0.0.1:60488 - ASGI [2] Send {'type': 'http.response.start', 'status': 307, 'headers': '<...>'}
2026-04-22 08:53:56,397 [INFO] uvicorn.access: 127.0.0.1:60488 - "POST /mcp HTTP/1.1" 307
2026-04-22 08:53:56,397 [TRACE] uvicorn.asgi: 127.0.0.1:60488 - ASGI [2] Send {'type': 'http.response.body', 'body': '<0 bytes>'}
2026-04-22 08:53:56,397 [TRACE] uvicorn.asgi: 127.0.0.1:60488 - ASGI [2] Completed
2026-04-22 08:53:56,397 [TRACE] uvicorn.error: 127.0.0.1:60488 - HTTP connection lost
2026-04-22 08:56:06,911 [TRACE] uvicorn.error: 127.0.0.1:54305 - HTTP connection made
2026-04-22 08:56:06,911 [TRACE] uvicorn.asgi: 127.0.0.1:54305 - ASGI [3] Started scope={'type': 'http', 'asgi': {'version': '3.0', 'spec_version': '2.3'}, 'http_version': '1.1', 'server': ('127.0.0.1', 8003), 'client': ('127.0.0.1', 54305), 'scheme': 'http', 'method': 'POST', 'root_path': '', 'path': '/mcp', 'raw_path': b'/mcp', 'query_string': b'', 'headers': '<...>', 'state': {}}
2026-04-22 08:56:06,911 [TRACE] uvicorn.asgi: 127.0.0.1:54305 - ASGI [3] Send {'type': 'http.response.start', 'status': 307, 'headers': '<...>'}
2026-04-22 08:56:06,911 [INFO] uvicorn.access: 127.0.0.1:54305 - "POST /mcp HTTP/1.1" 307
2026-04-22 08:56:06,911 [TRACE] uvicorn.asgi: 127.0.0.1:54305 - ASGI [3] Send {'type': 'http.response.body', 'body': '<0 bytes>'}
2026-04-22 08:56:06,911 [TRACE] uvicorn.asgi: 127.0.0.1:54305 - ASGI [3] Completed
2026-04-22 08:56:06,911 [TRACE] uvicorn.error: 127.0.0.1:54305 - HTTP connection lost
2026-04-22 08:59:34,210 [TRACE] uvicorn.error: 127.0.0.1:60860 - HTTP connection made
2026-04-22 08:59:34,233 [TRACE] uvicorn.asgi: 127.0.0.1:60860 - ASGI [4] Started scope={'type': 'http', 'asgi': {'version': '3.0', 'spec_version': '2.3'}, 'http_version': '1.1', 'server': ('127.0.0.1', 8003), 'client': ('127.0.0.1', 60860), 'scheme': 'http', 'method': 'POST', 'root_path': '', 'path': '/mcp', 'raw_path': b'/mcp', 'query_string': b'', 'headers': '<...>', 'state': {}}
2026-04-22 08:59:34,233 [TRACE] uvicorn.asgi: 127.0.0.1:60860 - ASGI [4] Send {'type': 'http.response.start', 'status': 307, 'headers': '<...>'}
2026-04-22 08:59:34,234 [INFO] uvicorn.access: 127.0.0.1:60860 - "POST /mcp HTTP/1.1" 307
2026-04-22 08:59:34,234 [TRACE] uvicorn.asgi: 127.0.0.1:60860 - ASGI [4] Send {'type': 'http.response.body', 'body': '<0 bytes>'}
2026-04-22 08:59:34,234 [TRACE] uvicorn.asgi: 127.0.0.1:60860 - ASGI [4] Completed
2026-04-22 08:59:34,234 [TRACE] uvicorn.error: 127.0.0.1:60860 - HTTP connection lost
2026-04-22 08:59:57,093 [TRACE] uvicorn.error: ::1:62594 - HTTP connection made
2026-04-22 08:59:57,094 [TRACE] uvicorn.asgi: ::1:62594 - ASGI [5] Started scope={'type': 'http', 'asgi': {'version': '3.0', 'spec_version': '2.3'}, 'http_version': '1.1', 'server': ('::1', 8003), 'client': ('::1', 62594), 'scheme': 'http', 'method': 'GET', 'root_path': '', 'path': '/mcp', 'raw_path': b'/mcp', 'query_string': b'', 'headers': '<...>', 'state': {}}
2026-04-22 08:59:57,095 [TRACE] uvicorn.asgi: ::1:62594 - ASGI [5] Send {'type': 'http.response.start', 'status': 307, 'headers': '<...>'}
2026-04-22 08:59:57,095 [INFO] uvicorn.access: ::1:62594 - "GET /mcp HTTP/1.1" 307
2026-04-22 08:59:57,095 [TRACE] uvicorn.asgi: ::1:62594 - ASGI [5] Send {'type': 'http.response.body', 'body': '<0 bytes>'}
2026-04-22 08:59:57,095 [TRACE] uvicorn.asgi: ::1:62594 - ASGI [5] Completed
2026-04-22 08:59:57,102 [TRACE] uvicorn.asgi: ::1:62594 - ASGI [6] Started scope={'type': 'http', 'asgi': {'version': '3.0', 'spec_version': '2.3'}, 'http_version': '1.1', 'server': ('::1', 8003), 'client': ('::1', 62594), 'scheme': 'http', 'method': 'GET', 'root_path': '', 'path': '/mcp/', 'raw_path': b'/mcp/', 'query_string': b'', 'headers': '<...>', 'state': {}}
2026-04-22 08:59:57,103 [INFO] mcp.server.streamable_http_manager: Created new transport with session ID: d179f5e686bb4011b613f59eb7208224
2026-04-22 08:59:57,104 [TRACE] uvicorn.asgi: ::1:62594 - ASGI [6] Send {'type': 'http.response.start', 'status': <HTTPStatus.NOT_ACCEPTABLE: 406>, 'headers': '<...>'}
2026-04-22 08:59:57,105 [INFO] uvicorn.access: ::1:62594 - "GET /mcp/ HTTP/1.1" 406
2026-04-22 08:59:57,105 [TRACE] uvicorn.asgi: ::1:62594 - ASGI [6] Send {'type': 'http.response.body', 'body': '<126 bytes>'}
2026-04-22 08:59:57,105 [TRACE] uvicorn.asgi: ::1:62594 - ASGI [6] Completed
2026-04-22 08:59:57,146 [TRACE] uvicorn.asgi: ::1:62594 - ASGI [7] Started scope={'type': 'http', 'asgi': {'version': '3.0', 'spec_version': '2.3'}, 'http_version': '1.1', 'server': ('::1', 8003), 'client': ('::1', 62594), 'scheme': 'http', 'method': 'GET', 'root_path': '', 'path': '/favicon.ico', 'raw_path': b'/favicon.ico', 'query_string': b'', 'headers': '<...>', 'state': {}}
2026-04-22 08:59:57,146 [TRACE] uvicorn.asgi: ::1:62594 - ASGI [7] Send {'type': 'http.response.start', 'status': 404, 'headers': '<...>'}
2026-04-22 08:59:57,146 [INFO] uvicorn.access: ::1:62594 - "GET /favicon.ico HTTP/1.1" 404
2026-04-22 08:59:57,146 [TRACE] uvicorn.asgi: ::1:62594 - ASGI [7] Send {'type': 'http.response.body', 'body': '<22 bytes>'}
2026-04-22 08:59:57,146 [TRACE] uvicorn.asgi: ::1:62594 - ASGI [7] Completed
2026-04-22 09:00:02,151 [TRACE] uvicorn.error: ::1:62594 - HTTP connection lost
2026-04-22 09:02:08,644 [TRACE] uvicorn.error: ::1:51435 - HTTP connection made
2026-04-22 09:02:08,644 [TRACE] uvicorn.asgi: ::1:51435 - ASGI [8] Started scope={'type': 'http', 'asgi': {'version': '3.0', 'spec_version': '2.3'}, 'http_version': '1.1', 'server': ('::1', 8003), 'client': ('::1', 51435), 'scheme': 'http', 'method': 'POST', 'root_path': '', 'path': '/mcp', 'raw_path': b'/mcp', 'query_string': b'', 'headers': '<...>', 'state': {}}
2026-04-22 09:02:08,644 [TRACE] uvicorn.asgi: ::1:51435 - ASGI [8] Send {'type': 'http.response.start', 'status': 307, 'headers': '<...>'}
2026-04-22 09:02:08,644 [INFO] uvicorn.access: ::1:51435 - "POST /mcp HTTP/1.1" 307
2026-04-22 09:02:08,644 [TRACE] uvicorn.asgi: ::1:51435 - ASGI [8] Send {'type': 'http.response.body', 'body': '<0 bytes>'}
2026-04-22 09:02:08,652 [TRACE] uvicorn.asgi: ::1:51435 - ASGI [8] Completed
2026-04-22 09:02:11,385 [TRACE] uvicorn.error: ::1:51435 - HTTP connection lost
2026-04-22 09:02:31,008 [TRACE] uvicorn.error: ::1:51439 - HTTP connection made
2026-04-22 09:02:31,008 [TRACE] uvicorn.asgi: ::1:51439 - ASGI [9] Started scope={'type': 'http', 'asgi': {'version': '3.0', 'spec_version': '2.3'}, 'http_version': '1.1', 'server': ('::1', 8003), 'client': ('::1', 51439), 'scheme': 'http', 'method': 'POST', 'root_path': '', 'path': '/mcp', 'raw_path': b'/mcp', 'query_string': b'', 'headers': '<...>', 'state': {}}
2026-04-22 09:02:31,008 [TRACE] uvicorn.asgi: ::1:51439 - ASGI [9] Send {'type': 'http.response.start', 'status': 307, 'headers': '<...>'}
2026-04-22 09:02:31,008 [INFO] uvicorn.access: ::1:51439 - "POST /mcp HTTP/1.1" 307
2026-04-22 09:02:31,008 [TRACE] uvicorn.asgi: ::1:51439 - ASGI [9] Send {'type': 'http.response.body', 'body': '<0 bytes>'}
2026-04-22 09:02:31,008 [TRACE] uvicorn.asgi: ::1:51439 - ASGI [9] Completed
2026-04-22 09:02:33,737 [TRACE] uvicorn.error: ::1:51439 - HTTP connection lost
2026-04-22 09:03:13,323 [TRACE] uvicorn.error: 127.0.0.1:60962 - HTTP connection made
2026-04-22 09:03:13,323 [TRACE] uvicorn.asgi: 127.0.0.1:60962 - ASGI [10] Started scope={'type': 'http', 'asgi': {'version': '3.0', 'spec_version': '2.3'}, 'http_version': '1.1', 'server': ('127.0.0.1', 8003), 'client': ('127.0.0.1', 60962), 'scheme': 'http', 'method': 'POST', 'root_path': '', 'path': '/miles-to-kilometers', 'raw_path': b'/miles-to-kilometers', 'query_string': b'', 'headers': '<...>', 'state': {}}
2026-04-22 09:03:13,338 [TRACE] uvicorn.asgi: 127.0.0.1:60962 - ASGI [10] Receive {'type': 'http.request', 'body': '<3 bytes>', 'more_body': False}
2026-04-22 09:03:13,340 [TRACE] uvicorn.asgi: 127.0.0.1:60962 - ASGI [10] Send {'type': 'http.response.start', 'status': 401, 'headers': '<...>'}
2026-04-22 09:03:13,340 [INFO] uvicorn.access: 127.0.0.1:60962 - "POST /miles-to-kilometers HTTP/1.1" 401
2026-04-22 09:03:13,340 [TRACE] uvicorn.asgi: 127.0.0.1:60962 - ASGI [10] Send {'type': 'http.response.body', 'body': '<37 bytes>'}
2026-04-22 09:03:13,340 [TRACE] uvicorn.asgi: 127.0.0.1:60962 - ASGI [10] Completed
2026-04-22 09:03:13,341 [TRACE] uvicorn.error: 127.0.0.1:60962 - HTTP connection lost
2026-04-22 09:07:13,693 [TRACE] uvicorn.error: 127.0.0.1:52011 - HTTP connection made
2026-04-22 09:07:13,719 [TRACE] uvicorn.asgi: 127.0.0.1:52011 - ASGI [11] Started scope={'type': 'http', 'asgi': {'version': '3.0', 'spec_version': '2.3'}, 'http_version': '1.1', 'server': ('127.0.0.1', 8003), 'client': ('127.0.0.1', 52011), 'scheme': 'http', 'method': 'POST', 'root_path': '', 'path': '/mcp/', 'raw_path': b'/mcp/', 'query_string': b'', 'headers': '<...>', 'state': {}}
2026-04-22 09:07:13,720 [INFO] mcp.server.streamable_http_manager: Created new transport with session ID: 38510aca8cca4f6788e87d1a0ea6c87a
2026-04-22 09:07:13,720 [TRACE] uvicorn.asgi: 127.0.0.1:52011 - ASGI [11] Receive {'type': 'http.request', 'body': '<151 bytes>', 'more_body': False}
2026-04-22 09:07:13,720 [TRACE] uvicorn.asgi: 127.0.0.1:52011 - ASGI [11] Send {'type': 'http.response.start', 'status': 200, 'headers': '<...>'}
2026-04-22 09:07:13,720 [INFO] uvicorn.access: 127.0.0.1:52011 - "POST /mcp/ HTTP/1.1" 200
2026-04-22 09:07:13,723 [TRACE] uvicorn.asgi: 127.0.0.1:52011 - ASGI [11] Send {'type': 'http.response.body', 'body': '<444 bytes>', 'more_body': True}
2026-04-22 09:07:13,723 [TRACE] uvicorn.asgi: 127.0.0.1:52011 - ASGI [11] Send {'type': 'http.response.body', 'body': '<0 bytes>', 'more_body': False}
2026-04-22 09:07:13,723 [TRACE] uvicorn.asgi: 127.0.0.1:52011 - ASGI [11] Receive {'type': 'http.disconnect'}
2026-04-22 09:07:13,723 [TRACE] uvicorn.error: 127.0.0.1:52011 - HTTP connection lost
2026-04-22 09:07:13,723 [TRACE] uvicorn.asgi: 127.0.0.1:52011 - ASGI [11] Completed
2026-04-22 09:07:22,578 [TRACE] uvicorn.error: 127.0.0.1:52012 - HTTP connection made
2026-04-22 09:07:22,600 [TRACE] uvicorn.asgi: 127.0.0.1:52012 - ASGI [12] Started scope={'type': 'http', 'asgi': {'version': '3.0', 'spec_version': '2.3'}, 'http_version': '1.1', 'server': ('127.0.0.1', 8003), 'client': ('127.0.0.1', 52012), 'scheme': 'http', 'method': 'POST', 'root_path': '', 'path': '/mcp/', 'raw_path': b'/mcp/', 'query_string': b'', 'headers': '<...>', 'state': {}}
2026-04-22 09:07:22,600 [TRACE] uvicorn.asgi: 127.0.0.1:52012 - ASGI [12] Receive {'type': 'http.request', 'body': '<179 bytes>', 'more_body': False}
2026-04-22 09:07:22,601 [TRACE] uvicorn.asgi: 127.0.0.1:52012 - ASGI [12] Send {'type': 'http.response.start', 'status': 200, 'headers': '<...>'}
2026-04-22 09:07:22,601 [INFO] uvicorn.access: 127.0.0.1:52012 - "POST /mcp/ HTTP/1.1" 200
2026-04-22 09:07:22,601 [TRACE] uvicorn.asgi: 127.0.0.1:52012 - ASGI [12] Send {'type': 'http.response.body', 'body': '<444 bytes>', 'more_body': True}
2026-04-22 09:07:22,603 [TRACE] uvicorn.asgi: 127.0.0.1:52012 - ASGI [12] Send {'type': 'http.response.body', 'body': '<0 bytes>', 'more_body': False}
2026-04-22 09:07:22,603 [TRACE] uvicorn.asgi: 127.0.0.1:52012 - ASGI [12] Receive {'type': 'http.disconnect'}
2026-04-22 09:07:22,603 [TRACE] uvicorn.error: 127.0.0.1:52012 - HTTP connection lost
2026-04-22 09:07:22,603 [TRACE] uvicorn.asgi: 127.0.0.1:52012 - ASGI [12] Completed
2026-04-22 09:07:45,789 [TRACE] uvicorn.error: 127.0.0.1:52022 - HTTP connection made
2026-04-22 09:07:45,789 [TRACE] uvicorn.asgi: 127.0.0.1:52022 - ASGI [13] Started scope={'type': 'http', 'asgi': {'version': '3.0', 'spec_version': '2.3'}, 'http_version': '1.1', 'server': ('127.0.0.1', 8003), 'client': ('127.0.0.1', 52022), 'scheme': 'http', 'method': 'POST', 'root_path': '', 'path': '/mcp/', 'raw_path': b'/mcp/', 'query_string': b'', 'headers': '<...>', 'state': {}}
2026-04-22 09:07:45,789 [TRACE] uvicorn.asgi: 127.0.0.1:52022 - ASGI [13] Receive {'type': 'http.request', 'body': '<58 bytes>', 'more_body': False}
2026-04-22 09:07:45,789 [TRACE] uvicorn.asgi: 127.0.0.1:52022 - ASGI [13] Send {'type': 'http.response.start', 'status': 200, 'headers': '<...>'}
2026-04-22 09:07:45,789 [INFO] uvicorn.access: 127.0.0.1:52022 - "POST /mcp/ HTTP/1.1" 200
2026-04-22 09:07:45,789 [INFO] mcp.server.lowlevel.server: Processing request of type ListToolsRequest
2026-04-22 09:07:45,810 [TRACE] uvicorn.asgi: 127.0.0.1:52022 - ASGI [13] Send {'type': 'http.response.body', 'body': '<2518 bytes>', 'more_body': True}
2026-04-22 09:07:45,810 [TRACE] uvicorn.asgi: 127.0.0.1:52022 - ASGI [13] Send {'type': 'http.response.body', 'body': '<0 bytes>', 'more_body': False}
2026-04-22 09:07:45,810 [TRACE] uvicorn.asgi: 127.0.0.1:52022 - ASGI [13] Receive {'type': 'http.disconnect'}
2026-04-22 09:07:45,811 [TRACE] uvicorn.error: 127.0.0.1:52022 - HTTP connection lost
2026-04-22 09:07:45,811 [TRACE] uvicorn.asgi: 127.0.0.1:52022 - ASGI [13] Completed
2026-04-22 09:10:32,625 [TRACE] uvicorn.error: 127.0.0.1:55685 - HTTP connection made
2026-04-22 09:10:32,646 [TRACE] uvicorn.asgi: 127.0.0.1:55685 - ASGI [14] Started scope={'type': 'http', 'asgi': {'version': '3.0', 'spec_version': '2.3'}, 'http_version': '1.1', 'server': ('127.0.0.1', 8003), 'client': ('127.0.0.1', 55685), 'scheme': 'http', 'method': 'POST', 'root_path': '', 'path': '/mcp/', 'raw_path': b'/mcp/', 'query_string': b'', 'headers': '<...>', 'state': {}}
2026-04-22 09:10:32,646 [TRACE] uvicorn.asgi: 127.0.0.1:55685 - ASGI [14] Receive {'type': 'http.request', 'body': '<111 bytes>', 'more_body': False}
2026-04-22 09:10:32,647 [TRACE] uvicorn.asgi: 127.0.0.1:55685 - ASGI [14] Send {'type': 'http.response.start', 'status': 200, 'headers': '<...>'}
2026-04-22 09:10:32,647 [INFO] uvicorn.access: 127.0.0.1:55685 - "POST /mcp/ HTTP/1.1" 200
2026-04-22 09:10:32,647 [INFO] mcp.server.lowlevel.server: Processing request of type CallToolRequest
2026-04-22 09:10:32,648 [TRACE] uvicorn.asgi: 127.0.0.1:55685 - ASGI [14] Send {'type': 'http.response.body', 'body': '<148 bytes>', 'more_body': True}
2026-04-22 09:10:32,650 [TRACE] uvicorn.asgi: 127.0.0.1:55685 - ASGI [14] Send {'type': 'http.response.body', 'body': '<0 bytes>', 'more_body': False}
2026-04-22 09:10:32,650 [TRACE] uvicorn.asgi: 127.0.0.1:55685 - ASGI [14] Receive {'type': 'http.disconnect'}
2026-04-22 09:10:32,650 [TRACE] uvicorn.error: 127.0.0.1:55685 - HTTP connection lost
2026-04-22 09:10:32,650 [TRACE] uvicorn.asgi: 127.0.0.1:55685 - ASGI [14] Completed
2026-04-22 09:10:46,954 [TRACE] uvicorn.error: 127.0.0.1:50922 - HTTP connection made
2026-04-22 09:10:46,967 [TRACE] uvicorn.asgi: 127.0.0.1:50922 - ASGI [15] Started scope={'type': 'http', 'asgi': {'version': '3.0', 'spec_version': '2.3'}, 'http_version': '1.1', 'server': ('127.0.0.1', 8003), 'client': ('127.0.0.1', 50922), 'scheme': 'http', 'method': 'POST', 'root_path': '', 'path': '/mcp/', 'raw_path': b'/mcp/', 'query_string': b'', 'headers': '<...>', 'state': {}}
2026-04-22 09:10:46,967 [TRACE] uvicorn.asgi: 127.0.0.1:50922 - ASGI [15] Receive {'type': 'http.request', 'body': '<114 bytes>', 'more_body': False}
2026-04-22 09:10:46,967 [TRACE] uvicorn.asgi: 127.0.0.1:50922 - ASGI [15] Send {'type': 'http.response.start', 'status': 200, 'headers': '<...>'}
2026-04-22 09:10:46,968 [INFO] uvicorn.access: 127.0.0.1:50922 - "POST /mcp/ HTTP/1.1" 200
2026-04-22 09:10:46,968 [INFO] mcp.server.lowlevel.server: Processing request of type CallToolRequest
2026-04-22 09:10:46,971 [TRACE] uvicorn.asgi: 127.0.0.1:50922 - ASGI [15] Send {'type': 'http.response.body', 'body': '<149 bytes>', 'more_body': True}
2026-04-22 09:10:46,972 [TRACE] uvicorn.asgi: 127.0.0.1:50922 - ASGI [15] Send {'type': 'http.response.body', 'body': '<0 bytes>', 'more_body': False}
2026-04-22 09:10:46,972 [TRACE] uvicorn.asgi: 127.0.0.1:50922 - ASGI [15] Receive {'type': 'http.disconnect'}
2026-04-22 09:10:46,972 [TRACE] uvicorn.error: 127.0.0.1:50922 - HTTP connection lost
2026-04-22 09:10:46,973 [TRACE] uvicorn.asgi: 127.0.0.1:50922 - ASGI [15] Completed
2026-04-22 09:11:22,587 [TRACE] uvicorn.error: 127.0.0.1:61857 - HTTP connection made
2026-04-22 09:11:22,587 [TRACE] uvicorn.asgi: 127.0.0.1:61857 - ASGI [16] Started scope={'type': 'http', 'asgi': {'version': '3.0', 'spec_version': '2.3'}, 'http_version': '1.1', 'server': ('127.0.0.1', 8003), 'client': ('127.0.0.1', 61857), 'scheme': 'http', 'method': 'POST', 'root_path': '', 'path': '/mcp/', 'raw_path': b'/mcp/', 'query_string': b'', 'headers': '<...>', 'state': {}}
2026-04-22 09:11:22,587 [TRACE] uvicorn.asgi: 127.0.0.1:61857 - ASGI [16] Receive {'type': 'http.request', 'body': '<139 bytes>', 'more_body': False}
2026-04-22 09:11:22,587 [TRACE] uvicorn.asgi: 127.0.0.1:61857 - ASGI [16] Send {'type': 'http.response.start', 'status': 200, 'headers': '<...>'}
2026-04-22 09:11:22,587 [INFO] uvicorn.access: 127.0.0.1:61857 - "POST /mcp/ HTTP/1.1" 200
2026-04-22 09:11:22,587 [INFO] mcp.server.lowlevel.server: Processing request of type CallToolRequest
2026-04-22 09:11:22,617 [INFO] httpx: HTTP Request: POST http://fastapi/kilometers-to-miles "HTTP/1.1 422 Unprocessable Entity"
2026-04-22 09:11:22,734 [TRACE] uvicorn.asgi: 127.0.0.1:61857 - ASGI [16] Send {'type': 'http.response.body', 'body': '<325 bytes>', 'more_body': True}
2026-04-22 09:11:22,735 [TRACE] uvicorn.asgi: 127.0.0.1:61857 - ASGI [16] Send {'type': 'http.response.body', 'body': '<0 bytes>', 'more_body': False}
2026-04-22 09:11:22,735 [TRACE] uvicorn.asgi: 127.0.0.1:61857 - ASGI [16] Receive {'type': 'http.disconnect'}
2026-04-22 09:11:22,735 [TRACE] uvicorn.asgi: 127.0.0.1:61857 - ASGI [16] Completed
2026-04-22 09:11:22,735 [TRACE] uvicorn.error: 127.0.0.1:61857 - HTTP connection lost
2026-04-22 09:13:05,463 [TRACE] uvicorn.error: 127.0.0.1:49363 - HTTP connection made
2026-04-22 09:13:05,486 [TRACE] uvicorn.asgi: 127.0.0.1:49363 - ASGI [17] Started scope={'type': 'http', 'asgi': {'version': '3.0', 'spec_version': '2.3'}, 'http_version': '1.1', 'server': ('127.0.0.1', 8003), 'client': ('127.0.0.1', 49363), 'scheme': 'http', 'method': 'POST', 'root_path': '', 'path': '/mcp/', 'raw_path': b'/mcp/', 'query_string': b'', 'headers': '<...>', 'state': {}}
2026-04-22 09:13:05,487 [TRACE] uvicorn.asgi: 127.0.0.1:49363 - ASGI [17] Receive {'type': 'http.request', 'body': '<139 bytes>', 'more_body': False}
2026-04-22 09:13:05,487 [TRACE] uvicorn.asgi: 127.0.0.1:49363 - ASGI [17] Send {'type': 'http.response.start', 'status': 200, 'headers': '<...>'}
2026-04-22 09:13:05,487 [INFO] uvicorn.access: 127.0.0.1:49363 - "POST /mcp/ HTTP/1.1" 200
2026-04-22 09:13:05,488 [INFO] mcp.server.lowlevel.server: Processing request of type CallToolRequest
2026-04-22 09:13:05,490 [INFO] httpx: HTTP Request: POST http://fastapi/kilometers-to-miles "HTTP/1.1 422 Unprocessable Entity"
2026-04-22 09:13:05,526 [TRACE] uvicorn.asgi: 127.0.0.1:49363 - ASGI [17] Send {'type': 'http.response.body', 'body': '<325 bytes>', 'more_body': True}
2026-04-22 09:13:05,526 [TRACE] uvicorn.asgi: 127.0.0.1:49363 - ASGI [17] Send {'type': 'http.response.body', 'body': '<0 bytes>', 'more_body': False}
2026-04-22 09:13:05,526 [TRACE] uvicorn.asgi: 127.0.0.1:49363 - ASGI [17] Receive {'type': 'http.disconnect'}
2026-04-22 09:13:05,527 [TRACE] uvicorn.error: 127.0.0.1:49363 - HTTP connection lost
2026-04-22 09:13:05,527 [TRACE] uvicorn.asgi: 127.0.0.1:49363 - ASGI [17] Completed
2026-04-22 09:13:23,870 [TRACE] uvicorn.error: 127.0.0.1:60954 - HTTP connection made
2026-04-22 09:13:23,887 [TRACE] uvicorn.asgi: 127.0.0.1:60954 - ASGI [18] Started scope={'type': 'http', 'asgi': {'version': '3.0', 'spec_version': '2.3'}, 'http_version': '1.1', 'server': ('127.0.0.1', 8003), 'client': ('127.0.0.1', 60954), 'scheme': 'http', 'method': 'POST', 'root_path': '', 'path': '/mcp/', 'raw_path': b'/mcp/', 'query_string': b'', 'headers': '<...>', 'state': {}}
2026-04-22 09:13:23,888 [TRACE] uvicorn.asgi: 127.0.0.1:60954 - ASGI [18] Receive {'type': 'http.request', 'body': '<141 bytes>', 'more_body': False}
2026-04-22 09:13:23,888 [TRACE] uvicorn.asgi: 127.0.0.1:60954 - ASGI [18] Send {'type': 'http.response.start', 'status': 200, 'headers': '<...>'}
2026-04-22 09:13:23,888 [INFO] uvicorn.access: 127.0.0.1:60954 - "POST /mcp/ HTTP/1.1" 200
2026-04-22 09:13:23,889 [INFO] mcp.server.lowlevel.server: Processing request of type CallToolRequest
2026-04-22 09:13:23,891 [INFO] httpx: HTTP Request: POST http://fastapi/kilometers-to-miles?kilometers=-5 "HTTP/1.1 200 OK"
2026-04-22 09:13:23,891 [TRACE] uvicorn.asgi: 127.0.0.1:60954 - ASGI [18] Send {'type': 'http.response.body', 'body': '<250 bytes>', 'more_body': True}
2026-04-22 09:13:23,891 [TRACE] uvicorn.asgi: 127.0.0.1:60954 - ASGI [18] Send {'type': 'http.response.body', 'body': '<0 bytes>', 'more_body': False}
2026-04-22 09:13:23,892 [TRACE] uvicorn.asgi: 127.0.0.1:60954 - ASGI [18] Receive {'type': 'http.disconnect'}
2026-04-22 09:13:23,892 [TRACE] uvicorn.error: 127.0.0.1:60954 - HTTP connection lost
2026-04-22 09:13:23,892 [TRACE] uvicorn.asgi: 127.0.0.1:60954 - ASGI [18] Completed
2026-04-22 09:31:51,924 [TRACE] uvicorn.error: 127.0.0.1:64737 - HTTP connection made
2026-04-22 09:31:51,924 [TRACE] uvicorn.asgi: 127.0.0.1:64737 - ASGI [19] Started scope={'type': 'http', 'asgi': {'version': '3.0', 'spec_version': '2.3'}, 'http_version': '1.1', 'server': ('127.0.0.1', 8003), 'client': ('127.0.0.1', 64737), 'scheme': 'http', 'method': 'POST', 'root_path': '', 'path': '/mcp/', 'raw_path': b'/mcp/', 'query_string': b'', 'headers': '<...>', 'state': {}}
2026-04-22 09:31:51,925 [TRACE] uvicorn.asgi: 127.0.0.1:64737 - ASGI [19] Receive {'type': 'http.request', 'body': '<168 bytes>', 'more_body': False}
2026-04-22 09:31:51,925 [TRACE] uvicorn.asgi: 127.0.0.1:64737 - ASGI [19] Send {'type': 'http.response.start', 'status': 200, 'headers': '<...>'}
2026-04-22 09:31:51,926 [INFO] uvicorn.access: 127.0.0.1:64737 - "POST /mcp/ HTTP/1.1" 200
2026-04-22 09:31:51,926 [INFO] mcp.server.lowlevel.server: Processing request of type GetPromptRequest
2026-04-22 09:31:51,927 [TRACE] uvicorn.asgi: 127.0.0.1:64737 - ASGI [19] Send {'type': 'http.response.body', 'body': '<757 bytes>', 'more_body': True}
2026-04-22 09:31:51,929 [TRACE] uvicorn.asgi: 127.0.0.1:64737 - ASGI [19] Send {'type': 'http.response.body', 'body': '<0 bytes>', 'more_body': False}
2026-04-22 09:31:51,929 [TRACE] uvicorn.asgi: 127.0.0.1:64737 - ASGI [19] Receive {'type': 'http.disconnect'}
2026-04-22 09:31:51,930 [TRACE] uvicorn.error: 127.0.0.1:64737 - HTTP connection lost
2026-04-22 09:31:51,930 [TRACE] uvicorn.asgi: 127.0.0.1:64737 - ASGI [19] Completed
2026-04-22 09:32:26,203 [TRACE] uvicorn.error: 127.0.0.1:51107 - HTTP connection made
2026-04-22 09:32:26,203 [TRACE] uvicorn.asgi: 127.0.0.1:51107 - ASGI [20] Started scope={'type': 'http', 'asgi': {'version': '3.0', 'spec_version': '2.3'}, 'http_version': '1.1', 'server': ('127.0.0.1', 8003), 'client': ('127.0.0.1', 51107), 'scheme': 'http', 'method': 'POST', 'root_path': '', 'path': '/mcp/', 'raw_path': b'/mcp/', 'query_string': b'', 'headers': '<...>', 'state': {}}
2026-04-22 09:32:26,203 [TRACE] uvicorn.asgi: 127.0.0.1:51107 - ASGI [20] Receive {'type': 'http.request', 'body': '<167 bytes>', 'more_body': False}
2026-04-22 09:32:26,203 [TRACE] uvicorn.asgi: 127.0.0.1:51107 - ASGI [20] Send {'type': 'http.response.start', 'status': 200, 'headers': '<...>'}
2026-04-22 09:32:26,203 [INFO] uvicorn.access: 127.0.0.1:51107 - "POST /mcp/ HTTP/1.1" 200
2026-04-22 09:32:26,203 [INFO] mcp.server.lowlevel.server: Processing request of type GetPromptRequest
2026-04-22 09:32:26,203 [TRACE] uvicorn.asgi: 127.0.0.1:51107 - ASGI [20] Send {'type': 'http.response.body', 'body': '<118 bytes>', 'more_body': True}
2026-04-22 09:32:26,203 [TRACE] uvicorn.asgi: 127.0.0.1:51107 - ASGI [20] Send {'type': 'http.response.body', 'body': '<0 bytes>', 'more_body': False}
2026-04-22 09:32:26,203 [TRACE] uvicorn.asgi: 127.0.0.1:51107 - ASGI [20] Receive {'type': 'http.disconnect'}
2026-04-22 09:32:26,203 [TRACE] uvicorn.error: 127.0.0.1:51107 - HTTP connection lost
2026-04-22 09:32:26,203 [TRACE] uvicorn.asgi: 127.0.0.1:51107 - ASGI [20] Completed
2026-04-22 09:34:42,290 [TRACE] uvicorn.error: 127.0.0.1:51028 - HTTP connection made
2026-04-22 09:34:42,290 [TRACE] uvicorn.asgi: 127.0.0.1:51028 - ASGI [21] Started scope={'type': 'http', 'asgi': {'version': '3.0', 'spec_version': '2.3'}, 'http_version': '1.1', 'server': ('127.0.0.1', 8003), 'client': ('127.0.0.1', 51028), 'scheme': 'http', 'method': 'POST', 'root_path': '', 'path': '/mcp/', 'raw_path': b'/mcp/', 'query_string': b'', 'headers': '<...>', 'state': {}}
2026-04-22 09:34:42,290 [TRACE] uvicorn.asgi: 127.0.0.1:51028 - ASGI [21] Receive {'type': 'http.request', 'body': '<96 bytes>', 'more_body': False}
2026-04-22 09:34:42,290 [TRACE] uvicorn.asgi: 127.0.0.1:51028 - ASGI [21] Send {'type': 'http.response.start', 'status': 200, 'headers': '<...>'}
2026-04-22 09:34:42,290 [INFO] uvicorn.access: 127.0.0.1:51028 - "POST /mcp/ HTTP/1.1" 200
2026-04-22 09:34:42,290 [INFO] mcp.server.lowlevel.server: Processing request of type ReadResourceRequest
2026-04-22 09:34:42,290 [TRACE] uvicorn.asgi: 127.0.0.1:51028 - ASGI [21] Send {'type': 'http.response.body', 'body': '<153 bytes>', 'more_body': True}
2026-04-22 09:34:42,290 [TRACE] uvicorn.asgi: 127.0.0.1:51028 - ASGI [21] Send {'type': 'http.response.body', 'body': '<0 bytes>', 'more_body': False}
2026-04-22 09:34:42,290 [TRACE] uvicorn.asgi: 127.0.0.1:51028 - ASGI [21] Receive {'type': 'http.disconnect'}
2026-04-22 09:34:42,290 [TRACE] uvicorn.error: 127.0.0.1:51028 - HTTP connection lost
2026-04-22 09:34:42,290 [TRACE] uvicorn.asgi: 127.0.0.1:51028 - ASGI [21] Completed
2026-04-22 09:40:20,928 [TRACE] uvicorn.error: 127.0.0.1:59160 - HTTP connection made
2026-04-22 09:40:20,946 [TRACE] uvicorn.asgi: 127.0.0.1:59160 - ASGI [22] Started scope={'type': 'http', 'asgi': {'version': '3.0', 'spec_version': '2.3'}, 'http_version': '1.1', 'server': ('127.0.0.1', 8003), 'client': ('127.0.0.1', 59160), 'scheme': 'http', 'method': 'POST', 'root_path': '', 'path': '/mcp/', 'raw_path': b'/mcp/', 'query_string': b'', 'headers': '<...>', 'state': {}}
2026-04-22 09:40:20,946 [TRACE] uvicorn.asgi: 127.0.0.1:59160 - ASGI [22] Receive {'type': 'http.request', 'body': '<63 bytes>', 'more_body': False}
2026-04-22 09:40:20,948 [TRACE] uvicorn.asgi: 127.0.0.1:59160 - ASGI [22] Send {'type': 'http.response.start', 'status': 200, 'headers': '<...>'}
2026-04-22 09:40:20,948 [INFO] uvicorn.access: 127.0.0.1:59160 - "POST /mcp/ HTTP/1.1" 200
2026-04-22 09:40:20,949 [INFO] mcp.server.lowlevel.server: Processing request of type ListResourcesRequest
2026-04-22 09:40:20,950 [TRACE] uvicorn.asgi: 127.0.0.1:59160 - ASGI [22] Send {'type': 'http.response.body', 'body': '<359 bytes>', 'more_body': True}
2026-04-22 09:40:20,950 [TRACE] uvicorn.asgi: 127.0.0.1:59160 - ASGI [22] Send {'type': 'http.response.body', 'body': '<0 bytes>', 'more_body': False}
2026-04-22 09:40:20,951 [TRACE] uvicorn.asgi: 127.0.0.1:59160 - ASGI [22] Receive {'type': 'http.disconnect'}
2026-04-22 09:40:20,951 [TRACE] uvicorn.error: 127.0.0.1:59160 - HTTP connection lost
2026-04-22 09:40:20,951 [TRACE] uvicorn.asgi: 127.0.0.1:59160 - ASGI [22] Completed
2026-04-22 09:41:29,960 [TRACE] uvicorn.error: 127.0.0.1:51963 - HTTP connection made
2026-04-22 09:41:29,960 [TRACE] uvicorn.asgi: 127.0.0.1:51963 - ASGI [23] Started scope={'type': 'http', 'asgi': {'version': '3.0', 'spec_version': '2.3'}, 'http_version': '1.1', 'server': ('127.0.0.1', 8003), 'client': ('127.0.0.1', 51963), 'scheme': 'http', 'method': 'POST', 'root_path': '', 'path': '/mcp/', 'raw_path': b'/mcp/', 'query_string': b'', 'headers': '<...>', 'state': {}}
2026-04-22 09:41:29,960 [TRACE] uvicorn.asgi: 127.0.0.1:51963 - ASGI [23] Receive {'type': 'http.request', 'body': '<106 bytes>', 'more_body': False}
2026-04-22 09:41:29,960 [TRACE] uvicorn.asgi: 127.0.0.1:51963 - ASGI [23] Send {'type': 'http.response.start', 'status': 200, 'headers': '<...>'}
2026-04-22 09:41:29,960 [INFO] uvicorn.access: 127.0.0.1:51963 - "POST /mcp/ HTTP/1.1" 200
2026-04-22 09:41:29,960 [INFO] mcp.server.lowlevel.server: Processing request of type ReadResourceRequest
2026-04-22 09:41:29,960 [TRACE] uvicorn.asgi: 127.0.0.1:51963 - ASGI [23] Send {'type': 'http.response.body', 'body': '<1233 bytes>', 'more_body': True}
2026-04-22 09:41:29,960 [TRACE] uvicorn.asgi: 127.0.0.1:51963 - ASGI [23] Send {'type': 'http.response.body', 'body': '<0 bytes>', 'more_body': False}
2026-04-22 09:41:29,960 [TRACE] uvicorn.asgi: 127.0.0.1:51963 - ASGI [23] Receive {'type': 'http.disconnect'}
2026-04-22 09:41:29,960 [TRACE] uvicorn.error: 127.0.0.1:51963 - HTTP connection lost
2026-04-22 09:41:29,970 [TRACE] uvicorn.asgi: 127.0.0.1:51963 - ASGI [23] Completed
2026-04-22 09:41:44,294 [TRACE] uvicorn.error: 127.0.0.1:57314 - HTTP connection made
2026-04-22 09:41:44,319 [TRACE] uvicorn.asgi: 127.0.0.1:57314 - ASGI [24] Started scope={'type': 'http', 'asgi': {'version': '3.0', 'spec_version': '2.3'}, 'http_version': '1.1', 'server': ('127.0.0.1', 8003), 'client': ('127.0.0.1', 57314), 'scheme': 'http', 'method': 'POST', 'root_path': '', 'path': '/mcp/', 'raw_path': b'/mcp/', 'query_string': b'', 'headers': '<...>', 'state': {}}
2026-04-22 09:41:44,319 [TRACE] uvicorn.asgi: 127.0.0.1:57314 - ASGI [24] Receive {'type': 'http.request', 'body': '<63 bytes>', 'more_body': False}
2026-04-22 09:41:44,320 [TRACE] uvicorn.asgi: 127.0.0.1:57314 - ASGI [24] Send {'type': 'http.response.start', 'status': 200, 'headers': '<...>'}
2026-04-22 09:41:44,320 [INFO] uvicorn.access: 127.0.0.1:57314 - "POST /mcp/ HTTP/1.1" 200
2026-04-22 09:41:44,320 [INFO] mcp.server.lowlevel.server: Processing request of type ListResourcesRequest
2026-04-22 09:41:44,321 [TRACE] uvicorn.asgi: 127.0.0.1:57314 - ASGI [24] Send {'type': 'http.response.body', 'body': '<359 bytes>', 'more_body': True}
2026-04-22 09:41:44,321 [TRACE] uvicorn.asgi: 127.0.0.1:57314 - ASGI [24] Send {'type': 'http.response.body', 'body': '<0 bytes>', 'more_body': False}
2026-04-22 09:41:44,321 [TRACE] uvicorn.asgi: 127.0.0.1:57314 - ASGI [24] Receive {'type': 'http.disconnect'}
2026-04-22 09:41:44,321 [TRACE] uvicorn.error: 127.0.0.1:57314 - HTTP connection lost
2026-04-22 09:41:44,321 [TRACE] uvicorn.asgi: 127.0.0.1:57314 - ASGI [24] Completed
2026-04-22 09:43:11,256 [TRACE] uvicorn.error: 127.0.0.1:55650 - HTTP connection made
2026-04-22 09:43:11,276 [TRACE] uvicorn.asgi: 127.0.0.1:55650 - ASGI [25] Started scope={'type': 'http', 'asgi': {'version': '3.0', 'spec_version': '2.3'}, 'http_version': '1.1', 'server': ('127.0.0.1', 8003), 'client': ('127.0.0.1', 55650), 'scheme': 'http', 'method': 'POST', 'root_path': '', 'path': '/kilometers-to-miles-kilometers-to-miles-post', 'raw_path': b'/kilometers-to-miles-kilometers-to-miles-post', 'query_string': b'', 'headers': '<...>', 'state': {}}
2026-04-22 09:43:11,277 [TRACE] uvicorn.asgi: 127.0.0.1:55650 - ASGI [25] Send {'type': 'http.response.start', 'status': 404, 'headers': '<...>'}
2026-04-22 09:43:11,277 [INFO] uvicorn.access: 127.0.0.1:55650 - "POST /kilometers-to-miles-kilometers-to-miles-post HTTP/1.1" 404
2026-04-22 09:43:11,277 [TRACE] uvicorn.asgi: 127.0.0.1:55650 - ASGI [25] Send {'type': 'http.response.body', 'body': '<22 bytes>'}
2026-04-22 09:43:11,277 [TRACE] uvicorn.asgi: 127.0.0.1:55650 - ASGI [25] Completed
2026-04-22 09:43:11,279 [TRACE] uvicorn.error: 127.0.0.1:55650 - HTTP connection lost
2026-04-22 09:43:36,246 [TRACE] uvicorn.error: 127.0.0.1:63966 - HTTP connection made
2026-04-22 09:43:36,262 [TRACE] uvicorn.asgi: 127.0.0.1:63966 - ASGI [26] Started scope={'type': 'http', 'asgi': {'version': '3.0', 'spec_version': '2.3'}, 'http_version': '1.1', 'server': ('127.0.0.1', 8003), 'client': ('127.0.0.1', 63966), 'scheme': 'http', 'method': 'POST', 'root_path': '', 'path': '/mcp/', 'raw_path': b'/mcp/', 'query_string': b'', 'headers': '<...>', 'state': {}}
2026-04-22 09:43:36,262 [TRACE] uvicorn.asgi: 127.0.0.1:63966 - ASGI [26] Receive {'type': 'http.request', 'body': '<58 bytes>', 'more_body': False}
2026-04-22 09:43:36,262 [TRACE] uvicorn.asgi: 127.0.0.1:63966 - ASGI [26] Send {'type': 'http.response.start', 'status': 200, 'headers': '<...>'}
2026-04-22 09:43:36,262 [INFO] uvicorn.access: 127.0.0.1:63966 - "POST /mcp/ HTTP/1.1" 200
2026-04-22 09:43:36,263 [INFO] mcp.server.lowlevel.server: Processing request of type ListToolsRequest
2026-04-22 09:43:36,263 [TRACE] uvicorn.asgi: 127.0.0.1:63966 - ASGI [26] Send {'type': 'http.response.body', 'body': '<2518 bytes>', 'more_body': True}
2026-04-22 09:43:36,265 [TRACE] uvicorn.asgi: 127.0.0.1:63966 - ASGI [26] Send {'type': 'http.response.body', 'body': '<0 bytes>', 'more_body': False}
2026-04-22 09:43:36,265 [TRACE] uvicorn.asgi: 127.0.0.1:63966 - ASGI [26] Receive {'type': 'http.disconnect'}
2026-04-22 09:43:36,265 [TRACE] uvicorn.error: 127.0.0.1:63966 - HTTP connection lost
2026-04-22 09:43:36,266 [TRACE] uvicorn.asgi: 127.0.0.1:63966 - ASGI [26] Completed
2026-04-22 09:45:08,109 [TRACE] uvicorn.error: 127.0.0.1:64628 - HTTP connection made
2026-04-22 09:45:08,131 [TRACE] uvicorn.asgi: 127.0.0.1:64628 - ASGI [27] Started scope={'type': 'http', 'asgi': {'version': '3.0', 'spec_version': '2.3'}, 'http_version': '1.1', 'server': ('127.0.0.1', 8003), 'client': ('127.0.0.1', 64628), 'scheme': 'http', 'method': 'POST', 'root_path': '', 'path': '/kilometers_to_miles_kilometers_to_miles_post', 'raw_path': b'/kilometers_to_miles_kilometers_to_miles_post', 'query_string': b'', 'headers': '<...>', 'state': {}}
2026-04-22 09:45:08,131 [TRACE] uvicorn.asgi: 127.0.0.1:64628 - ASGI [27] Send {'type': 'http.response.start', 'status': 404, 'headers': '<...>'}
2026-04-22 09:45:08,132 [INFO] uvicorn.access: 127.0.0.1:64628 - "POST /kilometers_to_miles_kilometers_to_miles_post HTTP/1.1" 404
2026-04-22 09:45:08,132 [TRACE] uvicorn.asgi: 127.0.0.1:64628 - ASGI [27] Send {'type': 'http.response.body', 'body': '<22 bytes>'}
2026-04-22 09:45:08,132 [TRACE] uvicorn.asgi: 127.0.0.1:64628 - ASGI [27] Completed
2026-04-22 09:45:08,132 [TRACE] uvicorn.error: 127.0.0.1:64628 - HTTP connection lost
2026-04-22 09:45:51,280 [INFO] uvicorn.error: Shutting down
2026-04-22 09:45:51,387 [INFO] uvicorn.error: Waiting for application shutdown.
2026-04-22 09:45:51,387 [TRACE] uvicorn.asgi: ASGI [1] Receive {'type': 'lifespan.shutdown'}
2026-04-22 09:45:51,387 [INFO] mcp.server.streamable_http_manager: StreamableHTTP session manager shutting down
2026-04-22 09:45:51,387 [TRACE] uvicorn.asgi: ASGI [1] Send {'type': 'lifespan.shutdown.complete'}
2026-04-22 09:45:51,387 [TRACE] uvicorn.asgi: ASGI [1] Completed
2026-04-22 09:45:51,387 [INFO] uvicorn.error: Application shutdown complete.
2026-04-22 09:45:51,387 [INFO] uvicorn.error: Finished server process [9016]
2026-04-22 09:45:56,775 [INFO] uvicorn.error: Started server process [23684]
2026-04-22 09:45:56,775 [INFO] uvicorn.error: Waiting for application startup.
2026-04-22 09:45:56,775 [TRACE] uvicorn.asgi: ASGI [1] Started scope={'type': 'lifespan', 'asgi': {'version': '3.0', 'spec_version': '2.0'}, 'state': {}}
2026-04-22 09:45:56,775 [TRACE] uvicorn.asgi: ASGI [1] Receive {'type': 'lifespan.startup'}
2026-04-22 09:45:56,789 [INFO] mcp.server.streamable_http_manager: StreamableHTTP session manager started
2026-04-22 09:45:56,789 [TRACE] uvicorn.asgi: ASGI [1] Send {'type': 'lifespan.startup.complete'}
2026-04-22 09:45:56,789 [INFO] uvicorn.error: Application startup complete.
2026-04-22 09:45:56,791 [INFO] uvicorn.error: Uvicorn running on http://localhost:8003 (Press CTRL+C to quit)
2026-04-22 09:46:21,872 [TRACE] uvicorn.error: 127.0.0.1:56030 - HTTP connection made
2026-04-22 09:46:21,872 [TRACE] uvicorn.asgi: 127.0.0.1:56030 - ASGI [2] Started scope={'type': 'http', 'asgi': {'version': '3.0', 'spec_version': '2.3'}, 'http_version': '1.1', 'server': ('127.0.0.1', 8003), 'client': ('127.0.0.1', 56030), 'scheme': 'http', 'method': 'POST', 'root_path': '', 'path': '/mcp/', 'raw_path': b'/mcp/', 'query_string': b'', 'headers': '<...>', 'state': {}}
2026-04-22 09:46:21,873 [INFO] mcp.server.streamable_http_manager: Created new transport with session ID: 5acd7c07187c4cab846383ab0f1972ba
2026-04-22 09:46:21,873 [TRACE] uvicorn.asgi: 127.0.0.1:56030 - ASGI [2] Receive {'type': 'http.request', 'body': '<151 bytes>', 'more_body': False}
2026-04-22 09:46:21,874 [TRACE] uvicorn.asgi: 127.0.0.1:56030 - ASGI [2] Send {'type': 'http.response.start', 'status': 200, 'headers': '<...>'}
2026-04-22 09:46:21,874 [INFO] uvicorn.access: 127.0.0.1:56030 - "POST /mcp/ HTTP/1.1" 200
2026-04-22 09:46:21,875 [TRACE] uvicorn.asgi: 127.0.0.1:56030 - ASGI [2] Send {'type': 'http.response.body', 'body': '<444 bytes>', 'more_body': True}
2026-04-22 09:46:21,875 [TRACE] uvicorn.asgi: 127.0.0.1:56030 - ASGI [2] Send {'type': 'http.response.body', 'body': '<0 bytes>', 'more_body': False}
2026-04-22 09:46:21,875 [TRACE] uvicorn.asgi: 127.0.0.1:56030 - ASGI [2] Receive {'type': 'http.disconnect'}
2026-04-22 09:46:21,876 [TRACE] uvicorn.error: 127.0.0.1:56030 - HTTP connection lost
2026-04-22 09:46:21,876 [TRACE] uvicorn.asgi: 127.0.0.1:56030 - ASGI [2] Completed
2026-04-22 09:46:28,312 [TRACE] uvicorn.error: 127.0.0.1:55829 - HTTP connection made
2026-04-22 09:46:28,313 [TRACE] uvicorn.asgi: 127.0.0.1:55829 - ASGI [3] Started scope={'type': 'http', 'asgi': {'version': '3.0', 'spec_version': '2.3'}, 'http_version': '1.1', 'server': ('127.0.0.1', 8003), 'client': ('127.0.0.1', 55829), 'scheme': 'http', 'method': 'POST', 'root_path': '', 'path': '/mcp/', 'raw_path': b'/mcp/', 'query_string': b'', 'headers': '<...>', 'state': {}}
2026-04-22 09:46:28,313 [TRACE] uvicorn.asgi: 127.0.0.1:55829 - ASGI [3] Receive {'type': 'http.request', 'body': '<179 bytes>', 'more_body': False}
2026-04-22 09:46:28,313 [TRACE] uvicorn.asgi: 127.0.0.1:55829 - ASGI [3] Send {'type': 'http.response.start', 'status': 200, 'headers': '<...>'}
2026-04-22 09:46:28,314 [INFO] uvicorn.access: 127.0.0.1:55829 - "POST /mcp/ HTTP/1.1" 200
2026-04-22 09:46:28,314 [TRACE] uvicorn.asgi: 127.0.0.1:55829 - ASGI [3] Send {'type': 'http.response.body', 'body': '<444 bytes>', 'more_body': True}
2026-04-22 09:46:28,315 [TRACE] uvicorn.asgi: 127.0.0.1:55829 - ASGI [3] Send {'type': 'http.response.body', 'body': '<0 bytes>', 'more_body': False}
2026-04-22 09:46:28,315 [TRACE] uvicorn.asgi: 127.0.0.1:55829 - ASGI [3] Receive {'type': 'http.disconnect'}
2026-04-22 09:46:28,315 [TRACE] uvicorn.error: 127.0.0.1:55829 - HTTP connection lost
2026-04-22 09:46:28,315 [TRACE] uvicorn.asgi: 127.0.0.1:55829 - ASGI [3] Completed
2026-04-22 09:46:41,601 [TRACE] uvicorn.error: 127.0.0.1:55149 - HTTP connection made
2026-04-22 09:46:41,602 [TRACE] uvicorn.asgi: 127.0.0.1:55149 - ASGI [4] Started scope={'type': 'http', 'asgi': {'version': '3.0', 'spec_version': '2.3'}, 'http_version': '1.1', 'server': ('127.0.0.1', 8003), 'client': ('127.0.0.1', 55149), 'scheme': 'http', 'method': 'POST', 'root_path': '', 'path': '/mcp/', 'raw_path': b'/mcp/', 'query_string': b'', 'headers': '<...>', 'state': {}}
2026-04-22 09:46:41,602 [TRACE] uvicorn.asgi: 127.0.0.1:55149 - ASGI [4] Receive {'type': 'http.request', 'body': '<58 bytes>', 'more_body': False}
2026-04-22 09:46:41,603 [TRACE] uvicorn.asgi: 127.0.0.1:55149 - ASGI [4] Send {'type': 'http.response.start', 'status': 200, 'headers': '<...>'}
2026-04-22 09:46:41,603 [INFO] uvicorn.access: 127.0.0.1:55149 - "POST /mcp/ HTTP/1.1" 200
2026-04-22 09:46:41,604 [INFO] mcp.server.lowlevel.server: Processing request of type ListToolsRequest
2026-04-22 09:46:41,607 [TRACE] uvicorn.asgi: 127.0.0.1:55149 - ASGI [4] Send {'type': 'http.response.body', 'body': '<2518 bytes>', 'more_body': True}
2026-04-22 09:46:41,607 [TRACE] uvicorn.asgi: 127.0.0.1:55149 - ASGI [4] Send {'type': 'http.response.body', 'body': '<0 bytes>', 'more_body': False}
2026-04-22 09:46:41,608 [TRACE] uvicorn.asgi: 127.0.0.1:55149 - ASGI [4] Receive {'type': 'http.disconnect'}
2026-04-22 09:46:41,608 [TRACE] uvicorn.error: 127.0.0.1:55149 - HTTP connection lost
2026-04-22 09:46:41,608 [TRACE] uvicorn.asgi: 127.0.0.1:55149 - ASGI [4] Completed
2026-04-22 09:46:57,191 [TRACE] uvicorn.error: 127.0.0.1:49977 - HTTP connection made
2026-04-22 09:46:57,191 [TRACE] uvicorn.asgi: 127.0.0.1:49977 - ASGI [5] Started scope={'type': 'http', 'asgi': {'version': '3.0', 'spec_version': '2.3'}, 'http_version': '1.1', 'server': ('127.0.0.1', 8003), 'client': ('127.0.0.1', 49977), 'scheme': 'http', 'method': 'POST', 'root_path': '', 'path': '/mcp/', 'raw_path': b'/mcp/', 'query_string': b'', 'headers': '<...>', 'state': {}}
2026-04-22 09:46:57,191 [TRACE] uvicorn.asgi: 127.0.0.1:49977 - ASGI [5] Receive {'type': 'http.request', 'body': '<145 bytes>', 'more_body': False}
2026-04-22 09:46:57,191 [TRACE] uvicorn.asgi: 127.0.0.1:49977 - ASGI [5] Send {'type': 'http.response.start', 'status': 200, 'headers': '<...>'}
2026-04-22 09:46:57,191 [INFO] uvicorn.access: 127.0.0.1:49977 - "POST /mcp/ HTTP/1.1" 200
2026-04-22 09:46:57,191 [INFO] mcp.server.lowlevel.server: Processing request of type CallToolRequest
2026-04-22 09:46:57,191 [TRACE] uvicorn.asgi: 127.0.0.1:49977 - ASGI [5] Send {'type': 'http.response.body', 'body': '<178 bytes>', 'more_body': True}
2026-04-22 09:46:57,191 [TRACE] uvicorn.asgi: 127.0.0.1:49977 - ASGI [5] Send {'type': 'http.response.body', 'body': '<0 bytes>', 'more_body': False}
2026-04-22 09:46:57,191 [TRACE] uvicorn.asgi: 127.0.0.1:49977 - ASGI [5] Receive {'type': 'http.disconnect'}
2026-04-22 09:46:57,191 [TRACE] uvicorn.error: 127.0.0.1:49977 - HTTP connection lost
2026-04-22 09:46:57,191 [TRACE] uvicorn.asgi: 127.0.0.1:49977 - ASGI [5] Completed
2026-04-22 09:47:17,752 [TRACE] uvicorn.error: 127.0.0.1:64088 - HTTP connection made
2026-04-22 09:47:17,752 [TRACE] uvicorn.asgi: 127.0.0.1:64088 - ASGI [6] Started scope={'type': 'http', 'asgi': {'version': '3.0', 'spec_version': '2.3'}, 'http_version': '1.1', 'server': ('127.0.0.1', 8003), 'client': ('127.0.0.1', 64088), 'scheme': 'http', 'method': 'POST', 'root_path': '', 'path': '/mcp/', 'raw_path': b'/mcp/', 'query_string': b'', 'headers': '<...>', 'state': {}}
2026-04-22 09:47:17,753 [TRACE] uvicorn.asgi: 127.0.0.1:64088 - ASGI [6] Receive {'type': 'http.request', 'body': '<145 bytes>', 'more_body': False}
2026-04-22 09:47:17,753 [TRACE] uvicorn.asgi: 127.0.0.1:64088 - ASGI [6] Send {'type': 'http.response.start', 'status': 200, 'headers': '<...>'}
2026-04-22 09:47:17,753 [INFO] uvicorn.access: 127.0.0.1:64088 - "POST /mcp/ HTTP/1.1" 200
2026-04-22 09:47:17,754 [INFO] mcp.server.lowlevel.server: Processing request of type CallToolRequest
2026-04-22 09:47:17,770 [INFO] httpx: HTTP Request: POST http://fastapi/fahrenheit-to-celsius?fahrenheit=77 "HTTP/1.1 200 OK"
2026-04-22 09:47:17,770 [TRACE] uvicorn.asgi: 127.0.0.1:64088 - ASGI [6] Send {'type': 'http.response.body', 'body': '<244 bytes>', 'more_body': True}
2026-04-22 09:47:17,771 [TRACE] uvicorn.asgi: 127.0.0.1:64088 - ASGI [6] Send {'type': 'http.response.body', 'body': '<0 bytes>', 'more_body': False}
2026-04-22 09:47:17,771 [TRACE] uvicorn.asgi: 127.0.0.1:64088 - ASGI [6] Receive {'type': 'http.disconnect'}
2026-04-22 09:47:17,771 [TRACE] uvicorn.error: 127.0.0.1:64088 - HTTP connection lost
2026-04-22 09:47:17,771 [TRACE] uvicorn.asgi: 127.0.0.1:64088 - ASGI [6] Completed
2026-04-22 09:47:29,310 [TRACE] uvicorn.error: 127.0.0.1:53318 - HTTP connection made
2026-04-22 09:47:29,322 [TRACE] uvicorn.asgi: 127.0.0.1:53318 - ASGI [7] Started scope={'type': 'http', 'asgi': {'version': '3.0', 'spec_version': '2.3'}, 'http_version': '1.1', 'server': ('127.0.0.1', 8003), 'client': ('127.0.0.1', 53318), 'scheme': 'http', 'method': 'POST', 'root_path': '', 'path': '/mcp/', 'raw_path': b'/mcp/', 'query_string': b'', 'headers': '<...>', 'state': {}}
2026-04-22 09:47:29,322 [TRACE] uvicorn.asgi: 127.0.0.1:53318 - ASGI [7] Receive {'type': 'http.request', 'body': '<111 bytes>', 'more_body': False}
2026-04-22 09:47:29,323 [TRACE] uvicorn.asgi: 127.0.0.1:53318 - ASGI [7] Send {'type': 'http.response.start', 'status': 200, 'headers': '<...>'}
2026-04-22 09:47:29,323 [INFO] uvicorn.access: 127.0.0.1:53318 - "POST /mcp/ HTTP/1.1" 200
2026-04-22 09:47:29,323 [INFO] mcp.server.lowlevel.server: Processing request of type CallToolRequest
2026-04-22 09:47:29,324 [TRACE] uvicorn.asgi: 127.0.0.1:53318 - ASGI [7] Send {'type': 'http.response.body', 'body': '<148 bytes>', 'more_body': True}
2026-04-22 09:47:29,324 [TRACE] uvicorn.asgi: 127.0.0.1:53318 - ASGI [7] Send {'type': 'http.response.body', 'body': '<0 bytes>', 'more_body': False}
2026-04-22 09:47:29,324 [TRACE] uvicorn.asgi: 127.0.0.1:53318 - ASGI [7] Receive {'type': 'http.disconnect'}
2026-04-22 09:47:29,325 [TRACE] uvicorn.error: 127.0.0.1:53318 - HTTP connection lost
2026-04-22 09:47:29,325 [TRACE] uvicorn.asgi: 127.0.0.1:53318 - ASGI [7] Completed
2026-04-22 09:47:40,504 [TRACE] uvicorn.error: 127.0.0.1:58155 - HTTP connection made
2026-04-22 09:47:40,524 [TRACE] uvicorn.asgi: 127.0.0.1:58155 - ASGI [8] Started scope={'type': 'http', 'asgi': {'version': '3.0', 'spec_version': '2.3'}, 'http_version': '1.1', 'server': ('127.0.0.1', 8003), 'client': ('127.0.0.1', 58155), 'scheme': 'http', 'method': 'POST', 'root_path': '', 'path': '/mcp/', 'raw_path': b'/mcp/', 'query_string': b'', 'headers': '<...>', 'state': {}}
2026-04-22 09:47:40,524 [TRACE] uvicorn.asgi: 127.0.0.1:58155 - ASGI [8] Receive {'type': 'http.request', 'body': '<139 bytes>', 'more_body': False}
2026-04-22 09:47:40,525 [TRACE] uvicorn.asgi: 127.0.0.1:58155 - ASGI [8] Send {'type': 'http.response.start', 'status': 200, 'headers': '<...>'}
2026-04-22 09:47:40,525 [INFO] uvicorn.access: 127.0.0.1:58155 - "POST /mcp/ HTTP/1.1" 200
2026-04-22 09:47:40,526 [INFO] mcp.server.lowlevel.server: Processing request of type CallToolRequest
2026-04-22 09:47:40,531 [INFO] httpx: HTTP Request: POST http://fastapi/kilometers-to-miles "HTTP/1.1 422 Unprocessable Entity"
2026-04-22 09:47:40,642 [TRACE] uvicorn.asgi: 127.0.0.1:58155 - ASGI [8] Send {'type': 'http.response.body', 'body': '<325 bytes>', 'more_body': True}
2026-04-22 09:47:40,642 [TRACE] uvicorn.asgi: 127.0.0.1:58155 - ASGI [8] Send {'type': 'http.response.body', 'body': '<0 bytes>', 'more_body': False}
2026-04-22 09:47:40,642 [TRACE] uvicorn.asgi: 127.0.0.1:58155 - ASGI [8] Receive {'type': 'http.disconnect'}
2026-04-22 09:47:40,642 [TRACE] uvicorn.error: 127.0.0.1:58155 - HTTP connection lost
2026-04-22 09:47:40,642 [TRACE] uvicorn.asgi: 127.0.0.1:58155 - ASGI [8] Completed
2026-04-22 09:48:03,400 [TRACE] uvicorn.error: 127.0.0.1:58386 - HTTP connection made
2026-04-22 09:48:03,424 [TRACE] uvicorn.asgi: 127.0.0.1:58386 - ASGI [9] Started scope={'type': 'http', 'asgi': {'version': '3.0', 'spec_version': '2.3'}, 'http_version': '1.1', 'server': ('127.0.0.1', 8003), 'client': ('127.0.0.1', 58386), 'scheme': 'http', 'method': 'POST', 'root_path': '', 'path': '/kilometers_to_miles_kilometers_to_miles_post', 'raw_path': b'/kilometers_to_miles_kilometers_to_miles_post', 'query_string': b'', 'headers': '<...>', 'state': {}}
2026-04-22 09:48:03,424 [TRACE] uvicorn.asgi: 127.0.0.1:58386 - ASGI [9] Send {'type': 'http.response.start', 'status': 404, 'headers': '<...>'}
2026-04-22 09:48:03,426 [INFO] uvicorn.access: 127.0.0.1:58386 - "POST /kilometers_to_miles_kilometers_to_miles_post HTTP/1.1" 404
2026-04-22 09:48:03,426 [TRACE] uvicorn.asgi: 127.0.0.1:58386 - ASGI [9] Send {'type': 'http.response.body', 'body': '<22 bytes>'}
2026-04-22 09:48:03,426 [TRACE] uvicorn.asgi: 127.0.0.1:58386 - ASGI [9] Completed
2026-04-22 09:48:03,427 [TRACE] uvicorn.error: 127.0.0.1:58386 - HTTP connection lost
2026-04-22 09:50:04,625 [TRACE] uvicorn.error: 127.0.0.1:51046 - HTTP connection made
2026-04-22 09:50:04,645 [TRACE] uvicorn.asgi: 127.0.0.1:51046 - ASGI [10] Started scope={'type': 'http', 'asgi': {'version': '3.0', 'spec_version': '2.3'}, 'http_version': '1.1', 'server': ('127.0.0.1', 8003), 'client': ('127.0.0.1', 51046), 'scheme': 'http', 'method': 'POST', 'root_path': '', 'path': '/kilometers-to-miles-kilometers-to-miles-post', 'raw_path': b'/kilometers-to-miles-kilometers-to-miles-post', 'query_string': b'', 'headers': '<...>', 'state': {}}
2026-04-22 09:50:04,647 [TRACE] uvicorn.asgi: 127.0.0.1:51046 - ASGI [10] Send {'type': 'http.response.start', 'status': 404, 'headers': '<...>'}
2026-04-22 09:50:04,647 [INFO] uvicorn.access: 127.0.0.1:51046 - "POST /kilometers-to-miles-kilometers-to-miles-post HTTP/1.1" 404
2026-04-22 09:50:04,647 [TRACE] uvicorn.asgi: 127.0.0.1:51046 - ASGI [10] Send {'type': 'http.response.body', 'body': '<22 bytes>'}
2026-04-22 09:50:04,648 [TRACE] uvicorn.asgi: 127.0.0.1:51046 - ASGI [10] Completed
2026-04-22 09:50:04,648 [TRACE] uvicorn.error: 127.0.0.1:51046 - HTTP connection lost
2026-04-22 09:50:30,576 [TRACE] uvicorn.error: 127.0.0.1:64394 - HTTP connection made
2026-04-22 09:50:30,593 [TRACE] uvicorn.asgi: 127.0.0.1:64394 - ASGI [11] Started scope={'type': 'http', 'asgi': {'version': '3.0', 'spec_version': '2.3'}, 'http_version': '1.1', 'server': ('127.0.0.1', 8003), 'client': ('127.0.0.1', 64394), 'scheme': 'http', 'method': 'POST', 'root_path': '', 'path': '/mcp/', 'raw_path': b'/mcp/', 'query_string': b'', 'headers': '<...>', 'state': {}}
2026-04-22 09:50:30,593 [TRACE] uvicorn.asgi: 127.0.0.1:64394 - ASGI [11] Receive {'type': 'http.request', 'body': '<58 bytes>', 'more_body': False}
2026-04-22 09:50:30,594 [TRACE] uvicorn.asgi: 127.0.0.1:64394 - ASGI [11] Send {'type': 'http.response.start', 'status': 200, 'headers': '<...>'}
2026-04-22 09:50:30,594 [INFO] uvicorn.access: 127.0.0.1:64394 - "POST /mcp/ HTTP/1.1" 200
2026-04-22 09:50:30,594 [INFO] mcp.server.lowlevel.server: Processing request of type ListToolsRequest
2026-04-22 09:50:30,596 [TRACE] uvicorn.asgi: 127.0.0.1:64394 - ASGI [11] Send {'type': 'http.response.body', 'body': '<2518 bytes>', 'more_body': True}
2026-04-22 09:50:30,596 [TRACE] uvicorn.asgi: 127.0.0.1:64394 - ASGI [11] Send {'type': 'http.response.body', 'body': '<0 bytes>', 'more_body': False}
2026-04-22 09:50:30,596 [TRACE] uvicorn.asgi: 127.0.0.1:64394 - ASGI [11] Receive {'type': 'http.disconnect'}
2026-04-22 09:50:30,596 [TRACE] uvicorn.asgi: 127.0.0.1:64394 - ASGI [11] Completed
2026-04-22 09:50:30,596 [TRACE] uvicorn.error: 127.0.0.1:64394 - HTTP connection lost
2026-04-22 09:51:23,176 [TRACE] uvicorn.error: 127.0.0.1:64471 - HTTP connection made
2026-04-22 09:51:23,176 [TRACE] uvicorn.asgi: 127.0.0.1:64471 - ASGI [12] Started scope={'type': 'http', 'asgi': {'version': '3.0', 'spec_version': '2.3'}, 'http_version': '1.1', 'server': ('127.0.0.1', 8003), 'client': ('127.0.0.1', 64471), 'scheme': 'http', 'method': 'POST', 'root_path': '', 'path': '/mcp/', 'raw_path': b'/mcp/', 'query_string': b'', 'headers': '<...>', 'state': {}}
2026-04-22 09:51:23,176 [TRACE] uvicorn.asgi: 127.0.0.1:64471 - ASGI [12] Send {'type': 'http.response.start', 'status': <HTTPStatus.NOT_ACCEPTABLE: 406>, 'headers': '<...>'}
2026-04-22 09:51:23,177 [INFO] uvicorn.access: 127.0.0.1:64471 - "POST /mcp/ HTTP/1.1" 406
2026-04-22 09:51:23,177 [TRACE] uvicorn.asgi: 127.0.0.1:64471 - ASGI [12] Send {'type': 'http.response.body', 'body': '<152 bytes>'}
2026-04-22 09:51:23,177 [TRACE] uvicorn.asgi: 127.0.0.1:64471 - ASGI [12] Completed
2026-04-22 09:51:23,177 [TRACE] uvicorn.error: 127.0.0.1:64471 - HTTP connection lost
2026-04-22 09:54:17,324 [TRACE] uvicorn.error: 127.0.0.1:63855 - HTTP connection made
2026-04-22 09:54:17,347 [TRACE] uvicorn.asgi: 127.0.0.1:63855 - ASGI [13] Started scope={'type': 'http', 'asgi': {'version': '3.0', 'spec_version': '2.3'}, 'http_version': '1.1', 'server': ('127.0.0.1', 8003), 'client': ('127.0.0.1', 63855), 'scheme': 'http', 'method': 'POST', 'root_path': '', 'path': '/mcp/', 'raw_path': b'/mcp/', 'query_string': b'', 'headers': '<...>', 'state': {}}
2026-04-22 09:54:17,348 [TRACE] uvicorn.asgi: 127.0.0.1:63855 - ASGI [13] Receive {'type': 'http.request', 'body': '<139 bytes>', 'more_body': False}
2026-04-22 09:54:17,348 [TRACE] uvicorn.asgi: 127.0.0.1:63855 - ASGI [13] Send {'type': 'http.response.start', 'status': 200, 'headers': '<...>'}
2026-04-22 09:54:17,348 [INFO] uvicorn.access: 127.0.0.1:63855 - "POST /mcp/ HTTP/1.1" 200
2026-04-22 09:54:17,349 [INFO] mcp.server.lowlevel.server: Processing request of type CallToolRequest
2026-04-22 09:54:17,351 [INFO] httpx: HTTP Request: POST http://fastapi/kilometers-to-miles "HTTP/1.1 422 Unprocessable Entity"
2026-04-22 09:54:17,388 [TRACE] uvicorn.asgi: 127.0.0.1:63855 - ASGI [13] Send {'type': 'http.response.body', 'body': '<325 bytes>', 'more_body': True}
2026-04-22 09:54:17,388 [TRACE] uvicorn.asgi: 127.0.0.1:63855 - ASGI [13] Send {'type': 'http.response.body', 'body': '<0 bytes>', 'more_body': False}
2026-04-22 09:54:17,388 [TRACE] uvicorn.asgi: 127.0.0.1:63855 - ASGI [13] Receive {'type': 'http.disconnect'}
2026-04-22 09:54:17,388 [TRACE] uvicorn.error: 127.0.0.1:63855 - HTTP connection lost
2026-04-22 09:54:17,389 [TRACE] uvicorn.asgi: 127.0.0.1:63855 - ASGI [13] Completed
2026-04-22 09:55:18,325 [TRACE] uvicorn.error: 127.0.0.1:55743 - HTTP connection made
2026-04-22 09:55:18,325 [TRACE] uvicorn.asgi: 127.0.0.1:55743 - ASGI [14] Started scope={'type': 'http', 'asgi': {'version': '3.0', 'spec_version': '2.3'}, 'http_version': '1.1', 'server': ('127.0.0.1', 8003), 'client': ('127.0.0.1', 55743), 'scheme': 'http', 'method': 'POST', 'root_path': '', 'path': '/mcp/', 'raw_path': b'/mcp/', 'query_string': b'', 'headers': '<...>', 'state': {}}
2026-04-22 09:55:18,325 [TRACE] uvicorn.asgi: 127.0.0.1:55743 - ASGI [14] Receive {'type': 'http.request', 'body': '<145 bytes>', 'more_body': False}
2026-04-22 09:55:18,325 [TRACE] uvicorn.asgi: 127.0.0.1:55743 - ASGI [14] Send {'type': 'http.response.start', 'status': 200, 'headers': '<...>'}
2026-04-22 09:55:18,325 [INFO] uvicorn.access: 127.0.0.1:55743 - "POST /mcp/ HTTP/1.1" 200
2026-04-22 09:55:18,325 [INFO] mcp.server.lowlevel.server: Processing request of type CallToolRequest
2026-04-22 09:55:18,333 [INFO] httpx: HTTP Request: POST http://fastapi/fahrenheit-to-celsius?fahrenheit=77 "HTTP/1.1 200 OK"
2026-04-22 09:55:18,334 [TRACE] uvicorn.asgi: 127.0.0.1:55743 - ASGI [14] Send {'type': 'http.response.body', 'body': '<244 bytes>', 'more_body': True}
2026-04-22 09:55:18,334 [TRACE] uvicorn.asgi: 127.0.0.1:55743 - ASGI [14] Send {'type': 'http.response.body', 'body': '<0 bytes>', 'more_body': False}
2026-04-22 09:55:18,334 [TRACE] uvicorn.asgi: 127.0.0.1:55743 - ASGI [14] Receive {'type': 'http.disconnect'}
2026-04-22 09:55:18,334 [TRACE] uvicorn.error: 127.0.0.1:55743 - HTTP connection lost
2026-04-22 09:55:18,335 [TRACE] uvicorn.asgi: 127.0.0.1:55743 - ASGI [14] Completed
2026-04-22 09:55:30,599 [TRACE] uvicorn.error: 127.0.0.1:53580 - HTTP connection made
2026-04-22 09:55:30,615 [TRACE] uvicorn.asgi: 127.0.0.1:53580 - ASGI [15] Started scope={'type': 'http', 'asgi': {'version': '3.0', 'spec_version': '2.3'}, 'http_version': '1.1', 'server': ('127.0.0.1', 8003), 'client': ('127.0.0.1', 53580), 'scheme': 'http', 'method': 'POST', 'root_path': '', 'path': '/mcp/', 'raw_path': b'/mcp/', 'query_string': b'', 'headers': '<...>', 'state': {}}
2026-04-22 09:55:30,615 [TRACE] uvicorn.asgi: 127.0.0.1:53580 - ASGI [15] Receive {'type': 'http.request', 'body': '<111 bytes>', 'more_body': False}
2026-04-22 09:55:30,617 [TRACE] uvicorn.asgi: 127.0.0.1:53580 - ASGI [15] Send {'type': 'http.response.start', 'status': 200, 'headers': '<...>'}
2026-04-22 09:55:30,617 [INFO] uvicorn.access: 127.0.0.1:53580 - "POST /mcp/ HTTP/1.1" 200
2026-04-22 09:55:30,617 [INFO] mcp.server.lowlevel.server: Processing request of type CallToolRequest
2026-04-22 09:55:30,619 [TRACE] uvicorn.asgi: 127.0.0.1:53580 - ASGI [15] Send {'type': 'http.response.body', 'body': '<148 bytes>', 'more_body': True}
2026-04-22 09:55:30,619 [TRACE] uvicorn.asgi: 127.0.0.1:53580 - ASGI [15] Send {'type': 'http.response.body', 'body': '<0 bytes>', 'more_body': False}
2026-04-22 09:55:30,619 [TRACE] uvicorn.asgi: 127.0.0.1:53580 - ASGI [15] Receive {'type': 'http.disconnect'}
2026-04-22 09:55:30,619 [TRACE] uvicorn.error: 127.0.0.1:53580 - HTTP connection lost
2026-04-22 09:55:30,620 [TRACE] uvicorn.asgi: 127.0.0.1:53580 - ASGI [15] Completed
2026-04-22 09:55:38,401 [TRACE] uvicorn.error: 127.0.0.1:56741 - HTTP connection made
2026-04-22 09:55:38,416 [TRACE] uvicorn.asgi: 127.0.0.1:56741 - ASGI [16] Started scope={'type': 'http', 'asgi': {'version': '3.0', 'spec_version': '2.3'}, 'http_version': '1.1', 'server': ('127.0.0.1', 8003), 'client': ('127.0.0.1', 56741), 'scheme': 'http', 'method': 'POST', 'root_path': '', 'path': '/mcp/', 'raw_path': b'/mcp/', 'query_string': b'', 'headers': '<...>', 'state': {}}
2026-04-22 09:55:38,417 [TRACE] uvicorn.asgi: 127.0.0.1:56741 - ASGI [16] Receive {'type': 'http.request', 'body': '<139 bytes>', 'more_body': False}
2026-04-22 09:55:38,417 [TRACE] uvicorn.asgi: 127.0.0.1:56741 - ASGI [16] Send {'type': 'http.response.start', 'status': 200, 'headers': '<...>'}
2026-04-22 09:55:38,417 [INFO] uvicorn.access: 127.0.0.1:56741 - "POST /mcp/ HTTP/1.1" 200
2026-04-22 09:55:38,418 [INFO] mcp.server.lowlevel.server: Processing request of type CallToolRequest
2026-04-22 09:55:38,420 [INFO] httpx: HTTP Request: POST http://fastapi/kilometers-to-miles "HTTP/1.1 422 Unprocessable Entity"
2026-04-22 09:55:38,457 [TRACE] uvicorn.asgi: 127.0.0.1:56741 - ASGI [16] Send {'type': 'http.response.body', 'body': '<325 bytes>', 'more_body': True}
2026-04-22 09:55:38,457 [TRACE] uvicorn.asgi: 127.0.0.1:56741 - ASGI [16] Send {'type': 'http.response.body', 'body': '<0 bytes>', 'more_body': False}
2026-04-22 09:55:38,457 [TRACE] uvicorn.asgi: 127.0.0.1:56741 - ASGI [16] Receive {'type': 'http.disconnect'}
2026-04-22 09:55:38,458 [TRACE] uvicorn.error: 127.0.0.1:56741 - HTTP connection lost
2026-04-22 09:55:38,458 [TRACE] uvicorn.asgi: 127.0.0.1:56741 - ASGI [16] Completed
2026-04-22 09:55:51,375 [TRACE] uvicorn.error: 127.0.0.1:62426 - HTTP connection made
2026-04-22 09:55:51,375 [TRACE] uvicorn.asgi: 127.0.0.1:62426 - ASGI [17] Started scope={'type': 'http', 'asgi': {'version': '3.0', 'spec_version': '2.3'}, 'http_version': '1.1', 'server': ('127.0.0.1', 8003), 'client': ('127.0.0.1', 62426), 'scheme': 'http', 'method': 'POST', 'root_path': '', 'path': '/kilometers-to-miles-kilometers-to-miles-post', 'raw_path': b'/kilometers-to-miles-kilometers-to-miles-post', 'query_string': b'', 'headers': '<...>', 'state': {}}
2026-04-22 09:55:51,376 [TRACE] uvicorn.asgi: 127.0.0.1:62426 - ASGI [17] Send {'type': 'http.response.start', 'status': 404, 'headers': '<...>'}
2026-04-22 09:55:51,376 [INFO] uvicorn.access: 127.0.0.1:62426 - "POST /kilometers-to-miles-kilometers-to-miles-post HTTP/1.1" 404
2026-04-22 09:55:51,376 [TRACE] uvicorn.asgi: 127.0.0.1:62426 - ASGI [17] Send {'type': 'http.response.body', 'body': '<22 bytes>'}
2026-04-22 09:55:51,376 [TRACE] uvicorn.asgi: 127.0.0.1:62426 - ASGI [17] Completed
2026-04-22 09:55:51,377 [TRACE] uvicorn.error: 127.0.0.1:62426 - HTTP connection lost
2026-04-22 09:56:09,875 [TRACE] uvicorn.error: 127.0.0.1:55698 - HTTP connection made
2026-04-22 09:56:09,875 [TRACE] uvicorn.asgi: 127.0.0.1:55698 - ASGI [18] Started scope={'type': 'http', 'asgi': {'version': '3.0', 'spec_version': '2.3'}, 'http_version': '1.1', 'server': ('127.0.0.1', 8003), 'client': ('127.0.0.1', 55698), 'scheme': 'http', 'method': 'POST', 'root_path': '', 'path': '/kilometers_to_miles_kilometers_to_miles_post', 'raw_path': b'/kilometers_to_miles_kilometers_to_miles_post', 'query_string': b'', 'headers': '<...>', 'state': {}}
2026-04-22 09:56:09,876 [TRACE] uvicorn.asgi: 127.0.0.1:55698 - ASGI [18] Send {'type': 'http.response.start', 'status': 404, 'headers': '<...>'}
2026-04-22 09:56:09,876 [INFO] uvicorn.access: 127.0.0.1:55698 - "POST /kilometers_to_miles_kilometers_to_miles_post HTTP/1.1" 404
2026-04-22 09:56:09,876 [TRACE] uvicorn.asgi: 127.0.0.1:55698 - ASGI [18] Send {'type': 'http.response.body', 'body': '<22 bytes>'}
2026-04-22 09:56:09,876 [TRACE] uvicorn.asgi: 127.0.0.1:55698 - ASGI [18] Completed
2026-04-22 09:56:09,876 [TRACE] uvicorn.error: 127.0.0.1:55698 - HTTP connection lost
2026-04-22 09:57:18,296 [TRACE] uvicorn.error: 127.0.0.1:52109 - HTTP connection made
2026-04-22 09:57:18,296 [TRACE] uvicorn.asgi: 127.0.0.1:52109 - ASGI [19] Started scope={'type': 'http', 'asgi': {'version': '3.0', 'spec_version': '2.3'}, 'http_version': '1.1', 'server': ('127.0.0.1', 8003), 'client': ('127.0.0.1', 52109), 'scheme': 'http', 'method': 'POST', 'root_path': '', 'path': '/mcp/', 'raw_path': b'/mcp/', 'query_string': b'', 'headers': '<...>', 'state': {}}
2026-04-22 09:57:18,296 [TRACE] uvicorn.asgi: 127.0.0.1:52109 - ASGI [19] Receive {'type': 'http.request', 'body': '<209 bytes>', 'more_body': False}
2026-04-22 09:57:18,296 [TRACE] uvicorn.asgi: 127.0.0.1:52109 - ASGI [19] Send {'type': 'http.response.start', 'status': 200, 'headers': '<...>'}
2026-04-22 09:57:18,296 [INFO] uvicorn.access: 127.0.0.1:52109 - "POST /mcp/ HTTP/1.1" 200
2026-04-22 09:57:18,296 [INFO] mcp.server.lowlevel.server: Processing request of type CallToolRequest
2026-04-22 09:57:18,302 [INFO] httpx: HTTP Request: POST http://fastapi/kilometers-to-miles?kilometers=-10 "HTTP/1.1 200 OK"
2026-04-22 09:57:18,302 [TRACE] uvicorn.asgi: 127.0.0.1:52109 - ASGI [19] Send {'type': 'http.response.body', 'body': '<250 bytes>', 'more_body': True}
2026-04-22 09:57:18,302 [TRACE] uvicorn.asgi: 127.0.0.1:52109 - ASGI [19] Send {'type': 'http.response.body', 'body': '<0 bytes>', 'more_body': False}
2026-04-22 09:57:18,304 [TRACE] uvicorn.asgi: 127.0.0.1:52109 - ASGI [19] Receive {'type': 'http.disconnect'}
2026-04-22 09:57:18,304 [TRACE] uvicorn.error: 127.0.0.1:52109 - HTTP connection lost
2026-04-22 09:57:18,304 [TRACE] uvicorn.asgi: 127.0.0.1:52109 - ASGI [19] Completed
2026-04-22 09:58:25,443 [TRACE] uvicorn.error: 127.0.0.1:57388 - HTTP connection made
2026-04-22 09:58:25,443 [TRACE] uvicorn.asgi: 127.0.0.1:57388 - ASGI [20] Started scope={'type': 'http', 'asgi': {'version': '3.0', 'spec_version': '2.3'}, 'http_version': '1.1', 'server': ('127.0.0.1', 8003), 'client': ('127.0.0.1', 57388), 'scheme': 'http', 'method': 'POST', 'root_path': '', 'path': '/kilometers_to_miles_kilometers_to_miles_post', 'raw_path': b'/kilometers_to_miles_kilometers_to_miles_post', 'query_string': b'', 'headers': '<...>', 'state': {}}
2026-04-22 09:58:25,443 [TRACE] uvicorn.asgi: 127.0.0.1:57388 - ASGI [20] Send {'type': 'http.response.start', 'status': 404, 'headers': '<...>'}
2026-04-22 09:58:25,443 [INFO] uvicorn.access: 127.0.0.1:57388 - "POST /kilometers_to_miles_kilometers_to_miles_post HTTP/1.1" 404
2026-04-22 09:58:25,443 [TRACE] uvicorn.asgi: 127.0.0.1:57388 - ASGI [20] Send {'type': 'http.response.body', 'body': '<22 bytes>'}
2026-04-22 09:58:25,443 [TRACE] uvicorn.asgi: 127.0.0.1:57388 - ASGI [20] Completed
2026-04-22 09:58:25,443 [TRACE] uvicorn.error: 127.0.0.1:57388 - HTTP connection lost
2026-04-22 09:58:44,519 [TRACE] uvicorn.error: 127.0.0.1:55625 - HTTP connection made
2026-04-22 09:58:44,541 [TRACE] uvicorn.asgi: 127.0.0.1:55625 - ASGI [21] Started scope={'type': 'http', 'asgi': {'version': '3.0', 'spec_version': '2.3'}, 'http_version': '1.1', 'server': ('127.0.0.1', 8003), 'client': ('127.0.0.1', 55625), 'scheme': 'http', 'method': 'POST', 'root_path': '', 'path': '/mcp/', 'raw_path': b'/mcp/', 'query_string': b'', 'headers': '<...>', 'state': {}}
2026-04-22 09:58:44,541 [TRACE] uvicorn.asgi: 127.0.0.1:55625 - ASGI [21] Receive {'type': 'http.request', 'body': '<209 bytes>', 'more_body': False}
2026-04-22 09:58:44,542 [TRACE] uvicorn.asgi: 127.0.0.1:55625 - ASGI [21] Send {'type': 'http.response.start', 'status': 200, 'headers': '<...>'}
2026-04-22 09:58:44,542 [INFO] uvicorn.access: 127.0.0.1:55625 - "POST /mcp/ HTTP/1.1" 200
2026-04-22 09:58:44,542 [INFO] mcp.server.lowlevel.server: Processing request of type CallToolRequest
2026-04-22 09:58:44,544 [INFO] httpx: HTTP Request: POST http://fastapi/kilometers-to-miles?kilometers=-10 "HTTP/1.1 200 OK"
2026-04-22 09:58:44,544 [TRACE] uvicorn.asgi: 127.0.0.1:55625 - ASGI [21] Send {'type': 'http.response.body', 'body': '<250 bytes>', 'more_body': True}
2026-04-22 09:58:44,545 [TRACE] uvicorn.asgi: 127.0.0.1:55625 - ASGI [21] Send {'type': 'http.response.body', 'body': '<0 bytes>', 'more_body': False}
2026-04-22 09:58:44,545 [TRACE] uvicorn.asgi: 127.0.0.1:55625 - ASGI [21] Receive {'type': 'http.disconnect'}
2026-04-22 09:58:44,545 [TRACE] uvicorn.error: 127.0.0.1:55625 - HTTP connection lost
2026-04-22 09:58:44,545 [TRACE] uvicorn.asgi: 127.0.0.1:55625 - ASGI [21] Completed
2026-04-22 09:58:55,478 [INFO] uvicorn.error: Shutting down
2026-04-22 09:58:55,593 [INFO] uvicorn.error: Waiting for application shutdown.
2026-04-22 09:58:55,593 [TRACE] uvicorn.asgi: ASGI [1] Receive {'type': 'lifespan.shutdown'}
2026-04-22 09:58:55,593 [INFO] mcp.server.streamable_http_manager: StreamableHTTP session manager shutting down
2026-04-22 09:58:55,593 [TRACE] uvicorn.asgi: ASGI [1] Send {'type': 'lifespan.shutdown.complete'}
2026-04-22 09:58:55,593 [TRACE] uvicorn.asgi: ASGI [1] Completed
2026-04-22 09:58:55,593 [INFO] uvicorn.error: Application shutdown complete.
2026-04-22 09:58:55,593 [INFO] uvicorn.error: Finished server process [23684]
2026-04-22 09:59:08,386 [INFO] uvicorn.error: Started server process [23676]
2026-04-22 09:59:08,386 [INFO] uvicorn.error: Waiting for application startup.
2026-04-22 09:59:08,386 [TRACE] uvicorn.asgi: ASGI [1] Started scope={'type': 'lifespan', 'asgi': {'version': '3.0', 'spec_version': '2.0'}, 'state': {}}
2026-04-22 09:59:08,386 [TRACE] uvicorn.asgi: ASGI [1] Receive {'type': 'lifespan.startup'}
2026-04-22 09:59:08,394 [INFO] mcp.server.streamable_http_manager: StreamableHTTP session manager started
2026-04-22 09:59:08,394 [TRACE] uvicorn.asgi: ASGI [1] Send {'type': 'lifespan.startup.complete'}
2026-04-22 09:59:08,394 [INFO] uvicorn.error: Application startup complete.
2026-04-22 09:59:08,400 [INFO] uvicorn.error: Uvicorn running on http://localhost:8003 (Press CTRL+C to quit)
2026-04-22 09:59:14,904 [TRACE] uvicorn.error: 127.0.0.1:61307 - HTTP connection made
2026-04-22 09:59:14,904 [TRACE] uvicorn.asgi: 127.0.0.1:61307 - ASGI [2] Started scope={'type': 'http', 'asgi': {'version': '3.0', 'spec_version': '2.3'}, 'http_version': '1.1', 'server': ('127.0.0.1', 8003), 'client': ('127.0.0.1', 61307), 'scheme': 'http', 'method': 'POST', 'root_path': '', 'path': '/mcp/', 'raw_path': b'/mcp/', 'query_string': b'', 'headers': '<...>', 'state': {}}
2026-04-22 09:59:14,904 [TRACE] uvicorn.asgi: 127.0.0.1:61307 - ASGI [2] Send {'type': 'http.response.start', 'status': <HTTPStatus.NOT_FOUND: 404>, 'headers': '<...>'}
2026-04-22 09:59:14,904 [INFO] uvicorn.access: 127.0.0.1:61307 - "POST /mcp/ HTTP/1.1" 404
2026-04-22 09:59:14,904 [TRACE] uvicorn.asgi: 127.0.0.1:61307 - ASGI [2] Send {'type': 'http.response.body', 'body': '<91 bytes>'}
2026-04-22 09:59:14,904 [TRACE] uvicorn.asgi: 127.0.0.1:61307 - ASGI [2] Completed
2026-04-22 09:59:14,904 [TRACE] uvicorn.error: 127.0.0.1:61307 - HTTP connection lost
2026-04-22 09:59:34,881 [TRACE] uvicorn.error: 127.0.0.1:60335 - HTTP connection made
2026-04-22 09:59:34,893 [TRACE] uvicorn.asgi: 127.0.0.1:60335 - ASGI [3] Started scope={'type': 'http', 'asgi': {'version': '3.0', 'spec_version': '2.3'}, 'http_version': '1.1', 'server': ('127.0.0.1', 8003), 'client': ('127.0.0.1', 60335), 'scheme': 'http', 'method': 'POST', 'root_path': '', 'path': '/mcp/', 'raw_path': b'/mcp/', 'query_string': b'', 'headers': '<...>', 'state': {}}
2026-04-22 09:59:34,893 [INFO] mcp.server.streamable_http_manager: Created new transport with session ID: d1b3e0b45f13404fbbf575ef92bb07bc
2026-04-22 09:59:34,894 [TRACE] uvicorn.asgi: 127.0.0.1:60335 - ASGI [3] Receive {'type': 'http.request', 'body': '<151 bytes>', 'more_body': False}
2026-04-22 09:59:34,895 [TRACE] uvicorn.asgi: 127.0.0.1:60335 - ASGI [3] Send {'type': 'http.response.start', 'status': 200, 'headers': '<...>'}
2026-04-22 09:59:34,895 [INFO] uvicorn.access: 127.0.0.1:60335 - "POST /mcp/ HTTP/1.1" 200
2026-04-22 09:59:34,895 [TRACE] uvicorn.asgi: 127.0.0.1:60335 - ASGI [3] Send {'type': 'http.response.body', 'body': '<444 bytes>', 'more_body': True}
2026-04-22 09:59:34,895 [TRACE] uvicorn.asgi: 127.0.0.1:60335 - ASGI [3] Send {'type': 'http.response.body', 'body': '<0 bytes>', 'more_body': False}
2026-04-22 09:59:34,896 [TRACE] uvicorn.asgi: 127.0.0.1:60335 - ASGI [3] Receive {'type': 'http.disconnect'}
2026-04-22 09:59:34,896 [TRACE] uvicorn.error: 127.0.0.1:60335 - HTTP connection lost
2026-04-22 09:59:34,896 [TRACE] uvicorn.asgi: 127.0.0.1:60335 - ASGI [3] Completed
2026-04-22 09:59:40,959 [TRACE] uvicorn.error: 127.0.0.1:50174 - HTTP connection made
2026-04-22 09:59:40,960 [TRACE] uvicorn.asgi: 127.0.0.1:50174 - ASGI [4] Started scope={'type': 'http', 'asgi': {'version': '3.0', 'spec_version': '2.3'}, 'http_version': '1.1', 'server': ('127.0.0.1', 8003), 'client': ('127.0.0.1', 50174), 'scheme': 'http', 'method': 'POST', 'root_path': '', 'path': '/mcp/', 'raw_path': b'/mcp/', 'query_string': b'', 'headers': '<...>', 'state': {}}
2026-04-22 09:59:40,960 [TRACE] uvicorn.asgi: 127.0.0.1:50174 - ASGI [4] Receive {'type': 'http.request', 'body': '<209 bytes>', 'more_body': False}
2026-04-22 09:59:40,960 [TRACE] uvicorn.asgi: 127.0.0.1:50174 - ASGI [4] Send {'type': 'http.response.start', 'status': 200, 'headers': '<...>'}
2026-04-22 09:59:40,960 [INFO] uvicorn.access: 127.0.0.1:50174 - "POST /mcp/ HTTP/1.1" 200
2026-04-22 09:59:40,962 [INFO] mcp.server.lowlevel.server: Processing request of type CallToolRequest
2026-04-22 09:59:40,968 [INFO] httpx: HTTP Request: POST http://fastapi/kilometers-to-miles?kilometers=-10 "HTTP/1.1 422 Unprocessable Entity"
2026-04-22 09:59:41,082 [TRACE] uvicorn.asgi: 127.0.0.1:50174 - ASGI [4] Send {'type': 'http.response.body', 'body': '<268 bytes>', 'more_body': True}
2026-04-22 09:59:41,082 [TRACE] uvicorn.asgi: 127.0.0.1:50174 - ASGI [4] Send {'type': 'http.response.body', 'body': '<0 bytes>', 'more_body': False}
2026-04-22 09:59:41,082 [TRACE] uvicorn.asgi: 127.0.0.1:50174 - ASGI [4] Receive {'type': 'http.disconnect'}
2026-04-22 09:59:41,082 [TRACE] uvicorn.error: 127.0.0.1:50174 - HTTP connection lost
2026-04-22 09:59:41,082 [TRACE] uvicorn.asgi: 127.0.0.1:50174 - ASGI [4] Completed
2026-04-22 10:01:07,617 [INFO] uvicorn.error: Shutting down
2026-04-22 10:01:07,731 [INFO] uvicorn.error: Waiting for application shutdown.
2026-04-22 10:01:07,732 [TRACE] uvicorn.asgi: ASGI [1] Receive {'type': 'lifespan.shutdown'}
2026-04-22 10:01:07,732 [INFO] mcp.server.streamable_http_manager: StreamableHTTP session manager shutting down
2026-04-22 10:01:07,732 [TRACE] uvicorn.asgi: ASGI [1] Send {'type': 'lifespan.shutdown.complete'}
2026-04-22 10:01:07,732 [TRACE] uvicorn.asgi: ASGI [1] Completed
2026-04-22 10:01:07,732 [INFO] uvicorn.error: Application shutdown complete.
2026-04-22 10:01:07,732 [INFO] uvicorn.error: Finished server process [23676]
2026-04-22 10:01:11,988 [INFO] uvicorn.error: Started server process [11536]
2026-04-22 10:01:11,988 [INFO] uvicorn.error: Waiting for application startup.
2026-04-22 10:01:11,988 [TRACE] uvicorn.asgi: ASGI [1] Started scope={'type': 'lifespan', 'asgi': {'version': '3.0', 'spec_version': '2.0'}, 'state': {}}
2026-04-22 10:01:11,988 [TRACE] uvicorn.asgi: ASGI [1] Receive {'type': 'lifespan.startup'}
2026-04-22 10:01:12,000 [INFO] mcp.server.streamable_http_manager: StreamableHTTP session manager started
2026-04-22 10:01:12,000 [TRACE] uvicorn.asgi: ASGI [1] Send {'type': 'lifespan.startup.complete'}
2026-04-22 10:01:12,000 [INFO] uvicorn.error: Application startup complete.
2026-04-22 10:01:12,008 [INFO] uvicorn.error: Uvicorn running on http://localhost:8003 (Press CTRL+C to quit)
2026-04-22 10:01:29,711 [TRACE] uvicorn.error: 127.0.0.1:52334 - HTTP connection made
2026-04-22 10:01:29,732 [TRACE] uvicorn.asgi: 127.0.0.1:52334 - ASGI [2] Started scope={'type': 'http', 'asgi': {'version': '3.0', 'spec_version': '2.3'}, 'http_version': '1.1', 'server': ('127.0.0.1', 8003), 'client': ('127.0.0.1', 52334), 'scheme': 'http', 'method': 'POST', 'root_path': '', 'path': '/mcp/', 'raw_path': b'/mcp/', 'query_string': b'', 'headers': '<...>', 'state': {}}
2026-04-22 10:01:29,734 [INFO] mcp.server.streamable_http_manager: Created new transport with session ID: f2362998a3a04d7690957d3af311082d
2026-04-22 10:01:29,734 [TRACE] uvicorn.asgi: 127.0.0.1:52334 - ASGI [2] Receive {'type': 'http.request', 'body': '<151 bytes>', 'more_body': False}
2026-04-22 10:01:29,735 [TRACE] uvicorn.asgi: 127.0.0.1:52334 - ASGI [2] Send {'type': 'http.response.start', 'status': 200, 'headers': '<...>'}
2026-04-22 10:01:29,735 [INFO] uvicorn.access: 127.0.0.1:52334 - "POST /mcp/ HTTP/1.1" 200
2026-04-22 10:01:29,736 [TRACE] uvicorn.asgi: 127.0.0.1:52334 - ASGI [2] Send {'type': 'http.response.body', 'body': '<444 bytes>', 'more_body': True}
2026-04-22 10:01:29,736 [TRACE] uvicorn.asgi: 127.0.0.1:52334 - ASGI [2] Send {'type': 'http.response.body', 'body': '<0 bytes>', 'more_body': False}
2026-04-22 10:01:29,736 [TRACE] uvicorn.asgi: 127.0.0.1:52334 - ASGI [2] Receive {'type': 'http.disconnect'}
2026-04-22 10:01:29,736 [TRACE] uvicorn.error: 127.0.0.1:52334 - HTTP connection lost
2026-04-22 10:01:29,737 [TRACE] uvicorn.asgi: 127.0.0.1:52334 - ASGI [2] Completed
2026-04-22 10:01:32,235 [TRACE] uvicorn.error: 127.0.0.1:54941 - HTTP connection made
2026-04-22 10:01:32,235 [TRACE] uvicorn.asgi: 127.0.0.1:54941 - ASGI [3] Started scope={'type': 'http', 'asgi': {'version': '3.0', 'spec_version': '2.3'}, 'http_version': '1.1', 'server': ('127.0.0.1', 8003), 'client': ('127.0.0.1', 54941), 'scheme': 'http', 'method': 'POST', 'root_path': '', 'path': '/mcp/', 'raw_path': b'/mcp/', 'query_string': b'', 'headers': '<...>', 'state': {}}
2026-04-22 10:01:32,235 [TRACE] uvicorn.asgi: 127.0.0.1:54941 - ASGI [3] Receive {'type': 'http.request', 'body': '<209 bytes>', 'more_body': False}
2026-04-22 10:01:32,235 [TRACE] uvicorn.asgi: 127.0.0.1:54941 - ASGI [3] Send {'type': 'http.response.start', 'status': 200, 'headers': '<...>'}
2026-04-22 10:01:32,235 [INFO] uvicorn.access: 127.0.0.1:54941 - "POST /mcp/ HTTP/1.1" 200
2026-04-22 10:01:32,235 [INFO] mcp.server.lowlevel.server: Processing request of type CallToolRequest
2026-04-22 10:01:32,252 [INFO] httpx: HTTP Request: POST http://fastapi/kilometers-to-miles "HTTP/1.1 422 Unprocessable Entity"
2026-04-22 10:01:32,316 [TRACE] uvicorn.asgi: 127.0.0.1:54941 - ASGI [3] Send {'type': 'http.response.body', 'body': '<384 bytes>', 'more_body': True}
2026-04-22 10:01:32,316 [TRACE] uvicorn.asgi: 127.0.0.1:54941 - ASGI [3] Send {'type': 'http.response.body', 'body': '<0 bytes>', 'more_body': False}
2026-04-22 10:01:32,316 [TRACE] uvicorn.asgi: 127.0.0.1:54941 - ASGI [3] Receive {'type': 'http.disconnect'}
2026-04-22 10:01:32,316 [TRACE] uvicorn.error: 127.0.0.1:54941 - HTTP connection lost
2026-04-22 10:01:32,316 [TRACE] uvicorn.asgi: 127.0.0.1:54941 - ASGI [3] Completed
2026-04-22 10:02:00,920 [TRACE] uvicorn.error: 127.0.0.1:57363 - HTTP connection made
2026-04-22 10:02:00,920 [TRACE] uvicorn.asgi: 127.0.0.1:57363 - ASGI [4] Started scope={'type': 'http', 'asgi': {'version': '3.0', 'spec_version': '2.3'}, 'http_version': '1.1', 'server': ('127.0.0.1', 8003), 'client': ('127.0.0.1', 57363), 'scheme': 'http', 'method': 'POST', 'root_path': '', 'path': '/celsius-to-fahrenheit-celsius-to-fahrenheit-post', 'raw_path': b'/celsius-to-fahrenheit-celsius-to-fahrenheit-post', 'query_string': b'', 'headers': '<...>', 'state': {}}
2026-04-22 10:02:00,920 [TRACE] uvicorn.asgi: 127.0.0.1:57363 - ASGI [4] Send {'type': 'http.response.start', 'status': 404, 'headers': '<...>'}
2026-04-22 10:02:00,920 [INFO] uvicorn.access: 127.0.0.1:57363 - "POST /celsius-to-fahrenheit-celsius-to-fahrenheit-post HTTP/1.1" 404
2026-04-22 10:02:00,920 [TRACE] uvicorn.asgi: 127.0.0.1:57363 - ASGI [4] Send {'type': 'http.response.body', 'body': '<22 bytes>'}
2026-04-22 10:02:00,920 [TRACE] uvicorn.asgi: 127.0.0.1:57363 - ASGI [4] Completed
2026-04-22 10:02:00,920 [TRACE] uvicorn.error: 127.0.0.1:57363 - HTTP connection lost
2026-04-22 10:02:22,009 [TRACE] uvicorn.error: 127.0.0.1:49672 - HTTP connection made
2026-04-22 10:02:22,031 [TRACE] uvicorn.asgi: 127.0.0.1:49672 - ASGI [5] Started scope={'type': 'http', 'asgi': {'version': '3.0', 'spec_version': '2.3'}, 'http_version': '1.1', 'server': ('127.0.0.1', 8003), 'client': ('127.0.0.1', 49672), 'scheme': 'http', 'method': 'POST', 'root_path': '', 'path': '/celsius-to-fahrenheit', 'raw_path': b'/celsius-to-fahrenheit', 'query_string': b'', 'headers': '<...>', 'state': {}}
2026-04-22 10:02:22,031 [TRACE] uvicorn.asgi: 127.0.0.1:49672 - ASGI [5] Send {'type': 'http.response.start', 'status': 422, 'headers': '<...>'}
2026-04-22 10:02:22,031 [INFO] uvicorn.access: 127.0.0.1:49672 - "POST /celsius-to-fahrenheit HTTP/1.1" 422
2026-04-22 10:02:22,031 [TRACE] uvicorn.asgi: 127.0.0.1:49672 - ASGI [5] Send {'type': 'http.response.body', 'body': '<93 bytes>'}
2026-04-22 10:02:22,031 [TRACE] uvicorn.asgi: 127.0.0.1:49672 - ASGI [5] Completed
2026-04-22 10:02:22,031 [TRACE] uvicorn.error: 127.0.0.1:49672 - HTTP connection lost
2026-04-22 10:02:51,171 [TRACE] uvicorn.error: 127.0.0.1:60162 - HTTP connection made
2026-04-22 10:02:51,172 [TRACE] uvicorn.asgi: 127.0.0.1:60162 - ASGI [6] Started scope={'type': 'http', 'asgi': {'version': '3.0', 'spec_version': '2.3'}, 'http_version': '1.1', 'server': ('127.0.0.1', 8003), 'client': ('127.0.0.1', 60162), 'scheme': 'http', 'method': 'POST', 'root_path': '', 'path': '/kilometers_to_miles', 'raw_path': b'/kilometers_to_miles', 'query_string': b'', 'headers': '<...>', 'state': {}}
2026-04-22 10:02:51,172 [TRACE] uvicorn.asgi: 127.0.0.1:60162 - ASGI [6] Send {'type': 'http.response.start', 'status': 404, 'headers': '<...>'}
2026-04-22 10:02:51,172 [INFO] uvicorn.access: 127.0.0.1:60162 - "POST /kilometers_to_miles HTTP/1.1" 404
2026-04-22 10:02:51,172 [TRACE] uvicorn.asgi: 127.0.0.1:60162 - ASGI [6] Send {'type': 'http.response.body', 'body': '<22 bytes>'}
2026-04-22 10:02:51,172 [TRACE] uvicorn.asgi: 127.0.0.1:60162 - ASGI [6] Completed
2026-04-22 10:02:51,173 [TRACE] uvicorn.error: 127.0.0.1:60162 - HTTP connection lost
2026-04-22 10:03:05,869 [TRACE] uvicorn.error: 127.0.0.1:59450 - HTTP connection made
2026-04-22 10:03:05,883 [TRACE] uvicorn.asgi: 127.0.0.1:59450 - ASGI [7] Started scope={'type': 'http', 'asgi': {'version': '3.0', 'spec_version': '2.3'}, 'http_version': '1.1', 'server': ('127.0.0.1', 8003), 'client': ('127.0.0.1', 59450), 'scheme': 'http', 'method': 'POST', 'root_path': '', 'path': '/kilometers-to-miles', 'raw_path': b'/kilometers-to-miles', 'query_string': b'', 'headers': '<...>', 'state': {}}
2026-04-22 10:03:05,883 [TRACE] uvicorn.asgi: 127.0.0.1:59450 - ASGI [7] Receive {'type': 'http.request', 'body': '<2 bytes>', 'more_body': False}
2026-04-22 10:03:05,883 [TRACE] uvicorn.asgi: 127.0.0.1:59450 - ASGI [7] Send {'type': 'http.response.start', 'status': 422, 'headers': '<...>'}
2026-04-22 10:03:05,885 [INFO] uvicorn.access: 127.0.0.1:59450 - "POST /kilometers-to-miles HTTP/1.1" 422
2026-04-22 10:03:05,885 [TRACE] uvicorn.asgi: 127.0.0.1:59450 - ASGI [7] Send {'type': 'http.response.body', 'body': '<149 bytes>'}
2026-04-22 10:03:05,885 [TRACE] uvicorn.asgi: 127.0.0.1:59450 - ASGI [7] Completed
2026-04-22 10:03:05,885 [TRACE] uvicorn.error: 127.0.0.1:59450 - HTTP connection lost
2026-04-22 10:03:26,580 [TRACE] uvicorn.error: 127.0.0.1:64872 - HTTP connection made
2026-04-22 10:03:26,598 [TRACE] uvicorn.asgi: 127.0.0.1:64872 - ASGI [8] Started scope={'type': 'http', 'asgi': {'version': '3.0', 'spec_version': '2.3'}, 'http_version': '1.1', 'server': ('127.0.0.1', 8003), 'client': ('127.0.0.1', 64872), 'scheme': 'http', 'method': 'POST', 'root_path': '', 'path': '/mcp/', 'raw_path': b'/mcp/', 'query_string': b'', 'headers': '<...>', 'state': {}}
2026-04-22 10:03:26,598 [INFO] mcp.server.streamable_http_manager: Created new transport with session ID: 88d5f4dd05cc40c780546964aefaa086
2026-04-22 10:03:26,599 [TRACE] uvicorn.asgi: 127.0.0.1:64872 - ASGI [8] Send {'type': 'http.response.start', 'status': <HTTPStatus.NOT_ACCEPTABLE: 406>, 'headers': '<...>'}
2026-04-22 10:03:26,599 [INFO] uvicorn.access: 127.0.0.1:64872 - "POST /mcp/ HTTP/1.1" 406
2026-04-22 10:03:26,599 [TRACE] uvicorn.asgi: 127.0.0.1:64872 - ASGI [8] Send {'type': 'http.response.body', 'body': '<152 bytes>'}
2026-04-22 10:03:26,600 [TRACE] uvicorn.asgi: 127.0.0.1:64872 - ASGI [8] Completed
2026-04-22 10:03:26,601 [TRACE] uvicorn.error: 127.0.0.1:64872 - HTTP connection lost
2026-04-22 10:03:42,908 [TRACE] uvicorn.error: 127.0.0.1:51551 - HTTP connection made
2026-04-22 10:03:42,909 [TRACE] uvicorn.asgi: 127.0.0.1:51551 - ASGI [9] Started scope={'type': 'http', 'asgi': {'version': '3.0', 'spec_version': '2.3'}, 'http_version': '1.1', 'server': ('127.0.0.1', 8003), 'client': ('127.0.0.1', 51551), 'scheme': 'http', 'method': 'POST', 'root_path': '', 'path': '/mcp/', 'raw_path': b'/mcp/', 'query_string': b'', 'headers': '<...>', 'state': {}}
2026-04-22 10:03:42,909 [TRACE] uvicorn.asgi: 127.0.0.1:51551 - ASGI [9] Receive {'type': 'http.request', 'body': '<167 bytes>', 'more_body': False}
2026-04-22 10:03:42,909 [TRACE] uvicorn.asgi: 127.0.0.1:51551 - ASGI [9] Send {'type': 'http.response.start', 'status': 200, 'headers': '<...>'}
2026-04-22 10:03:42,910 [INFO] uvicorn.access: 127.0.0.1:51551 - "POST /mcp/ HTTP/1.1" 200
2026-04-22 10:03:42,910 [INFO] mcp.server.lowlevel.server: Processing request of type GetPromptRequest
2026-04-22 10:03:42,911 [TRACE] uvicorn.asgi: 127.0.0.1:51551 - ASGI [9] Send {'type': 'http.response.body', 'body': '<118 bytes>', 'more_body': True}
2026-04-22 10:03:42,911 [TRACE] uvicorn.asgi: 127.0.0.1:51551 - ASGI [9] Send {'type': 'http.response.body', 'body': '<0 bytes>', 'more_body': False}
2026-04-22 10:03:42,911 [TRACE] uvicorn.asgi: 127.0.0.1:51551 - ASGI [9] Receive {'type': 'http.disconnect'}
2026-04-22 10:03:42,912 [TRACE] uvicorn.error: 127.0.0.1:51551 - HTTP connection lost
2026-04-22 10:03:42,912 [TRACE] uvicorn.asgi: 127.0.0.1:51551 - ASGI [9] Completed
2026-04-22 10:04:12,504 [TRACE] uvicorn.error: 127.0.0.1:60081 - HTTP connection made
2026-04-22 10:04:12,516 [TRACE] uvicorn.asgi: 127.0.0.1:60081 - ASGI [10] Started scope={'type': 'http', 'asgi': {'version': '3.0', 'spec_version': '2.3'}, 'http_version': '1.1', 'server': ('127.0.0.1', 8003), 'client': ('127.0.0.1', 60081), 'scheme': 'http', 'method': 'POST', 'root_path': '', 'path': '/mcp/', 'raw_path': b'/mcp/', 'query_string': b'', 'headers': '<...>', 'state': {}}
2026-04-22 10:04:12,517 [TRACE] uvicorn.asgi: 127.0.0.1:60081 - ASGI [10] Receive {'type': 'http.request', 'body': '<168 bytes>', 'more_body': False}
2026-04-22 10:04:12,517 [TRACE] uvicorn.asgi: 127.0.0.1:60081 - ASGI [10] Send {'type': 'http.response.start', 'status': 200, 'headers': '<...>'}
2026-04-22 10:04:12,517 [INFO] uvicorn.access: 127.0.0.1:60081 - "POST /mcp/ HTTP/1.1" 200
2026-04-22 10:04:12,517 [INFO] mcp.server.lowlevel.server: Processing request of type GetPromptRequest
2026-04-22 10:04:12,520 [TRACE] uvicorn.asgi: 127.0.0.1:60081 - ASGI [10] Send {'type': 'http.response.body', 'body': '<757 bytes>', 'more_body': True}
2026-04-22 10:04:12,520 [TRACE] uvicorn.asgi: 127.0.0.1:60081 - ASGI [10] Send {'type': 'http.response.body', 'body': '<0 bytes>', 'more_body': False}
2026-04-22 10:04:12,521 [TRACE] uvicorn.asgi: 127.0.0.1:60081 - ASGI [10] Receive {'type': 'http.disconnect'}
2026-04-22 10:04:12,521 [TRACE] uvicorn.error: 127.0.0.1:60081 - HTTP connection lost
2026-04-22 10:04:12,521 [TRACE] uvicorn.asgi: 127.0.0.1:60081 - ASGI [10] Completed
2026-04-22 10:04:42,473 [TRACE] uvicorn.error: 127.0.0.1:64640 - HTTP connection made
2026-04-22 10:04:42,486 [TRACE] uvicorn.asgi: 127.0.0.1:64640 - ASGI [11] Started scope={'type': 'http', 'asgi': {'version': '3.0', 'spec_version': '2.3'}, 'http_version': '1.1', 'server': ('127.0.0.1', 8003), 'client': ('127.0.0.1', 64640), 'scheme': 'http', 'method': 'POST', 'root_path': '', 'path': '/mcp/', 'raw_path': b'/mcp/', 'query_string': b'', 'headers': '<...>', 'state': {}}
2026-04-22 10:04:42,486 [TRACE] uvicorn.asgi: 127.0.0.1:64640 - ASGI [11] Receive {'type': 'http.request', 'body': '<96 bytes>', 'more_body': False}
2026-04-22 10:04:42,488 [TRACE] uvicorn.asgi: 127.0.0.1:64640 - ASGI [11] Send {'type': 'http.response.start', 'status': 200, 'headers': '<...>'}
2026-04-22 10:04:42,488 [INFO] uvicorn.access: 127.0.0.1:64640 - "POST /mcp/ HTTP/1.1" 200
2026-04-22 10:04:42,488 [INFO] mcp.server.lowlevel.server: Processing request of type ReadResourceRequest
2026-04-22 10:04:42,489 [TRACE] uvicorn.asgi: 127.0.0.1:64640 - ASGI [11] Send {'type': 'http.response.body', 'body': '<153 bytes>', 'more_body': True}
2026-04-22 10:04:42,490 [TRACE] uvicorn.asgi: 127.0.0.1:64640 - ASGI [11] Send {'type': 'http.response.body', 'body': '<0 bytes>', 'more_body': False}
2026-04-22 10:04:42,490 [TRACE] uvicorn.asgi: 127.0.0.1:64640 - ASGI [11] Receive {'type': 'http.disconnect'}
2026-04-22 10:04:42,490 [TRACE] uvicorn.error: 127.0.0.1:64640 - HTTP connection lost
2026-04-22 10:04:42,491 [TRACE] uvicorn.asgi: 127.0.0.1:64640 - ASGI [11] Completed
2026-04-22 10:05:01,810 [TRACE] uvicorn.error: 127.0.0.1:49300 - HTTP connection made
2026-04-22 10:05:01,821 [TRACE] uvicorn.asgi: 127.0.0.1:49300 - ASGI [12] Started scope={'type': 'http', 'asgi': {'version': '3.0', 'spec_version': '2.3'}, 'http_version': '1.1', 'server': ('127.0.0.1', 8003), 'client': ('127.0.0.1', 49300), 'scheme': 'http', 'method': 'POST', 'root_path': '', 'path': '/mcp/', 'raw_path': b'/mcp/', 'query_string': b'', 'headers': '<...>', 'state': {}}
2026-04-22 10:05:01,821 [TRACE] uvicorn.asgi: 127.0.0.1:49300 - ASGI [12] Receive {'type': 'http.request', 'body': '<106 bytes>', 'more_body': False}
2026-04-22 10:05:01,822 [TRACE] uvicorn.asgi: 127.0.0.1:49300 - ASGI [12] Send {'type': 'http.response.start', 'status': 200, 'headers': '<...>'}
2026-04-22 10:05:01,822 [INFO] uvicorn.access: 127.0.0.1:49300 - "POST /mcp/ HTTP/1.1" 200
2026-04-22 10:05:01,822 [INFO] mcp.server.lowlevel.server: Processing request of type ReadResourceRequest
2026-04-22 10:05:01,823 [TRACE] uvicorn.asgi: 127.0.0.1:49300 - ASGI [12] Send {'type': 'http.response.body', 'body': '<1233 bytes>', 'more_body': True}
2026-04-22 10:05:01,824 [TRACE] uvicorn.asgi: 127.0.0.1:49300 - ASGI [12] Send {'type': 'http.response.body', 'body': '<0 bytes>', 'more_body': False}
2026-04-22 10:05:01,824 [TRACE] uvicorn.asgi: 127.0.0.1:49300 - ASGI [12] Receive {'type': 'http.disconnect'}
2026-04-22 10:05:01,824 [TRACE] uvicorn.error: 127.0.0.1:49300 - HTTP connection lost
2026-04-22 10:05:01,824 [TRACE] uvicorn.asgi: 127.0.0.1:49300 - ASGI [12] Completed
2026-04-22 10:05:16,660 [TRACE] uvicorn.error: 127.0.0.1:59955 - HTTP connection made
2026-04-22 10:05:16,669 [TRACE] uvicorn.asgi: 127.0.0.1:59955 - ASGI [13] Started scope={'type': 'http', 'asgi': {'version': '3.0', 'spec_version': '2.3'}, 'http_version': '1.1', 'server': ('127.0.0.1', 8003), 'client': ('127.0.0.1', 59955), 'scheme': 'http', 'method': 'POST', 'root_path': '', 'path': '/mcp/', 'raw_path': b'/mcp/', 'query_string': b'', 'headers': '<...>', 'state': {}}
2026-04-22 10:05:16,669 [TRACE] uvicorn.asgi: 127.0.0.1:59955 - ASGI [13] Receive {'type': 'http.request', 'body': '<167 bytes>', 'more_body': False}
2026-04-22 10:05:16,670 [TRACE] uvicorn.asgi: 127.0.0.1:59955 - ASGI [13] Send {'type': 'http.response.start', 'status': 200, 'headers': '<...>'}
2026-04-22 10:05:16,670 [INFO] uvicorn.access: 127.0.0.1:59955 - "POST /mcp/ HTTP/1.1" 200
2026-04-22 10:05:16,670 [INFO] mcp.server.lowlevel.server: Processing request of type GetPromptRequest
2026-04-22 10:05:16,671 [TRACE] uvicorn.asgi: 127.0.0.1:59955 - ASGI [13] Send {'type': 'http.response.body', 'body': '<118 bytes>', 'more_body': True}
2026-04-22 10:05:16,671 [TRACE] uvicorn.asgi: 127.0.0.1:59955 - ASGI [13] Send {'type': 'http.response.body', 'body': '<0 bytes>', 'more_body': False}
2026-04-22 10:05:16,672 [TRACE] uvicorn.asgi: 127.0.0.1:59955 - ASGI [13] Receive {'type': 'http.disconnect'}
2026-04-22 10:05:16,672 [TRACE] uvicorn.error: 127.0.0.1:59955 - HTTP connection lost
2026-04-22 10:05:16,672 [TRACE] uvicorn.asgi: 127.0.0.1:59955 - ASGI [13] Completed
