2026-03-23 12:22:57,054 [INFO] uvicorn.error: Started server process [54718]
2026-03-23 12:22:57,054 [INFO] uvicorn.error: Waiting for application startup.
2026-03-23 12:22:57,054 [TRACE] uvicorn.asgi: ASGI [1] Started scope={'type': 'lifespan', 'asgi': {'version': '3.0', 'spec_version': '2.0'}, 'state': {}}
2026-03-23 12:22:57,054 [TRACE] uvicorn.asgi: ASGI [1] Receive {'type': 'lifespan.startup'}
2026-03-23 12:22:57,056 [INFO] mcp.server.streamable_http_manager: StreamableHTTP session manager started
2026-03-23 12:22:57,056 [TRACE] uvicorn.asgi: ASGI [1] Send {'type': 'lifespan.startup.complete'}
2026-03-23 12:22:57,056 [INFO] uvicorn.error: Application startup complete.
2026-03-23 12:22:57,061 [INFO] uvicorn.error: Uvicorn running on http://localhost:8003 (Press CTRL+C to quit)
2026-03-23 12:23:04,096 [TRACE] uvicorn.error: ::1:54117 - HTTP connection made
2026-03-23 12:23:04,098 [TRACE] uvicorn.asgi: ::1:54117 - ASGI [2] Started scope={'type': 'http', 'asgi': {'version': '3.0', 'spec_version': '2.3'}, 'http_version': '1.1', 'server': ('::1', 8003), 'client': ('::1', 54117), 'scheme': 'http', 'method': 'POST', 'root_path': '', 'path': '/mcp', 'raw_path': b'/mcp', 'query_string': b'', 'headers': '<...>', 'state': {}}
2026-03-23 12:23:04,102 [TRACE] uvicorn.asgi: ::1:54117 - ASGI [2] Send {'type': 'http.response.start', 'status': 307, 'headers': '<...>'}
2026-03-23 12:23:04,102 [INFO] uvicorn.access: ::1:54117 - "POST /mcp HTTP/1.1" 307
2026-03-23 12:23:04,103 [TRACE] uvicorn.asgi: ::1:54117 - ASGI [2] Send {'type': 'http.response.body', 'body': '<0 bytes>'}
2026-03-23 12:23:04,103 [TRACE] uvicorn.asgi: ::1:54117 - ASGI [2] Completed
2026-03-23 12:23:04,106 [TRACE] uvicorn.error: ::1:54117 - HTTP connection lost
2026-03-23 12:23:04,107 [TRACE] uvicorn.error: ::1:54118 - HTTP connection made
2026-03-23 12:23:04,107 [TRACE] uvicorn.asgi: ::1:54118 - ASGI [3] Started scope={'type': 'http', 'asgi': {'version': '3.0', 'spec_version': '2.3'}, 'http_version': '1.1', 'server': ('::1', 8003), 'client': ('::1', 54118), 'scheme': 'http', 'method': 'POST', 'root_path': '', 'path': '/mcp/', 'raw_path': b'/mcp/', 'query_string': b'', 'headers': '<...>', 'state': {}}
2026-03-23 12:23:04,108 [INFO] mcp.server.streamable_http_manager: Created new transport with session ID: 30b4c18d76014146afc9808123697bfd
2026-03-23 12:23:04,109 [TRACE] uvicorn.asgi: ::1:54118 - ASGI [3] Receive {'type': 'http.request', 'body': '<330 bytes>', 'more_body': False}
2026-03-23 12:23:04,110 [TRACE] uvicorn.asgi: ::1:54118 - ASGI [3] Send {'type': 'http.response.start', 'status': 200, 'headers': '<...>'}
2026-03-23 12:23:04,110 [INFO] uvicorn.access: ::1:54118 - "POST /mcp/ HTTP/1.1" 200
2026-03-23 12:23:04,111 [TRACE] uvicorn.asgi: ::1:54118 - ASGI [3] Send {'type': 'http.response.body', 'body': '<431 bytes>', 'more_body': True}
2026-03-23 12:23:04,111 [TRACE] uvicorn.asgi: ::1:54118 - ASGI [3] Send {'type': 'http.response.body', 'body': '<0 bytes>', 'more_body': False}
2026-03-23 12:23:04,111 [TRACE] uvicorn.asgi: ::1:54118 - ASGI [3] Receive {'type': 'http.disconnect'}
2026-03-23 12:23:04,111 [TRACE] uvicorn.asgi: ::1:54118 - ASGI [3] Completed
2026-03-23 12:23:04,121 [TRACE] uvicorn.asgi: ::1:54118 - ASGI [4] Started scope={'type': 'http', 'asgi': {'version': '3.0', 'spec_version': '2.3'}, 'http_version': '1.1', 'server': ('::1', 8003), 'client': ('::1', 54118), 'scheme': 'http', 'method': 'POST', 'root_path': '', 'path': '/mcp', 'raw_path': b'/mcp', 'query_string': b'', 'headers': '<...>', 'state': {}}
2026-03-23 12:23:04,121 [TRACE] uvicorn.asgi: ::1:54118 - ASGI [4] Send {'type': 'http.response.start', 'status': 307, 'headers': '<...>'}
2026-03-23 12:23:04,121 [INFO] uvicorn.access: ::1:54118 - "POST /mcp HTTP/1.1" 307
2026-03-23 12:23:04,122 [TRACE] uvicorn.asgi: ::1:54118 - ASGI [4] Send {'type': 'http.response.body', 'body': '<0 bytes>'}
2026-03-23 12:23:04,122 [TRACE] uvicorn.asgi: ::1:54118 - ASGI [4] Completed
2026-03-23 12:23:04,123 [TRACE] uvicorn.error: ::1:54118 - HTTP connection lost
2026-03-23 12:23:04,123 [TRACE] uvicorn.error: ::1:54119 - HTTP connection made
2026-03-23 12:23:04,125 [TRACE] uvicorn.asgi: ::1:54119 - ASGI [5] Started scope={'type': 'http', 'asgi': {'version': '3.0', 'spec_version': '2.3'}, 'http_version': '1.1', 'server': ('::1', 8003), 'client': ('::1', 54119), 'scheme': 'http', 'method': 'POST', 'root_path': '', 'path': '/mcp/', 'raw_path': b'/mcp/', 'query_string': b'', 'headers': '<...>', 'state': {}}
2026-03-23 12:23:04,125 [TRACE] uvicorn.asgi: ::1:54119 - ASGI [5] Receive {'type': 'http.request', 'body': '<54 bytes>', 'more_body': False}
2026-03-23 12:23:04,125 [TRACE] uvicorn.asgi: ::1:54119 - ASGI [5] Send {'type': 'http.response.start', 'status': <HTTPStatus.ACCEPTED: 202>, 'headers': '<...>'}
2026-03-23 12:23:04,125 [INFO] uvicorn.access: ::1:54119 - "POST /mcp/ HTTP/1.1" 202
2026-03-23 12:23:04,125 [TRACE] uvicorn.asgi: ::1:54119 - ASGI [5] Send {'type': 'http.response.body', 'body': '<0 bytes>'}
2026-03-23 12:23:04,125 [TRACE] uvicorn.asgi: ::1:54119 - ASGI [5] Completed
2026-03-23 12:23:04,127 [TRACE] uvicorn.asgi: ::1:54119 - ASGI [6] Started scope={'type': 'http', 'asgi': {'version': '3.0', 'spec_version': '2.3'}, 'http_version': '1.1', 'server': ('::1', 8003), 'client': ('::1', 54119), 'scheme': 'http', 'method': 'GET', 'root_path': '', 'path': '/mcp', 'raw_path': b'/mcp', 'query_string': b'', 'headers': '<...>', 'state': {}}
2026-03-23 12:23:04,127 [TRACE] uvicorn.asgi: ::1:54119 - ASGI [6] Send {'type': 'http.response.start', 'status': 307, 'headers': '<...>'}
2026-03-23 12:23:04,127 [INFO] uvicorn.access: ::1:54119 - "GET /mcp HTTP/1.1" 307
2026-03-23 12:23:04,127 [TRACE] uvicorn.asgi: ::1:54119 - ASGI [6] Send {'type': 'http.response.body', 'body': '<0 bytes>'}
2026-03-23 12:23:04,127 [TRACE] uvicorn.asgi: ::1:54119 - ASGI [6] Completed
2026-03-23 12:23:04,128 [TRACE] uvicorn.error: ::1:54119 - HTTP connection lost
2026-03-23 12:23:04,128 [TRACE] uvicorn.error: ::1:54120 - HTTP connection made
2026-03-23 12:23:04,128 [TRACE] uvicorn.asgi: ::1:54120 - ASGI [7] Started scope={'type': 'http', 'asgi': {'version': '3.0', 'spec_version': '2.3'}, 'http_version': '1.1', 'server': ('::1', 8003), 'client': ('::1', 54120), 'scheme': 'http', 'method': 'GET', 'root_path': '', 'path': '/mcp/', 'raw_path': b'/mcp/', 'query_string': b'', 'headers': '<...>', 'state': {}}
2026-03-23 12:23:04,129 [TRACE] uvicorn.asgi: ::1:54120 - ASGI [7] Send {'type': 'http.response.start', 'status': 200, 'headers': '<...>'}
2026-03-23 12:23:04,129 [INFO] uvicorn.access: ::1:54120 - "GET /mcp/ HTTP/1.1" 200
2026-03-23 12:23:04,129 [TRACE] uvicorn.asgi: ::1:54120 - ASGI [7] Receive {'type': 'http.request', 'body': '<0 bytes>', 'more_body': False}
2026-03-23 12:23:05,528 [TRACE] uvicorn.error: ::1:54122 - HTTP connection made
2026-03-23 12:23:05,529 [TRACE] uvicorn.asgi: ::1:54122 - ASGI [8] Started scope={'type': 'http', 'asgi': {'version': '3.0', 'spec_version': '2.3'}, 'http_version': '1.1', 'server': ('::1', 8003), 'client': ('::1', 54122), 'scheme': 'http', 'method': 'POST', 'root_path': '', 'path': '/mcp', 'raw_path': b'/mcp', 'query_string': b'', 'headers': '<...>', 'state': {}}
2026-03-23 12:23:05,529 [TRACE] uvicorn.asgi: ::1:54122 - ASGI [8] Send {'type': 'http.response.start', 'status': 307, 'headers': '<...>'}
2026-03-23 12:23:05,529 [INFO] uvicorn.access: ::1:54122 - "POST /mcp HTTP/1.1" 307
2026-03-23 12:23:05,530 [TRACE] uvicorn.asgi: ::1:54122 - ASGI [8] Send {'type': 'http.response.body', 'body': '<0 bytes>'}
2026-03-23 12:23:05,530 [TRACE] uvicorn.asgi: ::1:54122 - ASGI [8] Completed
2026-03-23 12:23:05,531 [TRACE] uvicorn.error: ::1:54122 - HTTP connection lost
2026-03-23 12:23:05,531 [TRACE] uvicorn.error: ::1:54123 - HTTP connection made
2026-03-23 12:23:05,532 [TRACE] uvicorn.asgi: ::1:54123 - ASGI [9] Started scope={'type': 'http', 'asgi': {'version': '3.0', 'spec_version': '2.3'}, 'http_version': '1.1', 'server': ('::1', 8003), 'client': ('::1', 54123), 'scheme': 'http', 'method': 'POST', 'root_path': '', 'path': '/mcp/', 'raw_path': b'/mcp/', 'query_string': b'', 'headers': '<...>', 'state': {}}
2026-03-23 12:23:05,532 [TRACE] uvicorn.asgi: ::1:54123 - ASGI [9] Receive {'type': 'http.request', 'body': '<89 bytes>', 'more_body': False}
2026-03-23 12:23:05,533 [TRACE] uvicorn.asgi: ::1:54123 - ASGI [9] Send {'type': 'http.response.start', 'status': 200, 'headers': '<...>'}
2026-03-23 12:23:05,533 [INFO] uvicorn.access: ::1:54123 - "POST /mcp/ HTTP/1.1" 200
2026-03-23 12:23:05,534 [INFO] mcp.server.lowlevel.server: Processing request of type ListResourcesRequest
2026-03-23 12:23:05,537 [TRACE] uvicorn.asgi: ::1:54123 - ASGI [9] Send {'type': 'http.response.body', 'body': '<623 bytes>', 'more_body': True}
2026-03-23 12:23:05,538 [TRACE] uvicorn.asgi: ::1:54123 - ASGI [9] Send {'type': 'http.response.body', 'body': '<0 bytes>', 'more_body': False}
2026-03-23 12:23:05,538 [TRACE] uvicorn.asgi: ::1:54123 - ASGI [9] Receive {'type': 'http.disconnect'}
2026-03-23 12:23:05,538 [TRACE] uvicorn.asgi: ::1:54123 - ASGI [9] Completed
2026-03-23 12:23:06,570 [TRACE] uvicorn.asgi: ::1:54123 - ASGI [10] Started scope={'type': 'http', 'asgi': {'version': '3.0', 'spec_version': '2.3'}, 'http_version': '1.1', 'server': ('::1', 8003), 'client': ('::1', 54123), 'scheme': 'http', 'method': 'POST', 'root_path': '', 'path': '/mcp', 'raw_path': b'/mcp', 'query_string': b'', 'headers': '<...>', 'state': {}}
2026-03-23 12:23:06,571 [TRACE] uvicorn.asgi: ::1:54123 - ASGI [10] Send {'type': 'http.response.start', 'status': 307, 'headers': '<...>'}
2026-03-23 12:23:06,571 [INFO] uvicorn.access: ::1:54123 - "POST /mcp HTTP/1.1" 307
2026-03-23 12:23:06,571 [TRACE] uvicorn.asgi: ::1:54123 - ASGI [10] Send {'type': 'http.response.body', 'body': '<0 bytes>'}
2026-03-23 12:23:06,572 [TRACE] uvicorn.asgi: ::1:54123 - ASGI [10] Completed
2026-03-23 12:23:06,573 [TRACE] uvicorn.error: ::1:54123 - HTTP connection lost
2026-03-23 12:23:06,574 [TRACE] uvicorn.error: ::1:54125 - HTTP connection made
2026-03-23 12:23:06,574 [TRACE] uvicorn.asgi: ::1:54125 - ASGI [11] Started scope={'type': 'http', 'asgi': {'version': '3.0', 'spec_version': '2.3'}, 'http_version': '1.1', 'server': ('::1', 8003), 'client': ('::1', 54125), 'scheme': 'http', 'method': 'POST', 'root_path': '', 'path': '/mcp/', 'raw_path': b'/mcp/', 'query_string': b'', 'headers': '<...>', 'state': {}}
2026-03-23 12:23:06,575 [TRACE] uvicorn.asgi: ::1:54125 - ASGI [11] Receive {'type': 'http.request', 'body': '<123 bytes>', 'more_body': False}
2026-03-23 12:23:06,575 [TRACE] uvicorn.asgi: ::1:54125 - ASGI [11] Send {'type': 'http.response.start', 'status': 200, 'headers': '<...>'}
2026-03-23 12:23:06,575 [INFO] uvicorn.access: ::1:54125 - "POST /mcp/ HTTP/1.1" 200
2026-03-23 12:23:06,576 [INFO] mcp.server.lowlevel.server: Processing request of type ReadResourceRequest
2026-03-23 12:23:06,587 [TRACE] uvicorn.asgi: ::1:54125 - ASGI [11] Send {'type': 'http.response.body', 'body': '<197 bytes>', 'more_body': True}
2026-03-23 12:23:06,587 [TRACE] uvicorn.asgi: ::1:54125 - ASGI [11] Send {'type': 'http.response.body', 'body': '<0 bytes>', 'more_body': False}
2026-03-23 12:23:06,587 [TRACE] uvicorn.asgi: ::1:54125 - ASGI [11] Receive {'type': 'http.disconnect'}
2026-03-23 12:23:06,588 [TRACE] uvicorn.asgi: ::1:54125 - ASGI [11] Completed
2026-03-23 12:23:11,588 [TRACE] uvicorn.error: ::1:54125 - HTTP connection lost
2026-03-23 12:23:19,130 [TRACE] uvicorn.asgi: ::1:54120 - ASGI [7] Send {'type': 'http.response.body', 'body': '<45 bytes>', 'more_body': True}
2026-03-23 12:23:34,131 [TRACE] uvicorn.asgi: ::1:54120 - ASGI [7] Send {'type': 'http.response.body', 'body': '<45 bytes>', 'more_body': True}
2026-03-23 12:23:49,132 [TRACE] uvicorn.asgi: ::1:54120 - ASGI [7] Send {'type': 'http.response.body', 'body': '<45 bytes>', 'more_body': True}
2026-03-23 12:24:04,134 [TRACE] uvicorn.asgi: ::1:54120 - ASGI [7] Send {'type': 'http.response.body', 'body': '<45 bytes>', 'more_body': True}
2026-03-23 12:24:19,134 [TRACE] uvicorn.asgi: ::1:54120 - ASGI [7] Send {'type': 'http.response.body', 'body': '<45 bytes>', 'more_body': True}
2026-03-23 12:24:34,135 [TRACE] uvicorn.asgi: ::1:54120 - ASGI [7] Send {'type': 'http.response.body', 'body': '<45 bytes>', 'more_body': True}
2026-03-23 12:24:49,136 [TRACE] uvicorn.asgi: ::1:54120 - ASGI [7] Send {'type': 'http.response.body', 'body': '<45 bytes>', 'more_body': True}
2026-03-23 12:25:04,137 [TRACE] uvicorn.asgi: ::1:54120 - ASGI [7] Send {'type': 'http.response.body', 'body': '<45 bytes>', 'more_body': True}
2026-03-23 12:25:19,138 [TRACE] uvicorn.asgi: ::1:54120 - ASGI [7] Send {'type': 'http.response.body', 'body': '<45 bytes>', 'more_body': True}
2026-03-23 12:25:34,139 [TRACE] uvicorn.asgi: ::1:54120 - ASGI [7] Send {'type': 'http.response.body', 'body': '<45 bytes>', 'more_body': True}
2026-03-23 12:25:49,140 [TRACE] uvicorn.asgi: ::1:54120 - ASGI [7] Send {'type': 'http.response.body', 'body': '<45 bytes>', 'more_body': True}
2026-03-23 12:26:04,140 [TRACE] uvicorn.asgi: ::1:54120 - ASGI [7] Send {'type': 'http.response.body', 'body': '<45 bytes>', 'more_body': True}
2026-03-23 12:26:19,141 [TRACE] uvicorn.asgi: ::1:54120 - ASGI [7] Send {'type': 'http.response.body', 'body': '<45 bytes>', 'more_body': True}
2026-03-23 12:26:34,141 [TRACE] uvicorn.asgi: ::1:54120 - ASGI [7] Send {'type': 'http.response.body', 'body': '<45 bytes>', 'more_body': True}
2026-03-23 12:26:49,142 [TRACE] uvicorn.asgi: ::1:54120 - ASGI [7] Send {'type': 'http.response.body', 'body': '<45 bytes>', 'more_body': True}
2026-03-23 12:27:04,143 [TRACE] uvicorn.asgi: ::1:54120 - ASGI [7] Send {'type': 'http.response.body', 'body': '<45 bytes>', 'more_body': True}
2026-03-23 12:27:19,143 [TRACE] uvicorn.asgi: ::1:54120 - ASGI [7] Send {'type': 'http.response.body', 'body': '<45 bytes>', 'more_body': True}
2026-03-23 12:27:34,144 [TRACE] uvicorn.asgi: ::1:54120 - ASGI [7] Send {'type': 'http.response.body', 'body': '<45 bytes>', 'more_body': True}
2026-03-23 12:27:49,145 [TRACE] uvicorn.asgi: ::1:54120 - ASGI [7] Send {'type': 'http.response.body', 'body': '<45 bytes>', 'more_body': True}
2026-03-23 12:28:04,146 [TRACE] uvicorn.asgi: ::1:54120 - ASGI [7] Send {'type': 'http.response.body', 'body': '<45 bytes>', 'more_body': True}
2026-03-23 12:28:19,147 [TRACE] uvicorn.asgi: ::1:54120 - ASGI [7] Send {'type': 'http.response.body', 'body': '<45 bytes>', 'more_body': True}
2026-03-23 12:28:34,148 [TRACE] uvicorn.asgi: ::1:54120 - ASGI [7] Send {'type': 'http.response.body', 'body': '<45 bytes>', 'more_body': True}
2026-03-23 12:28:49,150 [TRACE] uvicorn.asgi: ::1:54120 - ASGI [7] Send {'type': 'http.response.body', 'body': '<45 bytes>', 'more_body': True}
2026-03-23 12:29:04,151 [TRACE] uvicorn.asgi: ::1:54120 - ASGI [7] Send {'type': 'http.response.body', 'body': '<45 bytes>', 'more_body': True}
2026-03-23 12:29:19,151 [TRACE] uvicorn.asgi: ::1:54120 - ASGI [7] Send {'type': 'http.response.body', 'body': '<45 bytes>', 'more_body': True}
2026-03-23 12:29:34,152 [TRACE] uvicorn.asgi: ::1:54120 - ASGI [7] Send {'type': 'http.response.body', 'body': '<45 bytes>', 'more_body': True}
2026-03-23 12:29:49,153 [TRACE] uvicorn.asgi: ::1:54120 - ASGI [7] Send {'type': 'http.response.body', 'body': '<45 bytes>', 'more_body': True}
2026-03-23 12:30:01,439 [INFO] uvicorn.error: Shutting down
2026-03-23 12:30:01,470 [TRACE] uvicorn.asgi: ::1:54120 - ASGI [7] Completed
2026-03-23 12:30:01,470 [ERROR] uvicorn.error: ASGI callable returned without completing response.
2026-03-23 12:30:01,470 [TRACE] uvicorn.error: ::1:54120 - HTTP connection lost
2026-03-23 12:30:01,540 [INFO] uvicorn.error: Waiting for application shutdown.
2026-03-23 12:30:01,540 [TRACE] uvicorn.asgi: ASGI [1] Receive {'type': 'lifespan.shutdown'}
2026-03-23 12:30:01,540 [INFO] mcp.server.streamable_http_manager: StreamableHTTP session manager shutting down
2026-03-23 12:30:01,540 [TRACE] uvicorn.asgi: ASGI [1] Send {'type': 'lifespan.shutdown.complete'}
2026-03-23 12:30:01,540 [TRACE] uvicorn.asgi: ASGI [1] Completed
2026-03-23 12:30:01,541 [INFO] uvicorn.error: Application shutdown complete.
2026-03-23 12:30:01,541 [INFO] uvicorn.error: Finished server process [54718]
2026-03-23 12:32:15,367 [INFO] uvicorn.error: Started server process [58054]
2026-03-23 12:32:15,368 [INFO] uvicorn.error: Waiting for application startup.
2026-03-23 12:32:15,368 [TRACE] uvicorn.asgi: ASGI [1] Started scope={'type': 'lifespan', 'asgi': {'version': '3.0', 'spec_version': '2.0'}, 'state': {}}
2026-03-23 12:32:15,368 [TRACE] uvicorn.asgi: ASGI [1] Receive {'type': 'lifespan.startup'}
2026-03-23 12:32:15,370 [INFO] mcp.server.streamable_http_manager: StreamableHTTP session manager started
2026-03-23 12:32:15,371 [TRACE] uvicorn.asgi: ASGI [1] Send {'type': 'lifespan.startup.complete'}
2026-03-23 12:32:15,371 [INFO] uvicorn.error: Application startup complete.
2026-03-23 12:32:15,373 [INFO] uvicorn.error: Uvicorn running on http://localhost:8003 (Press CTRL+C to quit)
2026-03-23 12:35:10,452 [INFO] uvicorn.error: Shutting down
2026-03-23 12:35:10,554 [INFO] uvicorn.error: Waiting for application shutdown.
2026-03-23 12:35:10,554 [TRACE] uvicorn.asgi: ASGI [1] Receive {'type': 'lifespan.shutdown'}
2026-03-23 12:35:10,554 [INFO] mcp.server.streamable_http_manager: StreamableHTTP session manager shutting down
2026-03-23 12:35:10,555 [TRACE] uvicorn.asgi: ASGI [1] Send {'type': 'lifespan.shutdown.complete'}
2026-03-23 12:35:10,555 [TRACE] uvicorn.asgi: ASGI [1] Completed
2026-03-23 12:35:10,555 [INFO] uvicorn.error: Application shutdown complete.
2026-03-23 12:35:10,555 [INFO] uvicorn.error: Finished server process [58054]
2026-03-23 12:35:13,399 [INFO] uvicorn.error: Started server process [59179]
2026-03-23 12:35:13,399 [INFO] uvicorn.error: Waiting for application startup.
2026-03-23 12:35:13,399 [TRACE] uvicorn.asgi: ASGI [1] Started scope={'type': 'lifespan', 'asgi': {'version': '3.0', 'spec_version': '2.0'}, 'state': {}}
2026-03-23 12:35:13,400 [TRACE] uvicorn.asgi: ASGI [1] Receive {'type': 'lifespan.startup'}
2026-03-23 12:35:13,402 [INFO] mcp.server.streamable_http_manager: StreamableHTTP session manager started
2026-03-23 12:35:13,402 [TRACE] uvicorn.asgi: ASGI [1] Send {'type': 'lifespan.startup.complete'}
2026-03-23 12:35:13,402 [INFO] uvicorn.error: Application startup complete.
2026-03-23 12:35:13,404 [INFO] uvicorn.error: Uvicorn running on http://localhost:8003 (Press CTRL+C to quit)
2026-03-23 12:35:22,150 [TRACE] uvicorn.error: ::1:54244 - HTTP connection made
2026-03-23 12:35:22,150 [TRACE] uvicorn.asgi: ::1:54244 - ASGI [2] Started scope={'type': 'http', 'asgi': {'version': '3.0', 'spec_version': '2.3'}, 'http_version': '1.1', 'server': ('::1', 8003), 'client': ('::1', 54244), 'scheme': 'http', 'method': 'POST', 'root_path': '', 'path': '/mcp', 'raw_path': b'/mcp', 'query_string': b'', 'headers': '<...>', 'state': {}}
2026-03-23 12:35:22,151 [TRACE] uvicorn.asgi: ::1:54244 - ASGI [2] Send {'type': 'http.response.start', 'status': 307, 'headers': '<...>'}
2026-03-23 12:35:22,151 [INFO] uvicorn.access: ::1:54244 - "POST /mcp HTTP/1.1" 307
2026-03-23 12:35:22,151 [TRACE] uvicorn.asgi: ::1:54244 - ASGI [2] Send {'type': 'http.response.body', 'body': '<0 bytes>'}
2026-03-23 12:35:22,151 [TRACE] uvicorn.asgi: ::1:54244 - ASGI [2] Completed
2026-03-23 12:35:22,151 [TRACE] uvicorn.error: ::1:54244 - HTTP connection lost
2026-03-23 12:35:22,152 [TRACE] uvicorn.error: ::1:54245 - HTTP connection made
2026-03-23 12:35:22,152 [TRACE] uvicorn.asgi: ::1:54245 - ASGI [3] Started scope={'type': 'http', 'asgi': {'version': '3.0', 'spec_version': '2.3'}, 'http_version': '1.1', 'server': ('::1', 8003), 'client': ('::1', 54245), 'scheme': 'http', 'method': 'POST', 'root_path': '', 'path': '/mcp/', 'raw_path': b'/mcp/', 'query_string': b'', 'headers': '<...>', 'state': {}}
2026-03-23 12:35:22,153 [TRACE] uvicorn.asgi: ::1:54245 - ASGI [3] Send {'type': 'http.response.start', 'status': <HTTPStatus.NOT_FOUND: 404>, 'headers': '<...>'}
2026-03-23 12:35:22,153 [INFO] uvicorn.access: ::1:54245 - "POST /mcp/ HTTP/1.1" 404
2026-03-23 12:35:22,153 [TRACE] uvicorn.asgi: ::1:54245 - ASGI [3] Send {'type': 'http.response.body', 'body': '<91 bytes>'}
2026-03-23 12:35:22,153 [TRACE] uvicorn.asgi: ::1:54245 - ASGI [3] Completed
2026-03-23 12:35:27,154 [TRACE] uvicorn.error: ::1:54245 - HTTP connection lost
2026-03-23 12:35:48,666 [TRACE] uvicorn.error: ::1:54254 - HTTP connection made
2026-03-23 12:35:48,667 [TRACE] uvicorn.asgi: ::1:54254 - ASGI [4] Started scope={'type': 'http', 'asgi': {'version': '3.0', 'spec_version': '2.3'}, 'http_version': '1.1', 'server': ('::1', 8003), 'client': ('::1', 54254), 'scheme': 'http', 'method': 'POST', 'root_path': '', 'path': '/mcp', 'raw_path': b'/mcp', 'query_string': b'', 'headers': '<...>', 'state': {}}
2026-03-23 12:35:48,667 [TRACE] uvicorn.asgi: ::1:54254 - ASGI [4] Send {'type': 'http.response.start', 'status': 307, 'headers': '<...>'}
2026-03-23 12:35:48,667 [INFO] uvicorn.access: ::1:54254 - "POST /mcp HTTP/1.1" 307
2026-03-23 12:35:48,667 [TRACE] uvicorn.asgi: ::1:54254 - ASGI [4] Send {'type': 'http.response.body', 'body': '<0 bytes>'}
2026-03-23 12:35:48,667 [TRACE] uvicorn.asgi: ::1:54254 - ASGI [4] Completed
2026-03-23 12:35:48,668 [TRACE] uvicorn.error: ::1:54254 - HTTP connection lost
2026-03-23 12:35:48,669 [TRACE] uvicorn.error: ::1:54255 - HTTP connection made
2026-03-23 12:35:48,669 [TRACE] uvicorn.asgi: ::1:54255 - ASGI [5] Started scope={'type': 'http', 'asgi': {'version': '3.0', 'spec_version': '2.3'}, 'http_version': '1.1', 'server': ('::1', 8003), 'client': ('::1', 54255), 'scheme': 'http', 'method': 'POST', 'root_path': '', 'path': '/mcp/', 'raw_path': b'/mcp/', 'query_string': b'', 'headers': '<...>', 'state': {}}
2026-03-23 12:35:48,670 [INFO] mcp.server.streamable_http_manager: Created new transport with session ID: 23b7f174f0e341a2a34ba75437055024
2026-03-23 12:35:48,670 [TRACE] uvicorn.asgi: ::1:54255 - ASGI [5] Receive {'type': 'http.request', 'body': '<330 bytes>', 'more_body': False}
2026-03-23 12:35:48,671 [TRACE] uvicorn.asgi: ::1:54255 - ASGI [5] Send {'type': 'http.response.start', 'status': 200, 'headers': '<...>'}
2026-03-23 12:35:48,671 [INFO] uvicorn.access: ::1:54255 - "POST /mcp/ HTTP/1.1" 200
2026-03-23 12:35:48,671 [TRACE] uvicorn.asgi: ::1:54255 - ASGI [5] Send {'type': 'http.response.body', 'body': '<431 bytes>', 'more_body': True}
2026-03-23 12:35:48,672 [TRACE] uvicorn.asgi: ::1:54255 - ASGI [5] Send {'type': 'http.response.body', 'body': '<0 bytes>', 'more_body': False}
2026-03-23 12:35:48,672 [TRACE] uvicorn.asgi: ::1:54255 - ASGI [5] Receive {'type': 'http.disconnect'}
2026-03-23 12:35:48,672 [TRACE] uvicorn.asgi: ::1:54255 - ASGI [5] Completed
2026-03-23 12:35:48,682 [TRACE] uvicorn.asgi: ::1:54255 - ASGI [6] Started scope={'type': 'http', 'asgi': {'version': '3.0', 'spec_version': '2.3'}, 'http_version': '1.1', 'server': ('::1', 8003), 'client': ('::1', 54255), 'scheme': 'http', 'method': 'POST', 'root_path': '', 'path': '/mcp', 'raw_path': b'/mcp', 'query_string': b'', 'headers': '<...>', 'state': {}}
2026-03-23 12:35:48,682 [TRACE] uvicorn.asgi: ::1:54255 - ASGI [6] Send {'type': 'http.response.start', 'status': 307, 'headers': '<...>'}
2026-03-23 12:35:48,683 [INFO] uvicorn.access: ::1:54255 - "POST /mcp HTTP/1.1" 307
2026-03-23 12:35:48,683 [TRACE] uvicorn.asgi: ::1:54255 - ASGI [6] Send {'type': 'http.response.body', 'body': '<0 bytes>'}
2026-03-23 12:35:48,683 [TRACE] uvicorn.asgi: ::1:54255 - ASGI [6] Completed
2026-03-23 12:35:48,683 [TRACE] uvicorn.error: ::1:54255 - HTTP connection lost
2026-03-23 12:35:48,684 [TRACE] uvicorn.error: ::1:54256 - HTTP connection made
2026-03-23 12:35:48,684 [TRACE] uvicorn.asgi: ::1:54256 - ASGI [7] Started scope={'type': 'http', 'asgi': {'version': '3.0', 'spec_version': '2.3'}, 'http_version': '1.1', 'server': ('::1', 8003), 'client': ('::1', 54256), 'scheme': 'http', 'method': 'POST', 'root_path': '', 'path': '/mcp/', 'raw_path': b'/mcp/', 'query_string': b'', 'headers': '<...>', 'state': {}}
2026-03-23 12:35:48,684 [TRACE] uvicorn.asgi: ::1:54256 - ASGI [7] Receive {'type': 'http.request', 'body': '<54 bytes>', 'more_body': False}
2026-03-23 12:35:48,684 [TRACE] uvicorn.asgi: ::1:54256 - ASGI [7] Send {'type': 'http.response.start', 'status': <HTTPStatus.ACCEPTED: 202>, 'headers': '<...>'}
2026-03-23 12:35:48,684 [INFO] uvicorn.access: ::1:54256 - "POST /mcp/ HTTP/1.1" 202
2026-03-23 12:35:48,684 [TRACE] uvicorn.asgi: ::1:54256 - ASGI [7] Send {'type': 'http.response.body', 'body': '<0 bytes>'}
2026-03-23 12:35:48,684 [TRACE] uvicorn.asgi: ::1:54256 - ASGI [7] Completed
2026-03-23 12:35:48,685 [TRACE] uvicorn.asgi: ::1:54256 - ASGI [8] Started scope={'type': 'http', 'asgi': {'version': '3.0', 'spec_version': '2.3'}, 'http_version': '1.1', 'server': ('::1', 8003), 'client': ('::1', 54256), 'scheme': 'http', 'method': 'GET', 'root_path': '', 'path': '/mcp', 'raw_path': b'/mcp', 'query_string': b'', 'headers': '<...>', 'state': {}}
2026-03-23 12:35:48,685 [TRACE] uvicorn.asgi: ::1:54256 - ASGI [8] Send {'type': 'http.response.start', 'status': 307, 'headers': '<...>'}
2026-03-23 12:35:48,685 [INFO] uvicorn.access: ::1:54256 - "GET /mcp HTTP/1.1" 307
2026-03-23 12:35:48,685 [TRACE] uvicorn.asgi: ::1:54256 - ASGI [8] Send {'type': 'http.response.body', 'body': '<0 bytes>'}
2026-03-23 12:35:48,686 [TRACE] uvicorn.asgi: ::1:54256 - ASGI [8] Completed
2026-03-23 12:35:48,687 [TRACE] uvicorn.error: ::1:54256 - HTTP connection lost
2026-03-23 12:35:48,687 [TRACE] uvicorn.error: ::1:54257 - HTTP connection made
2026-03-23 12:35:48,687 [TRACE] uvicorn.asgi: ::1:54257 - ASGI [9] Started scope={'type': 'http', 'asgi': {'version': '3.0', 'spec_version': '2.3'}, 'http_version': '1.1', 'server': ('::1', 8003), 'client': ('::1', 54257), 'scheme': 'http', 'method': 'GET', 'root_path': '', 'path': '/mcp/', 'raw_path': b'/mcp/', 'query_string': b'', 'headers': '<...>', 'state': {}}
2026-03-23 12:35:48,688 [TRACE] uvicorn.asgi: ::1:54257 - ASGI [9] Send {'type': 'http.response.start', 'status': 200, 'headers': '<...>'}
2026-03-23 12:35:48,688 [INFO] uvicorn.access: ::1:54257 - "GET /mcp/ HTTP/1.1" 200
2026-03-23 12:35:48,688 [TRACE] uvicorn.asgi: ::1:54257 - ASGI [9] Receive {'type': 'http.request', 'body': '<0 bytes>', 'more_body': False}
2026-03-23 12:35:50,043 [TRACE] uvicorn.error: ::1:54259 - HTTP connection made
2026-03-23 12:35:50,043 [TRACE] uvicorn.asgi: ::1:54259 - ASGI [10] Started scope={'type': 'http', 'asgi': {'version': '3.0', 'spec_version': '2.3'}, 'http_version': '1.1', 'server': ('::1', 8003), 'client': ('::1', 54259), 'scheme': 'http', 'method': 'POST', 'root_path': '', 'path': '/mcp', 'raw_path': b'/mcp', 'query_string': b'', 'headers': '<...>', 'state': {}}
2026-03-23 12:35:50,044 [TRACE] uvicorn.asgi: ::1:54259 - ASGI [10] Send {'type': 'http.response.start', 'status': 307, 'headers': '<...>'}
2026-03-23 12:35:50,044 [INFO] uvicorn.access: ::1:54259 - "POST /mcp HTTP/1.1" 307
2026-03-23 12:35:50,044 [TRACE] uvicorn.asgi: ::1:54259 - ASGI [10] Send {'type': 'http.response.body', 'body': '<0 bytes>'}
2026-03-23 12:35:50,044 [TRACE] uvicorn.asgi: ::1:54259 - ASGI [10] Completed
2026-03-23 12:35:50,046 [TRACE] uvicorn.error: ::1:54259 - HTTP connection lost
2026-03-23 12:35:50,047 [TRACE] uvicorn.error: ::1:54260 - HTTP connection made
2026-03-23 12:35:50,048 [TRACE] uvicorn.asgi: ::1:54260 - ASGI [11] Started scope={'type': 'http', 'asgi': {'version': '3.0', 'spec_version': '2.3'}, 'http_version': '1.1', 'server': ('::1', 8003), 'client': ('::1', 54260), 'scheme': 'http', 'method': 'POST', 'root_path': '', 'path': '/mcp/', 'raw_path': b'/mcp/', 'query_string': b'', 'headers': '<...>', 'state': {}}
2026-03-23 12:35:50,048 [TRACE] uvicorn.asgi: ::1:54260 - ASGI [11] Receive {'type': 'http.request', 'body': '<89 bytes>', 'more_body': False}
2026-03-23 12:35:50,048 [TRACE] uvicorn.asgi: ::1:54260 - ASGI [11] Send {'type': 'http.response.start', 'status': 200, 'headers': '<...>'}
2026-03-23 12:35:50,048 [INFO] uvicorn.access: ::1:54260 - "POST /mcp/ HTTP/1.1" 200
2026-03-23 12:35:50,050 [INFO] mcp.server.lowlevel.server: Processing request of type ListResourcesRequest
2026-03-23 12:35:50,051 [TRACE] uvicorn.asgi: ::1:54260 - ASGI [11] Send {'type': 'http.response.body', 'body': '<76 bytes>', 'more_body': True}
2026-03-23 12:35:50,051 [TRACE] uvicorn.asgi: ::1:54260 - ASGI [11] Send {'type': 'http.response.body', 'body': '<0 bytes>', 'more_body': False}
2026-03-23 12:35:50,051 [TRACE] uvicorn.asgi: ::1:54260 - ASGI [11] Receive {'type': 'http.disconnect'}
2026-03-23 12:35:50,052 [TRACE] uvicorn.asgi: ::1:54260 - ASGI [11] Completed
2026-03-23 12:35:52,097 [TRACE] uvicorn.asgi: ::1:54260 - ASGI [12] Started scope={'type': 'http', 'asgi': {'version': '3.0', 'spec_version': '2.3'}, 'http_version': '1.1', 'server': ('::1', 8003), 'client': ('::1', 54260), 'scheme': 'http', 'method': 'POST', 'root_path': '', 'path': '/mcp', 'raw_path': b'/mcp', 'query_string': b'', 'headers': '<...>', 'state': {}}
2026-03-23 12:35:52,097 [TRACE] uvicorn.asgi: ::1:54260 - ASGI [12] Send {'type': 'http.response.start', 'status': 307, 'headers': '<...>'}
2026-03-23 12:35:52,097 [INFO] uvicorn.access: ::1:54260 - "POST /mcp HTTP/1.1" 307
2026-03-23 12:35:52,097 [TRACE] uvicorn.asgi: ::1:54260 - ASGI [12] Send {'type': 'http.response.body', 'body': '<0 bytes>'}
2026-03-23 12:35:52,097 [TRACE] uvicorn.asgi: ::1:54260 - ASGI [12] Completed
2026-03-23 12:35:52,098 [TRACE] uvicorn.error: ::1:54260 - HTTP connection lost
2026-03-23 12:35:52,098 [TRACE] uvicorn.error: ::1:54261 - HTTP connection made
2026-03-23 12:35:52,099 [TRACE] uvicorn.asgi: ::1:54261 - ASGI [13] Started scope={'type': 'http', 'asgi': {'version': '3.0', 'spec_version': '2.3'}, 'http_version': '1.1', 'server': ('::1', 8003), 'client': ('::1', 54261), 'scheme': 'http', 'method': 'POST', 'root_path': '', 'path': '/mcp/', 'raw_path': b'/mcp/', 'query_string': b'', 'headers': '<...>', 'state': {}}
2026-03-23 12:35:52,099 [TRACE] uvicorn.asgi: ::1:54261 - ASGI [13] Receive {'type': 'http.request', 'body': '<89 bytes>', 'more_body': False}
2026-03-23 12:35:52,099 [TRACE] uvicorn.asgi: ::1:54261 - ASGI [13] Send {'type': 'http.response.start', 'status': 200, 'headers': '<...>'}
2026-03-23 12:35:52,099 [INFO] uvicorn.access: ::1:54261 - "POST /mcp/ HTTP/1.1" 200
2026-03-23 12:35:52,100 [INFO] mcp.server.lowlevel.server: Processing request of type ListResourcesRequest
2026-03-23 12:35:52,100 [TRACE] uvicorn.asgi: ::1:54261 - ASGI [13] Send {'type': 'http.response.body', 'body': '<76 bytes>', 'more_body': True}
2026-03-23 12:35:52,100 [TRACE] uvicorn.asgi: ::1:54261 - ASGI [13] Send {'type': 'http.response.body', 'body': '<0 bytes>', 'more_body': False}
2026-03-23 12:35:52,100 [TRACE] uvicorn.asgi: ::1:54261 - ASGI [13] Receive {'type': 'http.disconnect'}
2026-03-23 12:35:52,101 [TRACE] uvicorn.asgi: ::1:54261 - ASGI [13] Completed
2026-03-23 12:35:57,101 [TRACE] uvicorn.error: ::1:54261 - HTTP connection lost
2026-03-23 12:36:01,593 [TRACE] uvicorn.error: ::1:54263 - HTTP connection made
2026-03-23 12:36:01,593 [TRACE] uvicorn.asgi: ::1:54263 - ASGI [14] Started scope={'type': 'http', 'asgi': {'version': '3.0', 'spec_version': '2.3'}, 'http_version': '1.1', 'server': ('::1', 8003), 'client': ('::1', 54263), 'scheme': 'http', 'method': 'POST', 'root_path': '', 'path': '/mcp', 'raw_path': b'/mcp', 'query_string': b'', 'headers': '<...>', 'state': {}}
2026-03-23 12:36:01,593 [TRACE] uvicorn.asgi: ::1:54263 - ASGI [14] Send {'type': 'http.response.start', 'status': 307, 'headers': '<...>'}
2026-03-23 12:36:01,593 [INFO] uvicorn.access: ::1:54263 - "POST /mcp HTTP/1.1" 307
2026-03-23 12:36:01,593 [TRACE] uvicorn.asgi: ::1:54263 - ASGI [14] Send {'type': 'http.response.body', 'body': '<0 bytes>'}
2026-03-23 12:36:01,593 [TRACE] uvicorn.asgi: ::1:54263 - ASGI [14] Completed
2026-03-23 12:36:01,594 [TRACE] uvicorn.error: ::1:54263 - HTTP connection lost
2026-03-23 12:36:01,594 [TRACE] uvicorn.error: ::1:54264 - HTTP connection made
2026-03-23 12:36:01,594 [TRACE] uvicorn.asgi: ::1:54264 - ASGI [15] Started scope={'type': 'http', 'asgi': {'version': '3.0', 'spec_version': '2.3'}, 'http_version': '1.1', 'server': ('::1', 8003), 'client': ('::1', 54264), 'scheme': 'http', 'method': 'POST', 'root_path': '', 'path': '/mcp/', 'raw_path': b'/mcp/', 'query_string': b'', 'headers': '<...>', 'state': {}}
2026-03-23 12:36:01,595 [TRACE] uvicorn.asgi: ::1:54264 - ASGI [15] Receive {'type': 'http.request', 'body': '<85 bytes>', 'more_body': False}
2026-03-23 12:36:01,595 [TRACE] uvicorn.asgi: ::1:54264 - ASGI [15] Send {'type': 'http.response.start', 'status': 200, 'headers': '<...>'}
2026-03-23 12:36:01,595 [INFO] uvicorn.access: ::1:54264 - "POST /mcp/ HTTP/1.1" 200
2026-03-23 12:36:01,595 [INFO] mcp.server.lowlevel.server: Processing request of type ListToolsRequest
2026-03-23 12:36:01,597 [TRACE] uvicorn.asgi: ::1:54264 - ASGI [15] Send {'type': 'http.response.body', 'body': '<2518 bytes>', 'more_body': True}
2026-03-23 12:36:01,597 [TRACE] uvicorn.asgi: ::1:54264 - ASGI [15] Send {'type': 'http.response.body', 'body': '<0 bytes>', 'more_body': False}
2026-03-23 12:36:01,597 [TRACE] uvicorn.asgi: ::1:54264 - ASGI [15] Receive {'type': 'http.disconnect'}
2026-03-23 12:36:01,598 [TRACE] uvicorn.asgi: ::1:54264 - ASGI [15] Completed
2026-03-23 12:36:03,688 [TRACE] uvicorn.asgi: ::1:54257 - ASGI [9] Send {'type': 'http.response.body', 'body': '<45 bytes>', 'more_body': True}
2026-03-23 12:36:06,598 [TRACE] uvicorn.error: ::1:54264 - HTTP connection lost
2026-03-23 12:36:18,689 [TRACE] uvicorn.asgi: ::1:54257 - ASGI [9] Send {'type': 'http.response.body', 'body': '<45 bytes>', 'more_body': True}
2026-03-23 12:36:33,690 [TRACE] uvicorn.asgi: ::1:54257 - ASGI [9] Send {'type': 'http.response.body', 'body': '<45 bytes>', 'more_body': True}
2026-03-23 12:36:48,691 [TRACE] uvicorn.asgi: ::1:54257 - ASGI [9] Send {'type': 'http.response.body', 'body': '<45 bytes>', 'more_body': True}
2026-03-23 12:37:03,692 [TRACE] uvicorn.asgi: ::1:54257 - ASGI [9] Send {'type': 'http.response.body', 'body': '<45 bytes>', 'more_body': True}
2026-03-23 12:37:18,693 [TRACE] uvicorn.asgi: ::1:54257 - ASGI [9] Send {'type': 'http.response.body', 'body': '<45 bytes>', 'more_body': True}
2026-03-23 12:37:33,694 [TRACE] uvicorn.asgi: ::1:54257 - ASGI [9] Send {'type': 'http.response.body', 'body': '<45 bytes>', 'more_body': True}
2026-03-23 12:37:48,694 [TRACE] uvicorn.asgi: ::1:54257 - ASGI [9] Send {'type': 'http.response.body', 'body': '<45 bytes>', 'more_body': True}
2026-03-23 12:38:03,695 [TRACE] uvicorn.asgi: ::1:54257 - ASGI [9] Send {'type': 'http.response.body', 'body': '<45 bytes>', 'more_body': True}
2026-03-23 12:38:17,902 [INFO] uvicorn.error: Shutting down
2026-03-23 12:38:17,975 [TRACE] uvicorn.asgi: ::1:54257 - ASGI [9] Completed
2026-03-23 12:38:17,975 [ERROR] uvicorn.error: ASGI callable returned without completing response.
2026-03-23 12:38:17,975 [TRACE] uvicorn.error: ::1:54257 - HTTP connection lost
2026-03-23 12:38:18,003 [INFO] uvicorn.error: Waiting for application shutdown.
2026-03-23 12:38:18,003 [TRACE] uvicorn.asgi: ASGI [1] Receive {'type': 'lifespan.shutdown'}
2026-03-23 12:38:18,003 [INFO] mcp.server.streamable_http_manager: StreamableHTTP session manager shutting down
2026-03-23 12:38:18,004 [TRACE] uvicorn.asgi: ASGI [1] Send {'type': 'lifespan.shutdown.complete'}
2026-03-23 12:38:18,004 [TRACE] uvicorn.asgi: ASGI [1] Completed
2026-03-23 12:38:18,004 [INFO] uvicorn.error: Application shutdown complete.
2026-03-23 12:38:18,004 [INFO] uvicorn.error: Finished server process [59179]
2026-03-23 12:39:37,203 [INFO] uvicorn.error: Started server process [61318]
2026-03-23 12:39:37,203 [INFO] uvicorn.error: Waiting for application startup.
2026-03-23 12:39:37,203 [TRACE] uvicorn.asgi: ASGI [1] Started scope={'type': 'lifespan', 'asgi': {'version': '3.0', 'spec_version': '2.0'}, 'state': {}}
2026-03-23 12:39:37,203 [TRACE] uvicorn.asgi: ASGI [1] Receive {'type': 'lifespan.startup'}
2026-03-23 12:39:37,206 [INFO] mcp.server.streamable_http_manager: StreamableHTTP session manager started
2026-03-23 12:39:37,206 [TRACE] uvicorn.asgi: ASGI [1] Send {'type': 'lifespan.startup.complete'}
2026-03-23 12:39:37,206 [INFO] uvicorn.error: Application startup complete.
2026-03-23 12:39:37,208 [INFO] uvicorn.error: Uvicorn running on http://localhost:8003 (Press CTRL+C to quit)
2026-03-23 12:39:42,621 [TRACE] uvicorn.error: ::1:54307 - HTTP connection made
2026-03-23 12:39:42,622 [TRACE] uvicorn.asgi: ::1:54307 - ASGI [2] Started scope={'type': 'http', 'asgi': {'version': '3.0', 'spec_version': '2.3'}, 'http_version': '1.1', 'server': ('::1', 8003), 'client': ('::1', 54307), 'scheme': 'http', 'method': 'POST', 'root_path': '', 'path': '/mcp', 'raw_path': b'/mcp', 'query_string': b'', 'headers': '<...>', 'state': {}}
2026-03-23 12:39:42,622 [TRACE] uvicorn.asgi: ::1:54307 - ASGI [2] Send {'type': 'http.response.start', 'status': 307, 'headers': '<...>'}
2026-03-23 12:39:42,622 [INFO] uvicorn.access: ::1:54307 - "POST /mcp HTTP/1.1" 307
2026-03-23 12:39:42,622 [TRACE] uvicorn.asgi: ::1:54307 - ASGI [2] Send {'type': 'http.response.body', 'body': '<0 bytes>'}
2026-03-23 12:39:42,622 [TRACE] uvicorn.asgi: ::1:54307 - ASGI [2] Completed
2026-03-23 12:39:42,623 [TRACE] uvicorn.error: ::1:54307 - HTTP connection lost
2026-03-23 12:39:42,623 [TRACE] uvicorn.error: ::1:54308 - HTTP connection made
2026-03-23 12:39:42,623 [TRACE] uvicorn.asgi: ::1:54308 - ASGI [3] Started scope={'type': 'http', 'asgi': {'version': '3.0', 'spec_version': '2.3'}, 'http_version': '1.1', 'server': ('::1', 8003), 'client': ('::1', 54308), 'scheme': 'http', 'method': 'POST', 'root_path': '', 'path': '/mcp/', 'raw_path': b'/mcp/', 'query_string': b'', 'headers': '<...>', 'state': {}}
2026-03-23 12:39:42,624 [TRACE] uvicorn.asgi: ::1:54308 - ASGI [3] Send {'type': 'http.response.start', 'status': <HTTPStatus.NOT_FOUND: 404>, 'headers': '<...>'}
2026-03-23 12:39:42,624 [INFO] uvicorn.access: ::1:54308 - "POST /mcp/ HTTP/1.1" 404
2026-03-23 12:39:42,624 [TRACE] uvicorn.asgi: ::1:54308 - ASGI [3] Send {'type': 'http.response.body', 'body': '<91 bytes>'}
2026-03-23 12:39:42,624 [TRACE] uvicorn.asgi: ::1:54308 - ASGI [3] Completed
2026-03-23 12:39:47,624 [TRACE] uvicorn.error: ::1:54308 - HTTP connection lost
2026-03-23 12:40:04,304 [TRACE] uvicorn.error: ::1:54321 - HTTP connection made
2026-03-23 12:40:04,304 [TRACE] uvicorn.asgi: ::1:54321 - ASGI [4] Started scope={'type': 'http', 'asgi': {'version': '3.0', 'spec_version': '2.3'}, 'http_version': '1.1', 'server': ('::1', 8003), 'client': ('::1', 54321), 'scheme': 'http', 'method': 'POST', 'root_path': '', 'path': '/mcp', 'raw_path': b'/mcp', 'query_string': b'', 'headers': '<...>', 'state': {}}
2026-03-23 12:40:04,304 [TRACE] uvicorn.asgi: ::1:54321 - ASGI [4] Send {'type': 'http.response.start', 'status': 307, 'headers': '<...>'}
2026-03-23 12:40:04,305 [INFO] uvicorn.access: ::1:54321 - "POST /mcp HTTP/1.1" 307
2026-03-23 12:40:04,305 [TRACE] uvicorn.asgi: ::1:54321 - ASGI [4] Send {'type': 'http.response.body', 'body': '<0 bytes>'}
2026-03-23 12:40:04,305 [TRACE] uvicorn.asgi: ::1:54321 - ASGI [4] Completed
2026-03-23 12:40:04,306 [TRACE] uvicorn.error: ::1:54321 - HTTP connection lost
2026-03-23 12:40:04,307 [TRACE] uvicorn.error: ::1:54322 - HTTP connection made
2026-03-23 12:40:04,307 [TRACE] uvicorn.asgi: ::1:54322 - ASGI [5] Started scope={'type': 'http', 'asgi': {'version': '3.0', 'spec_version': '2.3'}, 'http_version': '1.1', 'server': ('::1', 8003), 'client': ('::1', 54322), 'scheme': 'http', 'method': 'POST', 'root_path': '', 'path': '/mcp/', 'raw_path': b'/mcp/', 'query_string': b'', 'headers': '<...>', 'state': {}}
2026-03-23 12:40:04,307 [INFO] mcp.server.streamable_http_manager: Created new transport with session ID: 260cda52e63847a8aa42d1a89df6d671
2026-03-23 12:40:04,308 [TRACE] uvicorn.asgi: ::1:54322 - ASGI [5] Receive {'type': 'http.request', 'body': '<330 bytes>', 'more_body': False}
2026-03-23 12:40:04,309 [TRACE] uvicorn.asgi: ::1:54322 - ASGI [5] Send {'type': 'http.response.start', 'status': 200, 'headers': '<...>'}
2026-03-23 12:40:04,309 [INFO] uvicorn.access: ::1:54322 - "POST /mcp/ HTTP/1.1" 200
2026-03-23 12:40:04,309 [TRACE] uvicorn.asgi: ::1:54322 - ASGI [5] Send {'type': 'http.response.body', 'body': '<431 bytes>', 'more_body': True}
2026-03-23 12:40:04,309 [TRACE] uvicorn.asgi: ::1:54322 - ASGI [5] Send {'type': 'http.response.body', 'body': '<0 bytes>', 'more_body': False}
2026-03-23 12:40:04,310 [TRACE] uvicorn.asgi: ::1:54322 - ASGI [5] Receive {'type': 'http.disconnect'}
2026-03-23 12:40:04,310 [TRACE] uvicorn.asgi: ::1:54322 - ASGI [5] Completed
2026-03-23 12:40:04,321 [TRACE] uvicorn.asgi: ::1:54322 - ASGI [6] Started scope={'type': 'http', 'asgi': {'version': '3.0', 'spec_version': '2.3'}, 'http_version': '1.1', 'server': ('::1', 8003), 'client': ('::1', 54322), 'scheme': 'http', 'method': 'POST', 'root_path': '', 'path': '/mcp', 'raw_path': b'/mcp', 'query_string': b'', 'headers': '<...>', 'state': {}}
2026-03-23 12:40:04,321 [TRACE] uvicorn.asgi: ::1:54322 - ASGI [6] Send {'type': 'http.response.start', 'status': 307, 'headers': '<...>'}
2026-03-23 12:40:04,321 [INFO] uvicorn.access: ::1:54322 - "POST /mcp HTTP/1.1" 307
2026-03-23 12:40:04,321 [TRACE] uvicorn.asgi: ::1:54322 - ASGI [6] Send {'type': 'http.response.body', 'body': '<0 bytes>'}
2026-03-23 12:40:04,321 [TRACE] uvicorn.asgi: ::1:54322 - ASGI [6] Completed
2026-03-23 12:40:04,322 [TRACE] uvicorn.error: ::1:54322 - HTTP connection lost
2026-03-23 12:40:04,322 [TRACE] uvicorn.error: ::1:54323 - HTTP connection made
2026-03-23 12:40:04,322 [TRACE] uvicorn.asgi: ::1:54323 - ASGI [7] Started scope={'type': 'http', 'asgi': {'version': '3.0', 'spec_version': '2.3'}, 'http_version': '1.1', 'server': ('::1', 8003), 'client': ('::1', 54323), 'scheme': 'http', 'method': 'POST', 'root_path': '', 'path': '/mcp/', 'raw_path': b'/mcp/', 'query_string': b'', 'headers': '<...>', 'state': {}}
2026-03-23 12:40:04,322 [TRACE] uvicorn.asgi: ::1:54323 - ASGI [7] Receive {'type': 'http.request', 'body': '<54 bytes>', 'more_body': False}
2026-03-23 12:40:04,323 [TRACE] uvicorn.asgi: ::1:54323 - ASGI [7] Send {'type': 'http.response.start', 'status': <HTTPStatus.ACCEPTED: 202>, 'headers': '<...>'}
2026-03-23 12:40:04,323 [INFO] uvicorn.access: ::1:54323 - "POST /mcp/ HTTP/1.1" 202
2026-03-23 12:40:04,323 [TRACE] uvicorn.asgi: ::1:54323 - ASGI [7] Send {'type': 'http.response.body', 'body': '<0 bytes>'}
2026-03-23 12:40:04,323 [TRACE] uvicorn.asgi: ::1:54323 - ASGI [7] Completed
2026-03-23 12:40:04,324 [TRACE] uvicorn.asgi: ::1:54323 - ASGI [8] Started scope={'type': 'http', 'asgi': {'version': '3.0', 'spec_version': '2.3'}, 'http_version': '1.1', 'server': ('::1', 8003), 'client': ('::1', 54323), 'scheme': 'http', 'method': 'GET', 'root_path': '', 'path': '/mcp', 'raw_path': b'/mcp', 'query_string': b'', 'headers': '<...>', 'state': {}}
2026-03-23 12:40:04,324 [TRACE] uvicorn.asgi: ::1:54323 - ASGI [8] Send {'type': 'http.response.start', 'status': 307, 'headers': '<...>'}
2026-03-23 12:40:04,324 [INFO] uvicorn.access: ::1:54323 - "GET /mcp HTTP/1.1" 307
2026-03-23 12:40:04,324 [TRACE] uvicorn.asgi: ::1:54323 - ASGI [8] Send {'type': 'http.response.body', 'body': '<0 bytes>'}
2026-03-23 12:40:04,324 [TRACE] uvicorn.asgi: ::1:54323 - ASGI [8] Completed
2026-03-23 12:40:04,325 [TRACE] uvicorn.error: ::1:54323 - HTTP connection lost
2026-03-23 12:40:04,325 [TRACE] uvicorn.error: ::1:54324 - HTTP connection made
2026-03-23 12:40:04,325 [TRACE] uvicorn.asgi: ::1:54324 - ASGI [9] Started scope={'type': 'http', 'asgi': {'version': '3.0', 'spec_version': '2.3'}, 'http_version': '1.1', 'server': ('::1', 8003), 'client': ('::1', 54324), 'scheme': 'http', 'method': 'GET', 'root_path': '', 'path': '/mcp/', 'raw_path': b'/mcp/', 'query_string': b'', 'headers': '<...>', 'state': {}}
2026-03-23 12:40:04,325 [TRACE] uvicorn.asgi: ::1:54324 - ASGI [9] Send {'type': 'http.response.start', 'status': 200, 'headers': '<...>'}
2026-03-23 12:40:04,325 [INFO] uvicorn.access: ::1:54324 - "GET /mcp/ HTTP/1.1" 200
2026-03-23 12:40:04,326 [TRACE] uvicorn.asgi: ::1:54324 - ASGI [9] Receive {'type': 'http.request', 'body': '<0 bytes>', 'more_body': False}
2026-03-23 12:40:05,871 [TRACE] uvicorn.error: ::1:54326 - HTTP connection made
2026-03-23 12:40:05,871 [TRACE] uvicorn.asgi: ::1:54326 - ASGI [10] Started scope={'type': 'http', 'asgi': {'version': '3.0', 'spec_version': '2.3'}, 'http_version': '1.1', 'server': ('::1', 8003), 'client': ('::1', 54326), 'scheme': 'http', 'method': 'POST', 'root_path': '', 'path': '/mcp', 'raw_path': b'/mcp', 'query_string': b'', 'headers': '<...>', 'state': {}}
2026-03-23 12:40:05,872 [TRACE] uvicorn.asgi: ::1:54326 - ASGI [10] Send {'type': 'http.response.start', 'status': 307, 'headers': '<...>'}
2026-03-23 12:40:05,872 [INFO] uvicorn.access: ::1:54326 - "POST /mcp HTTP/1.1" 307
2026-03-23 12:40:05,872 [TRACE] uvicorn.asgi: ::1:54326 - ASGI [10] Send {'type': 'http.response.body', 'body': '<0 bytes>'}
2026-03-23 12:40:05,872 [TRACE] uvicorn.asgi: ::1:54326 - ASGI [10] Completed
2026-03-23 12:40:05,872 [TRACE] uvicorn.error: ::1:54326 - HTTP connection lost
2026-03-23 12:40:05,873 [TRACE] uvicorn.error: ::1:54327 - HTTP connection made
2026-03-23 12:40:05,873 [TRACE] uvicorn.asgi: ::1:54327 - ASGI [11] Started scope={'type': 'http', 'asgi': {'version': '3.0', 'spec_version': '2.3'}, 'http_version': '1.1', 'server': ('::1', 8003), 'client': ('::1', 54327), 'scheme': 'http', 'method': 'POST', 'root_path': '', 'path': '/mcp/', 'raw_path': b'/mcp/', 'query_string': b'', 'headers': '<...>', 'state': {}}
2026-03-23 12:40:05,873 [TRACE] uvicorn.asgi: ::1:54327 - ASGI [11] Receive {'type': 'http.request', 'body': '<89 bytes>', 'more_body': False}
2026-03-23 12:40:05,874 [TRACE] uvicorn.asgi: ::1:54327 - ASGI [11] Send {'type': 'http.response.start', 'status': 200, 'headers': '<...>'}
2026-03-23 12:40:05,874 [INFO] uvicorn.access: ::1:54327 - "POST /mcp/ HTTP/1.1" 200
2026-03-23 12:40:05,875 [INFO] mcp.server.lowlevel.server: Processing request of type ListResourcesRequest
2026-03-23 12:40:05,876 [TRACE] uvicorn.asgi: ::1:54327 - ASGI [11] Send {'type': 'http.response.body', 'body': '<358 bytes>', 'more_body': True}
2026-03-23 12:40:05,876 [TRACE] uvicorn.asgi: ::1:54327 - ASGI [11] Send {'type': 'http.response.body', 'body': '<0 bytes>', 'more_body': False}
2026-03-23 12:40:05,876 [TRACE] uvicorn.asgi: ::1:54327 - ASGI [11] Receive {'type': 'http.disconnect'}
2026-03-23 12:40:05,876 [TRACE] uvicorn.asgi: ::1:54327 - ASGI [11] Completed
2026-03-23 12:40:08,065 [TRACE] uvicorn.asgi: ::1:54327 - ASGI [12] Started scope={'type': 'http', 'asgi': {'version': '3.0', 'spec_version': '2.3'}, 'http_version': '1.1', 'server': ('::1', 8003), 'client': ('::1', 54327), 'scheme': 'http', 'method': 'POST', 'root_path': '', 'path': '/mcp', 'raw_path': b'/mcp', 'query_string': b'', 'headers': '<...>', 'state': {}}
2026-03-23 12:40:08,066 [TRACE] uvicorn.asgi: ::1:54327 - ASGI [12] Send {'type': 'http.response.start', 'status': 307, 'headers': '<...>'}
2026-03-23 12:40:08,066 [INFO] uvicorn.access: ::1:54327 - "POST /mcp HTTP/1.1" 307
2026-03-23 12:40:08,066 [TRACE] uvicorn.asgi: ::1:54327 - ASGI [12] Send {'type': 'http.response.body', 'body': '<0 bytes>'}
2026-03-23 12:40:08,066 [TRACE] uvicorn.asgi: ::1:54327 - ASGI [12] Completed
2026-03-23 12:40:08,066 [TRACE] uvicorn.error: ::1:54327 - HTTP connection lost
2026-03-23 12:40:08,067 [TRACE] uvicorn.error: ::1:54328 - HTTP connection made
2026-03-23 12:40:08,067 [TRACE] uvicorn.asgi: ::1:54328 - ASGI [13] Started scope={'type': 'http', 'asgi': {'version': '3.0', 'spec_version': '2.3'}, 'http_version': '1.1', 'server': ('::1', 8003), 'client': ('::1', 54328), 'scheme': 'http', 'method': 'POST', 'root_path': '', 'path': '/mcp/', 'raw_path': b'/mcp/', 'query_string': b'', 'headers': '<...>', 'state': {}}
2026-03-23 12:40:08,067 [TRACE] uvicorn.asgi: ::1:54328 - ASGI [13] Receive {'type': 'http.request', 'body': '<133 bytes>', 'more_body': False}
2026-03-23 12:40:08,068 [TRACE] uvicorn.asgi: ::1:54328 - ASGI [13] Send {'type': 'http.response.start', 'status': 200, 'headers': '<...>'}
2026-03-23 12:40:08,068 [INFO] uvicorn.access: ::1:54328 - "POST /mcp/ HTTP/1.1" 200
2026-03-23 12:40:08,068 [INFO] mcp.server.lowlevel.server: Processing request of type ReadResourceRequest
2026-03-23 12:40:08,071 [TRACE] uvicorn.asgi: ::1:54328 - ASGI [13] Send {'type': 'http.response.body', 'body': '<1232 bytes>', 'more_body': True}
2026-03-23 12:40:08,071 [TRACE] uvicorn.asgi: ::1:54328 - ASGI [13] Send {'type': 'http.response.body', 'body': '<0 bytes>', 'more_body': False}
2026-03-23 12:40:08,071 [TRACE] uvicorn.asgi: ::1:54328 - ASGI [13] Receive {'type': 'http.disconnect'}
2026-03-23 12:40:08,072 [TRACE] uvicorn.asgi: ::1:54328 - ASGI [13] Completed
2026-03-23 12:40:13,072 [TRACE] uvicorn.error: ::1:54328 - HTTP connection lost
2026-03-23 12:40:19,327 [TRACE] uvicorn.asgi: ::1:54324 - ASGI [9] Send {'type': 'http.response.body', 'body': '<45 bytes>', 'more_body': True}
2026-03-23 12:40:34,327 [TRACE] uvicorn.asgi: ::1:54324 - ASGI [9] Send {'type': 'http.response.body', 'body': '<45 bytes>', 'more_body': True}
2026-03-23 12:40:49,328 [TRACE] uvicorn.asgi: ::1:54324 - ASGI [9] Send {'type': 'http.response.body', 'body': '<45 bytes>', 'more_body': True}
2026-03-23 12:40:58,997 [TRACE] uvicorn.error: ::1:54497 - HTTP connection made
2026-03-23 12:40:58,998 [TRACE] uvicorn.asgi: ::1:54497 - ASGI [14] Started scope={'type': 'http', 'asgi': {'version': '3.0', 'spec_version': '2.3'}, 'http_version': '1.1', 'server': ('::1', 8003), 'client': ('::1', 54497), 'scheme': 'http', 'method': 'POST', 'root_path': '', 'path': '/mcp', 'raw_path': b'/mcp', 'query_string': b'', 'headers': '<...>', 'state': {}}
2026-03-23 12:40:58,998 [TRACE] uvicorn.asgi: ::1:54497 - ASGI [14] Send {'type': 'http.response.start', 'status': 307, 'headers': '<...>'}
2026-03-23 12:40:58,998 [INFO] uvicorn.access: ::1:54497 - "POST /mcp HTTP/1.1" 307
2026-03-23 12:40:58,998 [TRACE] uvicorn.asgi: ::1:54497 - ASGI [14] Send {'type': 'http.response.body', 'body': '<0 bytes>'}
2026-03-23 12:40:58,998 [TRACE] uvicorn.asgi: ::1:54497 - ASGI [14] Completed
2026-03-23 12:40:58,999 [TRACE] uvicorn.error: ::1:54497 - HTTP connection lost
2026-03-23 12:40:58,999 [TRACE] uvicorn.error: ::1:54498 - HTTP connection made
2026-03-23 12:40:58,999 [TRACE] uvicorn.asgi: ::1:54498 - ASGI [15] Started scope={'type': 'http', 'asgi': {'version': '3.0', 'spec_version': '2.3'}, 'http_version': '1.1', 'server': ('::1', 8003), 'client': ('::1', 54498), 'scheme': 'http', 'method': 'POST', 'root_path': '', 'path': '/mcp/', 'raw_path': b'/mcp/', 'query_string': b'', 'headers': '<...>', 'state': {}}
2026-03-23 12:40:58,999 [TRACE] uvicorn.asgi: ::1:54498 - ASGI [15] Receive {'type': 'http.request', 'body': '<89 bytes>', 'more_body': False}
2026-03-23 12:40:59,000 [TRACE] uvicorn.asgi: ::1:54498 - ASGI [15] Send {'type': 'http.response.start', 'status': 200, 'headers': '<...>'}
2026-03-23 12:40:59,000 [INFO] uvicorn.access: ::1:54498 - "POST /mcp/ HTTP/1.1" 200
2026-03-23 12:40:59,001 [INFO] mcp.server.lowlevel.server: Processing request of type ListResourcesRequest
2026-03-23 12:40:59,002 [TRACE] uvicorn.asgi: ::1:54498 - ASGI [15] Send {'type': 'http.response.body', 'body': '<358 bytes>', 'more_body': True}
2026-03-23 12:40:59,002 [TRACE] uvicorn.asgi: ::1:54498 - ASGI [15] Send {'type': 'http.response.body', 'body': '<0 bytes>', 'more_body': False}
2026-03-23 12:40:59,002 [TRACE] uvicorn.asgi: ::1:54498 - ASGI [15] Receive {'type': 'http.disconnect'}
2026-03-23 12:40:59,003 [TRACE] uvicorn.asgi: ::1:54498 - ASGI [15] Completed
2026-03-23 12:41:04,003 [TRACE] uvicorn.error: ::1:54498 - HTTP connection lost
2026-03-23 12:41:04,330 [TRACE] uvicorn.asgi: ::1:54324 - ASGI [9] Send {'type': 'http.response.body', 'body': '<45 bytes>', 'more_body': True}
2026-03-23 12:41:19,331 [TRACE] uvicorn.asgi: ::1:54324 - ASGI [9] Send {'type': 'http.response.body', 'body': '<45 bytes>', 'more_body': True}
2026-03-23 12:41:34,332 [TRACE] uvicorn.asgi: ::1:54324 - ASGI [9] Send {'type': 'http.response.body', 'body': '<45 bytes>', 'more_body': True}
2026-03-23 12:41:44,275 [TRACE] uvicorn.error: ::1:54680 - HTTP connection made
2026-03-23 12:41:44,275 [TRACE] uvicorn.asgi: ::1:54680 - ASGI [16] Started scope={'type': 'http', 'asgi': {'version': '3.0', 'spec_version': '2.3'}, 'http_version': '1.1', 'server': ('::1', 8003), 'client': ('::1', 54680), 'scheme': 'http', 'method': 'POST', 'root_path': '', 'path': '/mcp', 'raw_path': b'/mcp', 'query_string': b'', 'headers': '<...>', 'state': {}}
2026-03-23 12:41:44,275 [TRACE] uvicorn.asgi: ::1:54680 - ASGI [16] Send {'type': 'http.response.start', 'status': 307, 'headers': '<...>'}
2026-03-23 12:41:44,275 [INFO] uvicorn.access: ::1:54680 - "POST /mcp HTTP/1.1" 307
2026-03-23 12:41:44,275 [TRACE] uvicorn.asgi: ::1:54680 - ASGI [16] Send {'type': 'http.response.body', 'body': '<0 bytes>'}
2026-03-23 12:41:44,275 [TRACE] uvicorn.asgi: ::1:54680 - ASGI [16] Completed
2026-03-23 12:41:44,276 [TRACE] uvicorn.error: ::1:54680 - HTTP connection lost
2026-03-23 12:41:44,277 [TRACE] uvicorn.error: ::1:54681 - HTTP connection made
2026-03-23 12:41:44,277 [TRACE] uvicorn.asgi: ::1:54681 - ASGI [17] Started scope={'type': 'http', 'asgi': {'version': '3.0', 'spec_version': '2.3'}, 'http_version': '1.1', 'server': ('::1', 8003), 'client': ('::1', 54681), 'scheme': 'http', 'method': 'POST', 'root_path': '', 'path': '/mcp/', 'raw_path': b'/mcp/', 'query_string': b'', 'headers': '<...>', 'state': {}}
2026-03-23 12:41:44,277 [TRACE] uvicorn.asgi: ::1:54681 - ASGI [17] Receive {'type': 'http.request', 'body': '<89 bytes>', 'more_body': False}
2026-03-23 12:41:44,277 [TRACE] uvicorn.asgi: ::1:54681 - ASGI [17] Send {'type': 'http.response.start', 'status': 200, 'headers': '<...>'}
2026-03-23 12:41:44,278 [INFO] uvicorn.access: ::1:54681 - "POST /mcp/ HTTP/1.1" 200
2026-03-23 12:41:44,278 [INFO] mcp.server.lowlevel.server: Processing request of type ListResourcesRequest
2026-03-23 12:41:44,280 [TRACE] uvicorn.asgi: ::1:54681 - ASGI [17] Send {'type': 'http.response.body', 'body': '<358 bytes>', 'more_body': True}
2026-03-23 12:41:44,280 [TRACE] uvicorn.asgi: ::1:54681 - ASGI [17] Send {'type': 'http.response.body', 'body': '<0 bytes>', 'more_body': False}
2026-03-23 12:41:44,281 [TRACE] uvicorn.asgi: ::1:54681 - ASGI [17] Receive {'type': 'http.disconnect'}
2026-03-23 12:41:44,281 [TRACE] uvicorn.asgi: ::1:54681 - ASGI [17] Completed
2026-03-23 12:41:49,282 [TRACE] uvicorn.error: ::1:54681 - HTTP connection lost
2026-03-23 12:41:49,334 [TRACE] uvicorn.asgi: ::1:54324 - ASGI [9] Send {'type': 'http.response.body', 'body': '<45 bytes>', 'more_body': True}
2026-03-23 12:42:04,335 [TRACE] uvicorn.asgi: ::1:54324 - ASGI [9] Send {'type': 'http.response.body', 'body': '<45 bytes>', 'more_body': True}
2026-03-23 12:42:19,337 [TRACE] uvicorn.asgi: ::1:54324 - ASGI [9] Send {'type': 'http.response.body', 'body': '<45 bytes>', 'more_body': True}
2026-03-23 12:42:34,339 [TRACE] uvicorn.asgi: ::1:54324 - ASGI [9] Send {'type': 'http.response.body', 'body': '<45 bytes>', 'more_body': True}
2026-03-23 12:42:49,340 [TRACE] uvicorn.asgi: ::1:54324 - ASGI [9] Send {'type': 'http.response.body', 'body': '<45 bytes>', 'more_body': True}
2026-03-23 12:43:04,035 [TRACE] uvicorn.error: ::1:55000 - HTTP connection made
2026-03-23 12:43:04,036 [TRACE] uvicorn.asgi: ::1:55000 - ASGI [18] Started scope={'type': 'http', 'asgi': {'version': '3.0', 'spec_version': '2.3'}, 'http_version': '1.1', 'server': ('::1', 8003), 'client': ('::1', 55000), 'scheme': 'http', 'method': 'POST', 'root_path': '', 'path': '/mcp', 'raw_path': b'/mcp', 'query_string': b'', 'headers': '<...>', 'state': {}}
2026-03-23 12:43:04,036 [TRACE] uvicorn.asgi: ::1:55000 - ASGI [18] Send {'type': 'http.response.start', 'status': 307, 'headers': '<...>'}
2026-03-23 12:43:04,036 [INFO] uvicorn.access: ::1:55000 - "POST /mcp HTTP/1.1" 307
2026-03-23 12:43:04,036 [TRACE] uvicorn.asgi: ::1:55000 - ASGI [18] Send {'type': 'http.response.body', 'body': '<0 bytes>'}
2026-03-23 12:43:04,037 [TRACE] uvicorn.asgi: ::1:55000 - ASGI [18] Completed
2026-03-23 12:43:04,037 [TRACE] uvicorn.error: ::1:55000 - HTTP connection lost
2026-03-23 12:43:04,038 [TRACE] uvicorn.error: ::1:55001 - HTTP connection made
2026-03-23 12:43:04,038 [TRACE] uvicorn.asgi: ::1:55001 - ASGI [19] Started scope={'type': 'http', 'asgi': {'version': '3.0', 'spec_version': '2.3'}, 'http_version': '1.1', 'server': ('::1', 8003), 'client': ('::1', 55001), 'scheme': 'http', 'method': 'POST', 'root_path': '', 'path': '/mcp/', 'raw_path': b'/mcp/', 'query_string': b'', 'headers': '<...>', 'state': {}}
2026-03-23 12:43:04,038 [TRACE] uvicorn.asgi: ::1:55001 - ASGI [19] Receive {'type': 'http.request', 'body': '<89 bytes>', 'more_body': False}
2026-03-23 12:43:04,038 [TRACE] uvicorn.asgi: ::1:55001 - ASGI [19] Send {'type': 'http.response.start', 'status': 200, 'headers': '<...>'}
2026-03-23 12:43:04,038 [INFO] uvicorn.access: ::1:55001 - "POST /mcp/ HTTP/1.1" 200
2026-03-23 12:43:04,039 [INFO] mcp.server.lowlevel.server: Processing request of type ListResourcesRequest
2026-03-23 12:43:04,040 [TRACE] uvicorn.asgi: ::1:55001 - ASGI [19] Send {'type': 'http.response.body', 'body': '<358 bytes>', 'more_body': True}
2026-03-23 12:43:04,040 [TRACE] uvicorn.asgi: ::1:55001 - ASGI [19] Send {'type': 'http.response.body', 'body': '<0 bytes>', 'more_body': False}
2026-03-23 12:43:04,040 [TRACE] uvicorn.asgi: ::1:55001 - ASGI [19] Receive {'type': 'http.disconnect'}
2026-03-23 12:43:04,041 [TRACE] uvicorn.asgi: ::1:55001 - ASGI [19] Completed
2026-03-23 12:43:04,341 [TRACE] uvicorn.asgi: ::1:54324 - ASGI [9] Send {'type': 'http.response.body', 'body': '<45 bytes>', 'more_body': True}
2026-03-23 12:43:09,041 [TRACE] uvicorn.error: ::1:55001 - HTTP connection lost
2026-03-23 12:43:19,342 [TRACE] uvicorn.asgi: ::1:54324 - ASGI [9] Send {'type': 'http.response.body', 'body': '<45 bytes>', 'more_body': True}
2026-03-23 12:43:34,344 [TRACE] uvicorn.asgi: ::1:54324 - ASGI [9] Send {'type': 'http.response.body', 'body': '<45 bytes>', 'more_body': True}
2026-03-23 12:43:49,345 [TRACE] uvicorn.asgi: ::1:54324 - ASGI [9] Send {'type': 'http.response.body', 'body': '<45 bytes>', 'more_body': True}
2026-03-23 12:44:04,346 [TRACE] uvicorn.asgi: ::1:54324 - ASGI [9] Send {'type': 'http.response.body', 'body': '<45 bytes>', 'more_body': True}
2026-03-23 12:44:19,346 [TRACE] uvicorn.asgi: ::1:54324 - ASGI [9] Send {'type': 'http.response.body', 'body': '<45 bytes>', 'more_body': True}
2026-03-23 12:44:34,347 [TRACE] uvicorn.asgi: ::1:54324 - ASGI [9] Send {'type': 'http.response.body', 'body': '<45 bytes>', 'more_body': True}
2026-03-23 12:44:49,348 [TRACE] uvicorn.asgi: ::1:54324 - ASGI [9] Send {'type': 'http.response.body', 'body': '<45 bytes>', 'more_body': True}
2026-03-23 12:45:04,349 [TRACE] uvicorn.asgi: ::1:54324 - ASGI [9] Send {'type': 'http.response.body', 'body': '<45 bytes>', 'more_body': True}
2026-03-23 12:45:19,351 [TRACE] uvicorn.asgi: ::1:54324 - ASGI [9] Send {'type': 'http.response.body', 'body': '<45 bytes>', 'more_body': True}
2026-03-23 12:45:34,353 [TRACE] uvicorn.asgi: ::1:54324 - ASGI [9] Send {'type': 'http.response.body', 'body': '<45 bytes>', 'more_body': True}
2026-03-23 12:45:49,355 [TRACE] uvicorn.asgi: ::1:54324 - ASGI [9] Send {'type': 'http.response.body', 'body': '<45 bytes>', 'more_body': True}
2026-03-23 12:46:04,356 [TRACE] uvicorn.asgi: ::1:54324 - ASGI [9] Send {'type': 'http.response.body', 'body': '<45 bytes>', 'more_body': True}
2026-03-23 12:46:19,357 [TRACE] uvicorn.asgi: ::1:54324 - ASGI [9] Send {'type': 'http.response.body', 'body': '<45 bytes>', 'more_body': True}
2026-03-23 12:46:34,358 [TRACE] uvicorn.asgi: ::1:54324 - ASGI [9] Send {'type': 'http.response.body', 'body': '<45 bytes>', 'more_body': True}
2026-03-23 12:46:49,359 [TRACE] uvicorn.asgi: ::1:54324 - ASGI [9] Send {'type': 'http.response.body', 'body': '<45 bytes>', 'more_body': True}
2026-03-23 12:47:04,360 [TRACE] uvicorn.asgi: ::1:54324 - ASGI [9] Send {'type': 'http.response.body', 'body': '<45 bytes>', 'more_body': True}
2026-03-23 12:47:19,360 [TRACE] uvicorn.asgi: ::1:54324 - ASGI [9] Send {'type': 'http.response.body', 'body': '<45 bytes>', 'more_body': True}
2026-03-23 12:47:34,360 [TRACE] uvicorn.asgi: ::1:54324 - ASGI [9] Send {'type': 'http.response.body', 'body': '<45 bytes>', 'more_body': True}
2026-03-23 12:47:49,361 [TRACE] uvicorn.asgi: ::1:54324 - ASGI [9] Send {'type': 'http.response.body', 'body': '<45 bytes>', 'more_body': True}
2026-03-23 12:48:04,362 [TRACE] uvicorn.asgi: ::1:54324 - ASGI [9] Send {'type': 'http.response.body', 'body': '<45 bytes>', 'more_body': True}
2026-03-23 12:48:19,363 [TRACE] uvicorn.asgi: ::1:54324 - ASGI [9] Send {'type': 'http.response.body', 'body': '<45 bytes>', 'more_body': True}
2026-03-23 12:48:34,364 [TRACE] uvicorn.asgi: ::1:54324 - ASGI [9] Send {'type': 'http.response.body', 'body': '<45 bytes>', 'more_body': True}
2026-03-23 12:48:49,365 [TRACE] uvicorn.asgi: ::1:54324 - ASGI [9] Send {'type': 'http.response.body', 'body': '<45 bytes>', 'more_body': True}
2026-03-23 12:49:04,366 [TRACE] uvicorn.asgi: ::1:54324 - ASGI [9] Send {'type': 'http.response.body', 'body': '<45 bytes>', 'more_body': True}
2026-03-23 12:49:19,367 [TRACE] uvicorn.asgi: ::1:54324 - ASGI [9] Send {'type': 'http.response.body', 'body': '<45 bytes>', 'more_body': True}
2026-03-23 12:49:34,368 [TRACE] uvicorn.asgi: ::1:54324 - ASGI [9] Send {'type': 'http.response.body', 'body': '<45 bytes>', 'more_body': True}
2026-03-23 12:49:49,369 [TRACE] uvicorn.asgi: ::1:54324 - ASGI [9] Send {'type': 'http.response.body', 'body': '<45 bytes>', 'more_body': True}
2026-03-23 12:50:04,370 [TRACE] uvicorn.asgi: ::1:54324 - ASGI [9] Send {'type': 'http.response.body', 'body': '<45 bytes>', 'more_body': True}
2026-03-23 12:50:19,371 [TRACE] uvicorn.asgi: ::1:54324 - ASGI [9] Send {'type': 'http.response.body', 'body': '<45 bytes>', 'more_body': True}
2026-03-23 12:50:34,372 [TRACE] uvicorn.asgi: ::1:54324 - ASGI [9] Send {'type': 'http.response.body', 'body': '<45 bytes>', 'more_body': True}
2026-03-23 12:50:38,982 [TRACE] uvicorn.error: ::1:56879 - HTTP connection made
2026-03-23 12:50:38,982 [TRACE] uvicorn.asgi: ::1:56879 - ASGI [20] Started scope={'type': 'http', 'asgi': {'version': '3.0', 'spec_version': '2.3'}, 'http_version': '1.1', 'server': ('::1', 8003), 'client': ('::1', 56879), 'scheme': 'http', 'method': 'POST', 'root_path': '', 'path': '/mcp/', 'raw_path': b'/mcp/', 'query_string': b'', 'headers': '<...>', 'state': {}}
2026-03-23 12:50:38,982 [INFO] mcp.server.streamable_http_manager: Created new transport with session ID: 3ec0b8f16b35473bab5ba2e5a0efb627
2026-03-23 12:50:38,983 [TRACE] uvicorn.asgi: ::1:56879 - ASGI [20] Receive {'type': 'http.request', 'body': '<151 bytes>', 'more_body': False}
2026-03-23 12:50:38,984 [TRACE] uvicorn.asgi: ::1:56879 - ASGI [20] Send {'type': 'http.response.start', 'status': 200, 'headers': '<...>'}
2026-03-23 12:50:38,984 [INFO] uvicorn.access: ::1:56879 - "POST /mcp/ HTTP/1.1" 200
2026-03-23 12:50:38,984 [TRACE] uvicorn.asgi: ::1:56879 - ASGI [20] Send {'type': 'http.response.body', 'body': '<431 bytes>', 'more_body': True}
2026-03-23 12:50:38,984 [TRACE] uvicorn.asgi: ::1:56879 - ASGI [20] Send {'type': 'http.response.body', 'body': '<0 bytes>', 'more_body': False}
2026-03-23 12:50:38,984 [TRACE] uvicorn.asgi: ::1:56879 - ASGI [20] Receive {'type': 'http.disconnect'}
2026-03-23 12:50:38,984 [TRACE] uvicorn.error: ::1:56879 - HTTP connection lost
2026-03-23 12:50:38,985 [TRACE] uvicorn.asgi: ::1:56879 - ASGI [20] Completed
2026-03-23 12:50:49,373 [TRACE] uvicorn.asgi: ::1:54324 - ASGI [9] Send {'type': 'http.response.body', 'body': '<45 bytes>', 'more_body': True}
2026-03-23 12:51:04,374 [TRACE] uvicorn.asgi: ::1:54324 - ASGI [9] Send {'type': 'http.response.body', 'body': '<45 bytes>', 'more_body': True}
2026-03-23 12:51:16,707 [TRACE] uvicorn.error: ::1:57033 - HTTP connection made
2026-03-23 12:51:16,709 [TRACE] uvicorn.asgi: ::1:57033 - ASGI [21] Started scope={'type': 'http', 'asgi': {'version': '3.0', 'spec_version': '2.3'}, 'http_version': '1.1', 'server': ('::1', 8003), 'client': ('::1', 57033), 'scheme': 'http', 'method': 'POST', 'root_path': '', 'path': '/mcp/', 'raw_path': b'/mcp/', 'query_string': b'', 'headers': '<...>', 'state': {}}
2026-03-23 12:51:16,709 [INFO] mcp.server.streamable_http_manager: Created new transport with session ID: 7ba7fe91bea048caac1d3f6f466c26ce
2026-03-23 12:51:16,710 [TRACE] uvicorn.asgi: ::1:57033 - ASGI [21] Receive {'type': 'http.request', 'body': '<151 bytes>', 'more_body': False}
2026-03-23 12:51:16,711 [TRACE] uvicorn.asgi: ::1:57033 - ASGI [21] Send {'type': 'http.response.start', 'status': 200, 'headers': '<...>'}
2026-03-23 12:51:16,711 [INFO] uvicorn.access: ::1:57033 - "POST /mcp/ HTTP/1.1" 200
2026-03-23 12:51:16,713 [TRACE] uvicorn.asgi: ::1:57033 - ASGI [21] Send {'type': 'http.response.body', 'body': '<431 bytes>', 'more_body': True}
2026-03-23 12:51:16,714 [TRACE] uvicorn.asgi: ::1:57033 - ASGI [21] Send {'type': 'http.response.body', 'body': '<0 bytes>', 'more_body': False}
2026-03-23 12:51:16,715 [TRACE] uvicorn.asgi: ::1:57033 - ASGI [21] Receive {'type': 'http.disconnect'}
2026-03-23 12:51:16,716 [TRACE] uvicorn.error: ::1:57033 - HTTP connection lost
2026-03-23 12:51:16,716 [TRACE] uvicorn.asgi: ::1:57033 - ASGI [21] Completed
2026-03-23 12:51:19,376 [TRACE] uvicorn.asgi: ::1:54324 - ASGI [9] Send {'type': 'http.response.body', 'body': '<45 bytes>', 'more_body': True}
2026-03-23 12:51:28,453 [TRACE] uvicorn.error: ::1:57082 - HTTP connection made
2026-03-23 12:51:28,453 [TRACE] uvicorn.asgi: ::1:57082 - ASGI [22] Started scope={'type': 'http', 'asgi': {'version': '3.0', 'spec_version': '2.3'}, 'http_version': '1.1', 'server': ('::1', 8003), 'client': ('::1', 57082), 'scheme': 'http', 'method': 'POST', 'root_path': '', 'path': '/mcp/', 'raw_path': b'/mcp/', 'query_string': b'', 'headers': '<...>', 'state': {}}
2026-03-23 12:51:28,453 [TRACE] uvicorn.asgi: ::1:57082 - ASGI [22] Receive {'type': 'http.request', 'body': '<62 bytes>', 'more_body': False}
2026-03-23 12:51:28,453 [TRACE] uvicorn.asgi: ::1:57082 - ASGI [22] Send {'type': 'http.response.start', 'status': 200, 'headers': '<...>'}
2026-03-23 12:51:28,453 [INFO] uvicorn.access: ::1:57082 - "POST /mcp/ HTTP/1.1" 200
2026-03-23 12:51:28,454 [INFO] mcp.server.lowlevel.server: Processing request of type ListResourcesRequest
2026-03-23 12:51:28,454 [TRACE] uvicorn.asgi: ::1:57082 - ASGI [22] Send {'type': 'http.response.body', 'body': '<358 bytes>', 'more_body': True}
2026-03-23 12:51:28,455 [TRACE] uvicorn.asgi: ::1:57082 - ASGI [22] Send {'type': 'http.response.body', 'body': '<0 bytes>', 'more_body': False}
2026-03-23 12:51:28,455 [TRACE] uvicorn.asgi: ::1:57082 - ASGI [22] Receive {'type': 'http.disconnect'}
2026-03-23 12:51:28,455 [TRACE] uvicorn.error: ::1:57082 - HTTP connection lost
2026-03-23 12:51:28,455 [TRACE] uvicorn.asgi: ::1:57082 - ASGI [22] Completed
2026-03-23 12:51:34,377 [TRACE] uvicorn.asgi: ::1:54324 - ASGI [9] Send {'type': 'http.response.body', 'body': '<45 bytes>', 'more_body': True}
2026-03-23 12:51:38,075 [TRACE] uvicorn.error: ::1:57119 - HTTP connection made
2026-03-23 12:51:38,075 [TRACE] uvicorn.asgi: ::1:57119 - ASGI [23] Started scope={'type': 'http', 'asgi': {'version': '3.0', 'spec_version': '2.3'}, 'http_version': '1.1', 'server': ('::1', 8003), 'client': ('::1', 57119), 'scheme': 'http', 'method': 'POST', 'root_path': '', 'path': '/mcp/', 'raw_path': b'/mcp/', 'query_string': b'', 'headers': '<...>', 'state': {}}
2026-03-23 12:51:38,076 [TRACE] uvicorn.asgi: ::1:57119 - ASGI [23] Receive {'type': 'http.request', 'body': '<105 bytes>', 'more_body': False}
2026-03-23 12:51:38,076 [TRACE] uvicorn.asgi: ::1:57119 - ASGI [23] Send {'type': 'http.response.start', 'status': 200, 'headers': '<...>'}
2026-03-23 12:51:38,076 [INFO] uvicorn.access: ::1:57119 - "POST /mcp/ HTTP/1.1" 200
2026-03-23 12:51:38,076 [INFO] mcp.server.lowlevel.server: Processing request of type ReadResourceRequest
2026-03-23 12:51:38,077 [TRACE] uvicorn.asgi: ::1:57119 - ASGI [23] Send {'type': 'http.response.body', 'body': '<1232 bytes>', 'more_body': True}
2026-03-23 12:51:38,077 [TRACE] uvicorn.asgi: ::1:57119 - ASGI [23] Send {'type': 'http.response.body', 'body': '<0 bytes>', 'more_body': False}
2026-03-23 12:51:38,077 [TRACE] uvicorn.asgi: ::1:57119 - ASGI [23] Receive {'type': 'http.disconnect'}
2026-03-23 12:51:38,078 [TRACE] uvicorn.error: ::1:57119 - HTTP connection lost
2026-03-23 12:51:38,078 [TRACE] uvicorn.asgi: ::1:57119 - ASGI [23] Completed
2026-03-23 12:51:49,377 [TRACE] uvicorn.asgi: ::1:54324 - ASGI [9] Send {'type': 'http.response.body', 'body': '<45 bytes>', 'more_body': True}
2026-03-23 12:51:59,782 [INFO] uvicorn.error: Shutting down
2026-03-23 12:51:59,809 [TRACE] uvicorn.asgi: ::1:54324 - ASGI [9] Completed
2026-03-23 12:51:59,809 [ERROR] uvicorn.error: ASGI callable returned without completing response.
2026-03-23 12:51:59,809 [TRACE] uvicorn.error: ::1:54324 - HTTP connection lost
2026-03-23 12:51:59,883 [INFO] uvicorn.error: Waiting for application shutdown.
2026-03-23 12:51:59,884 [TRACE] uvicorn.asgi: ASGI [1] Receive {'type': 'lifespan.shutdown'}
2026-03-23 12:51:59,885 [INFO] mcp.server.streamable_http_manager: StreamableHTTP session manager shutting down
2026-03-23 12:51:59,888 [TRACE] uvicorn.asgi: ASGI [1] Send {'type': 'lifespan.shutdown.complete'}
2026-03-23 12:51:59,888 [TRACE] uvicorn.asgi: ASGI [1] Completed
2026-03-23 12:51:59,889 [INFO] uvicorn.error: Application shutdown complete.
2026-03-23 12:51:59,889 [INFO] uvicorn.error: Finished server process [61318]
2026-03-23 14:31:10,492 [INFO] uvicorn.error: Started server process [97120]
2026-03-23 14:31:10,492 [INFO] uvicorn.error: Waiting for application startup.
2026-03-23 14:31:10,492 [TRACE] uvicorn.asgi: ASGI [1] Started scope={'type': 'lifespan', 'asgi': {'version': '3.0', 'spec_version': '2.0'}, 'state': {}}
2026-03-23 14:31:10,492 [TRACE] uvicorn.asgi: ASGI [1] Receive {'type': 'lifespan.startup'}
2026-03-23 14:31:10,494 [INFO] mcp.server.streamable_http_manager: StreamableHTTP session manager started
2026-03-23 14:31:10,495 [TRACE] uvicorn.asgi: ASGI [1] Send {'type': 'lifespan.startup.complete'}
2026-03-23 14:31:10,495 [INFO] uvicorn.error: Application startup complete.
2026-03-23 14:31:10,497 [INFO] uvicorn.error: Uvicorn running on http://localhost:8003 (Press CTRL+C to quit)
2026-03-23 14:31:31,491 [TRACE] uvicorn.error: ::1:58431 - HTTP connection made
2026-03-23 14:31:31,492 [TRACE] uvicorn.asgi: ::1:58431 - ASGI [2] Started scope={'type': 'http', 'asgi': {'version': '3.0', 'spec_version': '2.3'}, 'http_version': '1.1', 'server': ('::1', 8003), 'client': ('::1', 58431), 'scheme': 'http', 'method': 'POST', 'root_path': '', 'path': '/mcp', 'raw_path': b'/mcp', 'query_string': b'', 'headers': '<...>', 'state': {}}
2026-03-23 14:31:31,492 [TRACE] uvicorn.asgi: ::1:58431 - ASGI [2] Send {'type': 'http.response.start', 'status': 307, 'headers': '<...>'}
2026-03-23 14:31:31,492 [INFO] uvicorn.access: ::1:58431 - "POST /mcp HTTP/1.1" 307
2026-03-23 14:31:31,492 [TRACE] uvicorn.asgi: ::1:58431 - ASGI [2] Send {'type': 'http.response.body', 'body': '<0 bytes>'}
2026-03-23 14:31:31,492 [TRACE] uvicorn.asgi: ::1:58431 - ASGI [2] Completed
2026-03-23 14:31:31,494 [TRACE] uvicorn.error: ::1:58431 - HTTP connection lost
2026-03-23 14:31:31,495 [TRACE] uvicorn.error: ::1:58432 - HTTP connection made
2026-03-23 14:31:31,495 [TRACE] uvicorn.asgi: ::1:58432 - ASGI [3] Started scope={'type': 'http', 'asgi': {'version': '3.0', 'spec_version': '2.3'}, 'http_version': '1.1', 'server': ('::1', 8003), 'client': ('::1', 58432), 'scheme': 'http', 'method': 'POST', 'root_path': '', 'path': '/mcp/', 'raw_path': b'/mcp/', 'query_string': b'', 'headers': '<...>', 'state': {}}
2026-03-23 14:31:31,496 [INFO] mcp.server.streamable_http_manager: Created new transport with session ID: 271926443d8f42139c98703839e11bae
2026-03-23 14:31:31,496 [TRACE] uvicorn.asgi: ::1:58432 - ASGI [3] Receive {'type': 'http.request', 'body': '<330 bytes>', 'more_body': False}
2026-03-23 14:31:31,497 [TRACE] uvicorn.asgi: ::1:58432 - ASGI [3] Send {'type': 'http.response.start', 'status': 200, 'headers': '<...>'}
2026-03-23 14:31:31,497 [INFO] uvicorn.access: ::1:58432 - "POST /mcp/ HTTP/1.1" 200
2026-03-23 14:31:31,498 [TRACE] uvicorn.asgi: ::1:58432 - ASGI [3] Send {'type': 'http.response.body', 'body': '<431 bytes>', 'more_body': True}
2026-03-23 14:31:31,498 [TRACE] uvicorn.asgi: ::1:58432 - ASGI [3] Send {'type': 'http.response.body', 'body': '<0 bytes>', 'more_body': False}
2026-03-23 14:31:31,498 [TRACE] uvicorn.asgi: ::1:58432 - ASGI [3] Receive {'type': 'http.disconnect'}
2026-03-23 14:31:31,498 [TRACE] uvicorn.asgi: ::1:58432 - ASGI [3] Completed
2026-03-23 14:31:31,508 [TRACE] uvicorn.asgi: ::1:58432 - ASGI [4] Started scope={'type': 'http', 'asgi': {'version': '3.0', 'spec_version': '2.3'}, 'http_version': '1.1', 'server': ('::1', 8003), 'client': ('::1', 58432), 'scheme': 'http', 'method': 'POST', 'root_path': '', 'path': '/mcp', 'raw_path': b'/mcp', 'query_string': b'', 'headers': '<...>', 'state': {}}
2026-03-23 14:31:31,509 [TRACE] uvicorn.asgi: ::1:58432 - ASGI [4] Send {'type': 'http.response.start', 'status': 307, 'headers': '<...>'}
2026-03-23 14:31:31,509 [INFO] uvicorn.access: ::1:58432 - "POST /mcp HTTP/1.1" 307
2026-03-23 14:31:31,509 [TRACE] uvicorn.asgi: ::1:58432 - ASGI [4] Send {'type': 'http.response.body', 'body': '<0 bytes>'}
2026-03-23 14:31:31,509 [TRACE] uvicorn.asgi: ::1:58432 - ASGI [4] Completed
2026-03-23 14:31:31,509 [TRACE] uvicorn.error: ::1:58432 - HTTP connection lost
2026-03-23 14:31:31,510 [TRACE] uvicorn.error: ::1:58433 - HTTP connection made
2026-03-23 14:31:31,511 [TRACE] uvicorn.asgi: ::1:58433 - ASGI [5] Started scope={'type': 'http', 'asgi': {'version': '3.0', 'spec_version': '2.3'}, 'http_version': '1.1', 'server': ('::1', 8003), 'client': ('::1', 58433), 'scheme': 'http', 'method': 'POST', 'root_path': '', 'path': '/mcp/', 'raw_path': b'/mcp/', 'query_string': b'', 'headers': '<...>', 'state': {}}
2026-03-23 14:31:31,511 [TRACE] uvicorn.asgi: ::1:58433 - ASGI [5] Receive {'type': 'http.request', 'body': '<54 bytes>', 'more_body': False}
2026-03-23 14:31:31,511 [TRACE] uvicorn.asgi: ::1:58433 - ASGI [5] Send {'type': 'http.response.start', 'status': <HTTPStatus.ACCEPTED: 202>, 'headers': '<...>'}
2026-03-23 14:31:31,511 [INFO] uvicorn.access: ::1:58433 - "POST /mcp/ HTTP/1.1" 202
2026-03-23 14:31:31,511 [TRACE] uvicorn.asgi: ::1:58433 - ASGI [5] Send {'type': 'http.response.body', 'body': '<0 bytes>'}
2026-03-23 14:31:31,511 [TRACE] uvicorn.asgi: ::1:58433 - ASGI [5] Completed
2026-03-23 14:31:31,512 [TRACE] uvicorn.asgi: ::1:58433 - ASGI [6] Started scope={'type': 'http', 'asgi': {'version': '3.0', 'spec_version': '2.3'}, 'http_version': '1.1', 'server': ('::1', 8003), 'client': ('::1', 58433), 'scheme': 'http', 'method': 'GET', 'root_path': '', 'path': '/mcp', 'raw_path': b'/mcp', 'query_string': b'', 'headers': '<...>', 'state': {}}
2026-03-23 14:31:31,512 [TRACE] uvicorn.asgi: ::1:58433 - ASGI [6] Send {'type': 'http.response.start', 'status': 307, 'headers': '<...>'}
2026-03-23 14:31:31,512 [INFO] uvicorn.access: ::1:58433 - "GET /mcp HTTP/1.1" 307
2026-03-23 14:31:31,512 [TRACE] uvicorn.asgi: ::1:58433 - ASGI [6] Send {'type': 'http.response.body', 'body': '<0 bytes>'}
2026-03-23 14:31:31,512 [TRACE] uvicorn.asgi: ::1:58433 - ASGI [6] Completed
2026-03-23 14:31:31,513 [TRACE] uvicorn.error: ::1:58433 - HTTP connection lost
2026-03-23 14:31:31,513 [TRACE] uvicorn.error: ::1:58434 - HTTP connection made
2026-03-23 14:31:31,513 [TRACE] uvicorn.asgi: ::1:58434 - ASGI [7] Started scope={'type': 'http', 'asgi': {'version': '3.0', 'spec_version': '2.3'}, 'http_version': '1.1', 'server': ('::1', 8003), 'client': ('::1', 58434), 'scheme': 'http', 'method': 'GET', 'root_path': '', 'path': '/mcp/', 'raw_path': b'/mcp/', 'query_string': b'', 'headers': '<...>', 'state': {}}
2026-03-23 14:31:31,514 [TRACE] uvicorn.asgi: ::1:58434 - ASGI [7] Send {'type': 'http.response.start', 'status': 200, 'headers': '<...>'}
2026-03-23 14:31:31,514 [INFO] uvicorn.access: ::1:58434 - "GET /mcp/ HTTP/1.1" 200
2026-03-23 14:31:31,514 [TRACE] uvicorn.asgi: ::1:58434 - ASGI [7] Receive {'type': 'http.request', 'body': '<0 bytes>', 'more_body': False}
2026-03-23 14:31:33,165 [TRACE] uvicorn.error: ::1:58437 - HTTP connection made
2026-03-23 14:31:33,165 [TRACE] uvicorn.asgi: ::1:58437 - ASGI [8] Started scope={'type': 'http', 'asgi': {'version': '3.0', 'spec_version': '2.3'}, 'http_version': '1.1', 'server': ('::1', 8003), 'client': ('::1', 58437), 'scheme': 'http', 'method': 'POST', 'root_path': '', 'path': '/mcp', 'raw_path': b'/mcp', 'query_string': b'', 'headers': '<...>', 'state': {}}
2026-03-23 14:31:33,165 [TRACE] uvicorn.asgi: ::1:58437 - ASGI [8] Send {'type': 'http.response.start', 'status': 307, 'headers': '<...>'}
2026-03-23 14:31:33,166 [INFO] uvicorn.access: ::1:58437 - "POST /mcp HTTP/1.1" 307
2026-03-23 14:31:33,166 [TRACE] uvicorn.asgi: ::1:58437 - ASGI [8] Send {'type': 'http.response.body', 'body': '<0 bytes>'}
2026-03-23 14:31:33,166 [TRACE] uvicorn.asgi: ::1:58437 - ASGI [8] Completed
2026-03-23 14:31:33,166 [TRACE] uvicorn.error: ::1:58437 - HTTP connection lost
2026-03-23 14:31:33,167 [TRACE] uvicorn.error: ::1:58438 - HTTP connection made
2026-03-23 14:31:33,167 [TRACE] uvicorn.asgi: ::1:58438 - ASGI [9] Started scope={'type': 'http', 'asgi': {'version': '3.0', 'spec_version': '2.3'}, 'http_version': '1.1', 'server': ('::1', 8003), 'client': ('::1', 58438), 'scheme': 'http', 'method': 'POST', 'root_path': '', 'path': '/mcp/', 'raw_path': b'/mcp/', 'query_string': b'', 'headers': '<...>', 'state': {}}
2026-03-23 14:31:33,167 [TRACE] uvicorn.asgi: ::1:58438 - ASGI [9] Receive {'type': 'http.request', 'body': '<89 bytes>', 'more_body': False}
2026-03-23 14:31:33,168 [TRACE] uvicorn.asgi: ::1:58438 - ASGI [9] Send {'type': 'http.response.start', 'status': 200, 'headers': '<...>'}
2026-03-23 14:31:33,168 [INFO] uvicorn.access: ::1:58438 - "POST /mcp/ HTTP/1.1" 200
2026-03-23 14:31:33,168 [INFO] mcp.server.lowlevel.server: Processing request of type ListResourcesRequest
2026-03-23 14:31:33,170 [TRACE] uvicorn.asgi: ::1:58438 - ASGI [9] Send {'type': 'http.response.body', 'body': '<358 bytes>', 'more_body': True}
2026-03-23 14:31:33,170 [TRACE] uvicorn.asgi: ::1:58438 - ASGI [9] Send {'type': 'http.response.body', 'body': '<0 bytes>', 'more_body': False}
2026-03-23 14:31:33,170 [TRACE] uvicorn.asgi: ::1:58438 - ASGI [9] Receive {'type': 'http.disconnect'}
2026-03-23 14:31:33,170 [TRACE] uvicorn.asgi: ::1:58438 - ASGI [9] Completed
2026-03-23 14:31:35,213 [TRACE] uvicorn.asgi: ::1:58438 - ASGI [10] Started scope={'type': 'http', 'asgi': {'version': '3.0', 'spec_version': '2.3'}, 'http_version': '1.1', 'server': ('::1', 8003), 'client': ('::1', 58438), 'scheme': 'http', 'method': 'POST', 'root_path': '', 'path': '/mcp', 'raw_path': b'/mcp', 'query_string': b'', 'headers': '<...>', 'state': {}}
2026-03-23 14:31:35,213 [TRACE] uvicorn.asgi: ::1:58438 - ASGI [10] Send {'type': 'http.response.start', 'status': 307, 'headers': '<...>'}
2026-03-23 14:31:35,213 [INFO] uvicorn.access: ::1:58438 - "POST /mcp HTTP/1.1" 307
2026-03-23 14:31:35,213 [TRACE] uvicorn.asgi: ::1:58438 - ASGI [10] Send {'type': 'http.response.body', 'body': '<0 bytes>'}
2026-03-23 14:31:35,213 [TRACE] uvicorn.asgi: ::1:58438 - ASGI [10] Completed
2026-03-23 14:31:35,214 [TRACE] uvicorn.error: ::1:58438 - HTTP connection lost
2026-03-23 14:31:35,215 [TRACE] uvicorn.error: ::1:58439 - HTTP connection made
2026-03-23 14:31:35,215 [TRACE] uvicorn.asgi: ::1:58439 - ASGI [11] Started scope={'type': 'http', 'asgi': {'version': '3.0', 'spec_version': '2.3'}, 'http_version': '1.1', 'server': ('::1', 8003), 'client': ('::1', 58439), 'scheme': 'http', 'method': 'POST', 'root_path': '', 'path': '/mcp/', 'raw_path': b'/mcp/', 'query_string': b'', 'headers': '<...>', 'state': {}}
2026-03-23 14:31:35,215 [TRACE] uvicorn.asgi: ::1:58439 - ASGI [11] Receive {'type': 'http.request', 'body': '<99 bytes>', 'more_body': False}
2026-03-23 14:31:35,215 [TRACE] uvicorn.asgi: ::1:58439 - ASGI [11] Send {'type': 'http.response.start', 'status': 200, 'headers': '<...>'}
2026-03-23 14:31:35,215 [INFO] uvicorn.access: ::1:58439 - "POST /mcp/ HTTP/1.1" 200
2026-03-23 14:31:35,216 [INFO] mcp.server.lowlevel.server: Processing request of type ListResourceTemplatesRequest
2026-03-23 14:31:35,216 [TRACE] uvicorn.asgi: ::1:58439 - ASGI [11] Send {'type': 'http.response.body', 'body': '<258 bytes>', 'more_body': True}
2026-03-23 14:31:35,216 [TRACE] uvicorn.asgi: ::1:58439 - ASGI [11] Send {'type': 'http.response.body', 'body': '<0 bytes>', 'more_body': False}
2026-03-23 14:31:35,216 [TRACE] uvicorn.asgi: ::1:58439 - ASGI [11] Receive {'type': 'http.disconnect'}
2026-03-23 14:31:35,217 [TRACE] uvicorn.asgi: ::1:58439 - ASGI [11] Completed
2026-03-23 14:31:40,217 [TRACE] uvicorn.error: ::1:58439 - HTTP connection lost
2026-03-23 14:31:46,515 [TRACE] uvicorn.asgi: ::1:58434 - ASGI [7] Send {'type': 'http.response.body', 'body': '<45 bytes>', 'more_body': True}
2026-03-23 14:31:55,550 [TRACE] uvicorn.error: ::1:58442 - HTTP connection made
2026-03-23 14:31:55,551 [TRACE] uvicorn.asgi: ::1:58442 - ASGI [12] Started scope={'type': 'http', 'asgi': {'version': '3.0', 'spec_version': '2.3'}, 'http_version': '1.1', 'server': ('::1', 8003), 'client': ('::1', 58442), 'scheme': 'http', 'method': 'POST', 'root_path': '', 'path': '/mcp', 'raw_path': b'/mcp', 'query_string': b'', 'headers': '<...>', 'state': {}}
2026-03-23 14:31:55,551 [TRACE] uvicorn.asgi: ::1:58442 - ASGI [12] Send {'type': 'http.response.start', 'status': 307, 'headers': '<...>'}
2026-03-23 14:31:55,551 [INFO] uvicorn.access: ::1:58442 - "POST /mcp HTTP/1.1" 307
2026-03-23 14:31:55,551 [TRACE] uvicorn.asgi: ::1:58442 - ASGI [12] Send {'type': 'http.response.body', 'body': '<0 bytes>'}
2026-03-23 14:31:55,551 [TRACE] uvicorn.asgi: ::1:58442 - ASGI [12] Completed
2026-03-23 14:31:55,551 [TRACE] uvicorn.error: ::1:58442 - HTTP connection lost
2026-03-23 14:31:55,552 [TRACE] uvicorn.error: ::1:58443 - HTTP connection made
2026-03-23 14:31:55,552 [TRACE] uvicorn.asgi: ::1:58443 - ASGI [13] Started scope={'type': 'http', 'asgi': {'version': '3.0', 'spec_version': '2.3'}, 'http_version': '1.1', 'server': ('::1', 8003), 'client': ('::1', 58443), 'scheme': 'http', 'method': 'POST', 'root_path': '', 'path': '/mcp/', 'raw_path': b'/mcp/', 'query_string': b'', 'headers': '<...>', 'state': {}}
2026-03-23 14:31:55,552 [TRACE] uvicorn.asgi: ::1:58443 - ASGI [13] Receive {'type': 'http.request', 'body': '<133 bytes>', 'more_body': False}
2026-03-23 14:31:55,552 [TRACE] uvicorn.asgi: ::1:58443 - ASGI [13] Send {'type': 'http.response.start', 'status': 200, 'headers': '<...>'}
2026-03-23 14:31:55,552 [INFO] uvicorn.access: ::1:58443 - "POST /mcp/ HTTP/1.1" 200
2026-03-23 14:31:55,553 [INFO] mcp.server.lowlevel.server: Processing request of type ReadResourceRequest
2026-03-23 14:31:55,558 [TRACE] uvicorn.asgi: ::1:58443 - ASGI [13] Send {'type': 'http.response.body', 'body': '<1232 bytes>', 'more_body': True}
2026-03-23 14:31:55,558 [TRACE] uvicorn.asgi: ::1:58443 - ASGI [13] Send {'type': 'http.response.body', 'body': '<0 bytes>', 'more_body': False}
2026-03-23 14:31:55,559 [TRACE] uvicorn.asgi: ::1:58443 - ASGI [13] Receive {'type': 'http.disconnect'}
2026-03-23 14:31:55,559 [TRACE] uvicorn.asgi: ::1:58443 - ASGI [13] Completed
2026-03-23 14:32:00,117 [TRACE] uvicorn.asgi: ::1:58443 - ASGI [14] Started scope={'type': 'http', 'asgi': {'version': '3.0', 'spec_version': '2.3'}, 'http_version': '1.1', 'server': ('::1', 8003), 'client': ('::1', 58443), 'scheme': 'http', 'method': 'POST', 'root_path': '', 'path': '/mcp', 'raw_path': b'/mcp', 'query_string': b'', 'headers': '<...>', 'state': {}}
2026-03-23 14:32:00,118 [TRACE] uvicorn.asgi: ::1:58443 - ASGI [14] Send {'type': 'http.response.start', 'status': 307, 'headers': '<...>'}
2026-03-23 14:32:00,118 [INFO] uvicorn.access: ::1:58443 - "POST /mcp HTTP/1.1" 307
2026-03-23 14:32:00,118 [TRACE] uvicorn.asgi: ::1:58443 - ASGI [14] Send {'type': 'http.response.body', 'body': '<0 bytes>'}
2026-03-23 14:32:00,118 [TRACE] uvicorn.asgi: ::1:58443 - ASGI [14] Completed
2026-03-23 14:32:00,118 [TRACE] uvicorn.error: ::1:58443 - HTTP connection lost
2026-03-23 14:32:00,119 [TRACE] uvicorn.error: ::1:58446 - HTTP connection made
2026-03-23 14:32:00,119 [TRACE] uvicorn.asgi: ::1:58446 - ASGI [15] Started scope={'type': 'http', 'asgi': {'version': '3.0', 'spec_version': '2.3'}, 'http_version': '1.1', 'server': ('::1', 8003), 'client': ('::1', 58446), 'scheme': 'http', 'method': 'POST', 'root_path': '', 'path': '/mcp/', 'raw_path': b'/mcp/', 'query_string': b'', 'headers': '<...>', 'state': {}}
2026-03-23 14:32:00,119 [TRACE] uvicorn.asgi: ::1:58446 - ASGI [15] Receive {'type': 'http.request', 'body': '<140 bytes>', 'more_body': False}
2026-03-23 14:32:00,119 [TRACE] uvicorn.asgi: ::1:58446 - ASGI [15] Send {'type': 'http.response.start', 'status': 200, 'headers': '<...>'}
2026-03-23 14:32:00,119 [INFO] uvicorn.access: ::1:58446 - "POST /mcp/ HTTP/1.1" 200
2026-03-23 14:32:00,120 [INFO] mcp.server.lowlevel.server: Processing request of type ReadResourceRequest
2026-03-23 14:32:00,120 [TRACE] uvicorn.asgi: ::1:58446 - ASGI [15] Send {'type': 'http.response.body', 'body': '<411 bytes>', 'more_body': True}
2026-03-23 14:32:00,120 [TRACE] uvicorn.asgi: ::1:58446 - ASGI [15] Send {'type': 'http.response.body', 'body': '<0 bytes>', 'more_body': False}
2026-03-23 14:32:00,121 [TRACE] uvicorn.asgi: ::1:58446 - ASGI [15] Receive {'type': 'http.disconnect'}
2026-03-23 14:32:00,121 [TRACE] uvicorn.asgi: ::1:58446 - ASGI [15] Completed
2026-03-23 14:32:01,517 [TRACE] uvicorn.asgi: ::1:58434 - ASGI [7] Send {'type': 'http.response.body', 'body': '<45 bytes>', 'more_body': True}
2026-03-23 14:32:05,122 [TRACE] uvicorn.error: ::1:58446 - HTTP connection lost
2026-03-23 14:32:08,694 [TRACE] uvicorn.error: ::1:58448 - HTTP connection made
2026-03-23 14:32:08,695 [TRACE] uvicorn.asgi: ::1:58448 - ASGI [16] Started scope={'type': 'http', 'asgi': {'version': '3.0', 'spec_version': '2.3'}, 'http_version': '1.1', 'server': ('::1', 8003), 'client': ('::1', 58448), 'scheme': 'http', 'method': 'POST', 'root_path': '', 'path': '/mcp', 'raw_path': b'/mcp', 'query_string': b'', 'headers': '<...>', 'state': {}}
2026-03-23 14:32:08,695 [TRACE] uvicorn.asgi: ::1:58448 - ASGI [16] Send {'type': 'http.response.start', 'status': 307, 'headers': '<...>'}
2026-03-23 14:32:08,695 [INFO] uvicorn.access: ::1:58448 - "POST /mcp HTTP/1.1" 307
2026-03-23 14:32:08,695 [TRACE] uvicorn.asgi: ::1:58448 - ASGI [16] Send {'type': 'http.response.body', 'body': '<0 bytes>'}
2026-03-23 14:32:08,695 [TRACE] uvicorn.asgi: ::1:58448 - ASGI [16] Completed
2026-03-23 14:32:08,695 [TRACE] uvicorn.error: ::1:58448 - HTTP connection lost
2026-03-23 14:32:08,696 [TRACE] uvicorn.error: ::1:58449 - HTTP connection made
2026-03-23 14:32:08,696 [TRACE] uvicorn.asgi: ::1:58449 - ASGI [17] Started scope={'type': 'http', 'asgi': {'version': '3.0', 'spec_version': '2.3'}, 'http_version': '1.1', 'server': ('::1', 8003), 'client': ('::1', 58449), 'scheme': 'http', 'method': 'POST', 'root_path': '', 'path': '/mcp/', 'raw_path': b'/mcp/', 'query_string': b'', 'headers': '<...>', 'state': {}}
2026-03-23 14:32:08,696 [TRACE] uvicorn.asgi: ::1:58449 - ASGI [17] Receive {'type': 'http.request', 'body': '<99 bytes>', 'more_body': False}
2026-03-23 14:32:08,696 [TRACE] uvicorn.asgi: ::1:58449 - ASGI [17] Send {'type': 'http.response.start', 'status': 200, 'headers': '<...>'}
2026-03-23 14:32:08,696 [INFO] uvicorn.access: ::1:58449 - "POST /mcp/ HTTP/1.1" 200
2026-03-23 14:32:08,697 [INFO] mcp.server.lowlevel.server: Processing request of type ListResourceTemplatesRequest
2026-03-23 14:32:08,697 [TRACE] uvicorn.asgi: ::1:58449 - ASGI [17] Send {'type': 'http.response.body', 'body': '<258 bytes>', 'more_body': True}
2026-03-23 14:32:08,698 [TRACE] uvicorn.asgi: ::1:58449 - ASGI [17] Send {'type': 'http.response.body', 'body': '<0 bytes>', 'more_body': False}
2026-03-23 14:32:08,698 [TRACE] uvicorn.asgi: ::1:58449 - ASGI [17] Receive {'type': 'http.disconnect'}
2026-03-23 14:32:08,698 [TRACE] uvicorn.asgi: ::1:58449 - ASGI [17] Completed
2026-03-23 14:32:13,699 [TRACE] uvicorn.error: ::1:58449 - HTTP connection lost
2026-03-23 14:32:16,519 [TRACE] uvicorn.asgi: ::1:58434 - ASGI [7] Send {'type': 'http.response.body', 'body': '<45 bytes>', 'more_body': True}
2026-03-23 14:32:31,520 [TRACE] uvicorn.asgi: ::1:58434 - ASGI [7] Send {'type': 'http.response.body', 'body': '<45 bytes>', 'more_body': True}
2026-03-23 14:32:46,523 [TRACE] uvicorn.asgi: ::1:58434 - ASGI [7] Send {'type': 'http.response.body', 'body': '<45 bytes>', 'more_body': True}
2026-03-23 14:33:01,524 [TRACE] uvicorn.asgi: ::1:58434 - ASGI [7] Send {'type': 'http.response.body', 'body': '<45 bytes>', 'more_body': True}
2026-03-23 14:33:16,526 [TRACE] uvicorn.asgi: ::1:58434 - ASGI [7] Send {'type': 'http.response.body', 'body': '<45 bytes>', 'more_body': True}
2026-03-23 14:33:31,529 [TRACE] uvicorn.asgi: ::1:58434 - ASGI [7] Send {'type': 'http.response.body', 'body': '<45 bytes>', 'more_body': True}
2026-03-23 14:33:34,273 [TRACE] uvicorn.error: ::1:58462 - HTTP connection made
2026-03-23 14:33:34,273 [TRACE] uvicorn.asgi: ::1:58462 - ASGI [18] Started scope={'type': 'http', 'asgi': {'version': '3.0', 'spec_version': '2.3'}, 'http_version': '1.1', 'server': ('::1', 8003), 'client': ('::1', 58462), 'scheme': 'http', 'method': 'POST', 'root_path': '', 'path': '/mcp/', 'raw_path': b'/mcp/', 'query_string': b'', 'headers': '<...>', 'state': {}}
2026-03-23 14:33:34,273 [INFO] mcp.server.streamable_http_manager: Created new transport with session ID: a6ec7f49935d4c5887865262fc45dea9
2026-03-23 14:33:34,274 [TRACE] uvicorn.asgi: ::1:58462 - ASGI [18] Receive {'type': 'http.request', 'body': '<151 bytes>', 'more_body': False}
2026-03-23 14:33:34,274 [TRACE] uvicorn.asgi: ::1:58462 - ASGI [18] Send {'type': 'http.response.start', 'status': 200, 'headers': '<...>'}
2026-03-23 14:33:34,274 [INFO] uvicorn.access: ::1:58462 - "POST /mcp/ HTTP/1.1" 200
2026-03-23 14:33:34,275 [TRACE] uvicorn.asgi: ::1:58462 - ASGI [18] Send {'type': 'http.response.body', 'body': '<431 bytes>', 'more_body': True}
2026-03-23 14:33:34,275 [TRACE] uvicorn.asgi: ::1:58462 - ASGI [18] Send {'type': 'http.response.body', 'body': '<0 bytes>', 'more_body': False}
2026-03-23 14:33:34,275 [TRACE] uvicorn.asgi: ::1:58462 - ASGI [18] Receive {'type': 'http.disconnect'}
2026-03-23 14:33:34,275 [TRACE] uvicorn.error: ::1:58462 - HTTP connection lost
2026-03-23 14:33:34,275 [TRACE] uvicorn.asgi: ::1:58462 - ASGI [18] Completed
2026-03-23 14:33:34,288 [TRACE] uvicorn.error: ::1:58463 - HTTP connection made
2026-03-23 14:33:34,288 [TRACE] uvicorn.asgi: ::1:58463 - ASGI [19] Started scope={'type': 'http', 'asgi': {'version': '3.0', 'spec_version': '2.3'}, 'http_version': '1.1', 'server': ('::1', 8003), 'client': ('::1', 58463), 'scheme': 'http', 'method': 'POST', 'root_path': '', 'path': '/mcp/', 'raw_path': b'/mcp/', 'query_string': b'', 'headers': '<...>', 'state': {}}
2026-03-23 14:33:34,288 [TRACE] uvicorn.asgi: ::1:58463 - ASGI [19] Receive {'type': 'http.request', 'body': '<62 bytes>', 'more_body': False}
2026-03-23 14:33:34,288 [TRACE] uvicorn.asgi: ::1:58463 - ASGI [19] Send {'type': 'http.response.start', 'status': 200, 'headers': '<...>'}
2026-03-23 14:33:34,288 [INFO] uvicorn.access: ::1:58463 - "POST /mcp/ HTTP/1.1" 200
2026-03-23 14:33:34,289 [INFO] mcp.server.lowlevel.server: Processing request of type ListResourcesRequest
2026-03-23 14:33:34,289 [TRACE] uvicorn.asgi: ::1:58463 - ASGI [19] Send {'type': 'http.response.body', 'body': '<358 bytes>', 'more_body': True}
2026-03-23 14:33:34,289 [TRACE] uvicorn.asgi: ::1:58463 - ASGI [19] Send {'type': 'http.response.body', 'body': '<0 bytes>', 'more_body': False}
2026-03-23 14:33:34,289 [TRACE] uvicorn.asgi: ::1:58463 - ASGI [19] Receive {'type': 'http.disconnect'}
2026-03-23 14:33:34,289 [TRACE] uvicorn.error: ::1:58463 - HTTP connection lost
2026-03-23 14:33:34,290 [TRACE] uvicorn.asgi: ::1:58463 - ASGI [19] Completed
2026-03-23 14:33:46,533 [TRACE] uvicorn.asgi: ::1:58434 - ASGI [7] Send {'type': 'http.response.body', 'body': '<45 bytes>', 'more_body': True}
2026-03-23 14:34:01,536 [TRACE] uvicorn.asgi: ::1:58434 - ASGI [7] Send {'type': 'http.response.body', 'body': '<45 bytes>', 'more_body': True}
2026-03-23 14:34:16,538 [TRACE] uvicorn.asgi: ::1:58434 - ASGI [7] Send {'type': 'http.response.body', 'body': '<45 bytes>', 'more_body': True}
2026-03-23 14:34:31,541 [TRACE] uvicorn.asgi: ::1:58434 - ASGI [7] Send {'type': 'http.response.body', 'body': '<45 bytes>', 'more_body': True}
2026-03-23 14:34:46,543 [TRACE] uvicorn.asgi: ::1:58434 - ASGI [7] Send {'type': 'http.response.body', 'body': '<45 bytes>', 'more_body': True}
2026-03-23 14:35:01,546 [TRACE] uvicorn.asgi: ::1:58434 - ASGI [7] Send {'type': 'http.response.body', 'body': '<45 bytes>', 'more_body': True}
2026-03-23 14:35:14,054 [TRACE] uvicorn.error: ::1:58473 - HTTP connection made
2026-03-23 14:35:14,063 [TRACE] uvicorn.asgi: ::1:58473 - ASGI [20] Started scope={'type': 'http', 'asgi': {'version': '3.0', 'spec_version': '2.3'}, 'http_version': '1.1', 'server': ('::1', 8003), 'client': ('::1', 58473), 'scheme': 'http', 'method': 'GET', 'root_path': '', 'path': '/resource://converter/unit_reference', 'raw_path': b'/resource://converter/unit_reference', 'query_string': b'', 'headers': '<...>', 'state': {}}
2026-03-23 14:35:14,064 [TRACE] uvicorn.asgi: ::1:58473 - ASGI [20] Send {'type': 'http.response.start', 'status': 404, 'headers': '<...>'}
2026-03-23 14:35:14,064 [INFO] uvicorn.access: ::1:58473 - "GET /resource%3A//converter/unit_reference HTTP/1.1" 404
2026-03-23 14:35:14,065 [TRACE] uvicorn.asgi: ::1:58473 - ASGI [20] Send {'type': 'http.response.body', 'body': '<22 bytes>'}
2026-03-23 14:35:14,065 [TRACE] uvicorn.asgi: ::1:58473 - ASGI [20] Completed
2026-03-23 14:35:14,072 [TRACE] uvicorn.error: ::1:58474 - HTTP connection made
2026-03-23 14:35:14,101 [TRACE] uvicorn.asgi: ::1:58473 - ASGI [21] Started scope={'type': 'http', 'asgi': {'version': '3.0', 'spec_version': '2.3'}, 'http_version': '1.1', 'server': ('::1', 8003), 'client': ('::1', 58473), 'scheme': 'http', 'method': 'GET', 'root_path': '', 'path': '/favicon.ico', 'raw_path': b'/favicon.ico', 'query_string': b'', 'headers': '<...>', 'state': {}}
2026-03-23 14:35:14,101 [TRACE] uvicorn.asgi: ::1:58473 - ASGI [21] Send {'type': 'http.response.start', 'status': 404, 'headers': '<...>'}
2026-03-23 14:35:14,101 [INFO] uvicorn.access: ::1:58473 - "GET /favicon.ico HTTP/1.1" 404
2026-03-23 14:35:14,102 [TRACE] uvicorn.asgi: ::1:58473 - ASGI [21] Send {'type': 'http.response.body', 'body': '<22 bytes>'}
2026-03-23 14:35:14,102 [TRACE] uvicorn.asgi: ::1:58473 - ASGI [21] Completed
2026-03-23 14:35:16,548 [TRACE] uvicorn.asgi: ::1:58434 - ASGI [7] Send {'type': 'http.response.body', 'body': '<45 bytes>', 'more_body': True}
2026-03-23 14:35:19,103 [TRACE] uvicorn.error: ::1:58473 - HTTP connection lost
2026-03-23 14:35:25,842 [TRACE] uvicorn.asgi: ::1:58474 - ASGI [22] Started scope={'type': 'http', 'asgi': {'version': '3.0', 'spec_version': '2.3'}, 'http_version': '1.1', 'server': ('::1', 8003), 'client': ('::1', 58474), 'scheme': 'http', 'method': 'GET', 'root_path': '', 'path': '/mcp/resource://converter/unit_reference', 'raw_path': b'/mcp/resource://converter/unit_reference', 'query_string': b'', 'headers': '<...>', 'state': {}}
2026-03-23 14:35:25,843 [TRACE] uvicorn.asgi: ::1:58474 - ASGI [22] Send {'type': 'http.response.start', 'status': 404, 'headers': '<...>'}
2026-03-23 14:35:25,843 [INFO] uvicorn.access: ::1:58474 - "GET /mcp/resource%3A//converter/unit_reference HTTP/1.1" 404
2026-03-23 14:35:25,843 [TRACE] uvicorn.asgi: ::1:58474 - ASGI [22] Send {'type': 'http.response.body', 'body': '<9 bytes>'}
2026-03-23 14:35:25,844 [TRACE] uvicorn.asgi: ::1:58474 - ASGI [22] Completed
2026-03-23 14:35:25,851 [TRACE] uvicorn.error: ::1:58478 - HTTP connection made
2026-03-23 14:35:30,845 [TRACE] uvicorn.error: ::1:58474 - HTTP connection lost
2026-03-23 14:35:31,550 [TRACE] uvicorn.asgi: ::1:58434 - ASGI [7] Send {'type': 'http.response.body', 'body': '<45 bytes>', 'more_body': True}
2026-03-23 14:35:46,552 [TRACE] uvicorn.asgi: ::1:58434 - ASGI [7] Send {'type': 'http.response.body', 'body': '<45 bytes>', 'more_body': True}
2026-03-23 14:36:01,554 [TRACE] uvicorn.asgi: ::1:58434 - ASGI [7] Send {'type': 'http.response.body', 'body': '<45 bytes>', 'more_body': True}
2026-03-23 14:36:16,557 [TRACE] uvicorn.asgi: ::1:58434 - ASGI [7] Send {'type': 'http.response.body', 'body': '<45 bytes>', 'more_body': True}
2026-03-23 14:36:31,559 [TRACE] uvicorn.asgi: ::1:58434 - ASGI [7] Send {'type': 'http.response.body', 'body': '<45 bytes>', 'more_body': True}
2026-03-23 14:36:46,561 [TRACE] uvicorn.asgi: ::1:58434 - ASGI [7] Send {'type': 'http.response.body', 'body': '<45 bytes>', 'more_body': True}
2026-03-23 14:37:01,563 [TRACE] uvicorn.asgi: ::1:58434 - ASGI [7] Send {'type': 'http.response.body', 'body': '<45 bytes>', 'more_body': True}
2026-03-23 14:37:16,565 [TRACE] uvicorn.asgi: ::1:58434 - ASGI [7] Send {'type': 'http.response.body', 'body': '<45 bytes>', 'more_body': True}
2026-03-23 14:37:31,567 [TRACE] uvicorn.asgi: ::1:58434 - ASGI [7] Send {'type': 'http.response.body', 'body': '<45 bytes>', 'more_body': True}
2026-03-25 09:20:03,195 [INFO] uvicorn.error: Started server process [7778]
2026-03-25 09:20:03,195 [INFO] uvicorn.error: Waiting for application startup.
2026-03-25 09:20:03,195 [TRACE] uvicorn.asgi: ASGI [1] Started scope={'type': 'lifespan', 'asgi': {'version': '3.0', 'spec_version': '2.0'}, 'state': {}}
2026-03-25 09:20:03,195 [TRACE] uvicorn.asgi: ASGI [1] Receive {'type': 'lifespan.startup'}
2026-03-25 09:20:03,197 [INFO] mcp.server.streamable_http_manager: StreamableHTTP session manager started
2026-03-25 09:20:03,197 [TRACE] uvicorn.asgi: ASGI [1] Send {'type': 'lifespan.startup.complete'}
2026-03-25 09:20:03,197 [INFO] uvicorn.error: Application startup complete.
2026-03-25 09:20:03,199 [INFO] uvicorn.error: Uvicorn running on http://localhost:8003 (Press CTRL+C to quit)
2026-03-25 09:20:07,244 [INFO] uvicorn.error: Shutting down
2026-03-25 09:20:07,346 [INFO] uvicorn.error: Waiting for application shutdown.
2026-03-25 09:20:07,347 [TRACE] uvicorn.asgi: ASGI [1] Receive {'type': 'lifespan.shutdown'}
2026-03-25 09:20:07,347 [INFO] mcp.server.streamable_http_manager: StreamableHTTP session manager shutting down
2026-03-25 09:20:07,347 [TRACE] uvicorn.asgi: ASGI [1] Send {'type': 'lifespan.shutdown.complete'}
2026-03-25 09:20:07,347 [TRACE] uvicorn.asgi: ASGI [1] Completed
2026-03-25 09:20:07,347 [INFO] uvicorn.error: Application shutdown complete.
2026-03-25 09:20:07,348 [INFO] uvicorn.error: Finished server process [7778]
2026-03-25 09:22:01,060 [INFO] uvicorn.error: Started server process [8773]
2026-03-25 09:22:01,060 [INFO] uvicorn.error: Waiting for application startup.
2026-03-25 09:22:01,060 [TRACE] uvicorn.asgi: ASGI [1] Started scope={'type': 'lifespan', 'asgi': {'version': '3.0', 'spec_version': '2.0'}, 'state': {}}
2026-03-25 09:22:01,060 [TRACE] uvicorn.asgi: ASGI [1] Receive {'type': 'lifespan.startup'}
2026-03-25 09:22:01,062 [INFO] mcp.server.streamable_http_manager: StreamableHTTP session manager started
2026-03-25 09:22:01,062 [TRACE] uvicorn.asgi: ASGI [1] Send {'type': 'lifespan.startup.complete'}
2026-03-25 09:22:01,062 [INFO] uvicorn.error: Application startup complete.
2026-03-25 09:22:01,064 [INFO] uvicorn.error: Uvicorn running on http://localhost:8003 (Press CTRL+C to quit)
2026-03-25 09:22:30,515 [TRACE] uvicorn.error: ::1:50020 - HTTP connection made
2026-03-25 09:22:30,515 [TRACE] uvicorn.asgi: ::1:50020 - ASGI [2] Started scope={'type': 'http', 'asgi': {'version': '3.0', 'spec_version': '2.3'}, 'http_version': '1.1', 'server': ('::1', 8003), 'client': ('::1', 50020), 'scheme': 'http', 'method': 'POST', 'root_path': '', 'path': '/mcp/', 'raw_path': b'/mcp/', 'query_string': b'', 'headers': '<...>', 'state': {}}
2026-03-25 09:22:30,515 [INFO] mcp.server.streamable_http_manager: Created new transport with session ID: de388a5a3aa4438da0e8950fecd792e6
2026-03-25 09:22:30,516 [TRACE] uvicorn.asgi: ::1:50020 - ASGI [2] Receive {'type': 'http.request', 'body': '<151 bytes>', 'more_body': False}
2026-03-25 09:22:30,516 [TRACE] uvicorn.asgi: ::1:50020 - ASGI [2] Send {'type': 'http.response.start', 'status': 200, 'headers': '<...>'}
2026-03-25 09:22:30,516 [INFO] uvicorn.access: ::1:50020 - "POST /mcp/ HTTP/1.1" 200
2026-03-25 09:22:30,517 [TRACE] uvicorn.asgi: ::1:50020 - ASGI [2] Send {'type': 'http.response.body', 'body': '<431 bytes>', 'more_body': True}
2026-03-25 09:22:30,517 [TRACE] uvicorn.asgi: ::1:50020 - ASGI [2] Send {'type': 'http.response.body', 'body': '<0 bytes>', 'more_body': False}
2026-03-25 09:22:30,517 [TRACE] uvicorn.asgi: ::1:50020 - ASGI [2] Receive {'type': 'http.disconnect'}
2026-03-25 09:22:30,517 [TRACE] uvicorn.error: ::1:50020 - HTTP connection lost
2026-03-25 09:22:30,517 [TRACE] uvicorn.asgi: ::1:50020 - ASGI [2] Completed
2026-03-25 09:22:38,123 [TRACE] uvicorn.error: ::1:50021 - HTTP connection made
2026-03-25 09:22:38,123 [TRACE] uvicorn.asgi: ::1:50021 - ASGI [3] Started scope={'type': 'http', 'asgi': {'version': '3.0', 'spec_version': '2.3'}, 'http_version': '1.1', 'server': ('::1', 8003), 'client': ('::1', 50021), 'scheme': 'http', 'method': 'POST', 'root_path': '', 'path': '/mcp/', 'raw_path': b'/mcp/', 'query_string': b'', 'headers': '<...>', 'state': {}}
2026-03-25 09:22:38,123 [TRACE] uvicorn.asgi: ::1:50021 - ASGI [3] Receive {'type': 'http.request', 'body': '<62 bytes>', 'more_body': False}
2026-03-25 09:22:38,124 [TRACE] uvicorn.asgi: ::1:50021 - ASGI [3] Send {'type': 'http.response.start', 'status': 200, 'headers': '<...>'}
2026-03-25 09:22:38,124 [INFO] uvicorn.access: ::1:50021 - "POST /mcp/ HTTP/1.1" 200
2026-03-25 09:22:38,124 [INFO] mcp.server.lowlevel.server: Processing request of type ListResourcesRequest
2026-03-25 09:22:38,125 [TRACE] uvicorn.asgi: ::1:50021 - ASGI [3] Send {'type': 'http.response.body', 'body': '<358 bytes>', 'more_body': True}
2026-03-25 09:22:38,125 [TRACE] uvicorn.asgi: ::1:50021 - ASGI [3] Send {'type': 'http.response.body', 'body': '<0 bytes>', 'more_body': False}
2026-03-25 09:22:38,126 [TRACE] uvicorn.asgi: ::1:50021 - ASGI [3] Receive {'type': 'http.disconnect'}
2026-03-25 09:22:38,126 [TRACE] uvicorn.error: ::1:50021 - HTTP connection lost
2026-03-25 09:22:38,126 [TRACE] uvicorn.asgi: ::1:50021 - ASGI [3] Completed
2026-03-25 09:22:49,837 [TRACE] uvicorn.error: ::1:50022 - HTTP connection made
2026-03-25 09:22:49,837 [TRACE] uvicorn.asgi: ::1:50022 - ASGI [4] Started scope={'type': 'http', 'asgi': {'version': '3.0', 'spec_version': '2.3'}, 'http_version': '1.1', 'server': ('::1', 8003), 'client': ('::1', 50022), 'scheme': 'http', 'method': 'POST', 'root_path': '', 'path': '/mcp/', 'raw_path': b'/mcp/', 'query_string': b'', 'headers': '<...>', 'state': {}}
2026-03-25 09:22:49,837 [TRACE] uvicorn.asgi: ::1:50022 - ASGI [4] Receive {'type': 'http.request', 'body': '<105 bytes>', 'more_body': False}
2026-03-25 09:22:49,838 [TRACE] uvicorn.asgi: ::1:50022 - ASGI [4] Send {'type': 'http.response.start', 'status': 200, 'headers': '<...>'}
2026-03-25 09:22:49,838 [INFO] uvicorn.access: ::1:50022 - "POST /mcp/ HTTP/1.1" 200
2026-03-25 09:22:49,838 [INFO] mcp.server.lowlevel.server: Processing request of type ReadResourceRequest
2026-03-25 09:22:49,839 [TRACE] uvicorn.asgi: ::1:50022 - ASGI [4] Send {'type': 'http.response.body', 'body': '<1232 bytes>', 'more_body': True}
2026-03-25 09:22:49,839 [TRACE] uvicorn.asgi: ::1:50022 - ASGI [4] Send {'type': 'http.response.body', 'body': '<0 bytes>', 'more_body': False}
2026-03-25 09:22:49,840 [TRACE] uvicorn.asgi: ::1:50022 - ASGI [4] Receive {'type': 'http.disconnect'}
2026-03-25 09:22:49,840 [TRACE] uvicorn.error: ::1:50022 - HTTP connection lost
2026-03-25 09:22:49,840 [TRACE] uvicorn.asgi: ::1:50022 - ASGI [4] Completed
2026-03-27 15:09:09,520 [INFO] uvicorn.error: Started server process [25695]
2026-03-27 15:09:09,523 [INFO] uvicorn.error: Waiting for application startup.
2026-03-27 15:09:09,523 [TRACE] uvicorn.asgi: ASGI [1] Started scope={'type': 'lifespan', 'asgi': {'version': '3.0', 'spec_version': '2.0'}, 'state': {}}
2026-03-27 15:09:09,523 [TRACE] uvicorn.asgi: ASGI [1] Receive {'type': 'lifespan.startup'}
2026-03-27 15:09:09,525 [INFO] mcp.server.streamable_http_manager: StreamableHTTP session manager started
2026-03-27 15:09:09,525 [TRACE] uvicorn.asgi: ASGI [1] Send {'type': 'lifespan.startup.complete'}
2026-03-27 15:09:09,525 [INFO] uvicorn.error: Application startup complete.
2026-03-27 15:09:09,528 [INFO] uvicorn.error: Uvicorn running on http://localhost:8003 (Press CTRL+C to quit)
2026-03-27 15:09:49,141 [TRACE] uvicorn.error: 127.0.0.1:54160 - HTTP connection made
2026-03-27 15:09:49,147 [TRACE] uvicorn.asgi: 127.0.0.1:54160 - ASGI [2] Started scope={'type': 'http', 'asgi': {'version': '3.0', 'spec_version': '2.3'}, 'http_version': '1.1', 'server': ('127.0.0.1', 8003), 'client': ('127.0.0.1', 54160), 'scheme': 'http', 'method': 'POST', 'root_path': '', 'path': '/mcp/celsius-to-fahrenheit', 'raw_path': b'/mcp/celsius-to-fahrenheit', 'query_string': b'', 'headers': '<...>', 'state': {}}
2026-03-27 15:09:49,147 [TRACE] uvicorn.asgi: 127.0.0.1:54160 - ASGI [2] Send {'type': 'http.response.start', 'status': 404, 'headers': '<...>'}
2026-03-27 15:09:49,147 [INFO] uvicorn.access: 127.0.0.1:54160 - "POST /mcp/celsius-to-fahrenheit HTTP/1.1" 404
2026-03-27 15:09:49,147 [TRACE] uvicorn.asgi: 127.0.0.1:54160 - ASGI [2] Send {'type': 'http.response.body', 'body': '<9 bytes>'}
2026-03-27 15:09:49,147 [TRACE] uvicorn.asgi: 127.0.0.1:54160 - ASGI [2] Completed
2026-03-27 15:09:54,149 [TRACE] uvicorn.error: 127.0.0.1:54160 - HTTP connection lost
2026-03-27 15:10:15,227 [TRACE] uvicorn.error: 127.0.0.1:54161 - HTTP connection made
2026-03-27 15:10:15,227 [TRACE] uvicorn.asgi: 127.0.0.1:54161 - ASGI [3] Started scope={'type': 'http', 'asgi': {'version': '3.0', 'spec_version': '2.3'}, 'http_version': '1.1', 'server': ('127.0.0.1', 8003), 'client': ('127.0.0.1', 54161), 'scheme': 'http', 'method': 'POST', 'root_path': '', 'path': '/mcp/', 'raw_path': b'/mcp/', 'query_string': b'', 'headers': '<...>', 'state': {}}
2026-03-27 15:10:15,227 [INFO] mcp.server.streamable_http_manager: Created new transport with session ID: 4cec28bebdef4341a92eaeff3658eb16
2026-03-27 15:10:15,228 [WARNING] mcp.server.transport_security: Missing Content-Type header in POST request
2026-03-27 15:10:15,228 [TRACE] uvicorn.asgi: 127.0.0.1:54161 - ASGI [3] Send {'type': 'http.response.start', 'status': 400, 'headers': '<...>'}
2026-03-27 15:10:15,228 [INFO] uvicorn.access: 127.0.0.1:54161 - "POST /mcp/ HTTP/1.1" 400
2026-03-27 15:10:15,228 [TRACE] uvicorn.asgi: 127.0.0.1:54161 - ASGI [3] Send {'type': 'http.response.body', 'body': '<27 bytes>'}
2026-03-27 15:10:15,229 [TRACE] uvicorn.asgi: 127.0.0.1:54161 - ASGI [3] Completed
2026-03-27 15:10:20,230 [TRACE] uvicorn.error: 127.0.0.1:54161 - HTTP connection lost
2026-03-27 15:14:28,736 [TRACE] uvicorn.error: 127.0.0.1:54198 - HTTP connection made
2026-03-27 15:14:28,737 [TRACE] uvicorn.asgi: 127.0.0.1:54198 - ASGI [4] Started scope={'type': 'http', 'asgi': {'version': '3.0', 'spec_version': '2.3'}, 'http_version': '1.1', 'server': ('127.0.0.1', 8003), 'client': ('127.0.0.1', 54198), 'scheme': 'http', 'method': 'POST', 'root_path': '', 'path': '/mcp', 'raw_path': b'/mcp', 'query_string': b'', 'headers': '<...>', 'state': {}}
2026-03-27 15:14:28,737 [TRACE] uvicorn.asgi: 127.0.0.1:54198 - ASGI [4] Send {'type': 'http.response.start', 'status': 307, 'headers': '<...>'}
2026-03-27 15:14:28,737 [INFO] uvicorn.access: 127.0.0.1:54198 - "POST /mcp HTTP/1.1" 307
2026-03-27 15:14:28,737 [TRACE] uvicorn.asgi: 127.0.0.1:54198 - ASGI [4] Send {'type': 'http.response.body', 'body': '<0 bytes>'}
2026-03-27 15:14:28,737 [TRACE] uvicorn.asgi: 127.0.0.1:54198 - ASGI [4] Completed
2026-03-27 15:14:28,738 [TRACE] uvicorn.error: 127.0.0.1:54198 - HTTP connection lost
2026-03-27 15:14:28,739 [TRACE] uvicorn.error: 127.0.0.1:54199 - HTTP connection made
2026-03-27 15:14:28,739 [TRACE] uvicorn.asgi: 127.0.0.1:54199 - ASGI [5] Started scope={'type': 'http', 'asgi': {'version': '3.0', 'spec_version': '2.3'}, 'http_version': '1.1', 'server': ('127.0.0.1', 8003), 'client': ('127.0.0.1', 54199), 'scheme': 'http', 'method': 'POST', 'root_path': '', 'path': '/mcp/', 'raw_path': b'/mcp/', 'query_string': b'', 'headers': '<...>', 'state': {}}
2026-03-27 15:14:28,740 [INFO] mcp.server.streamable_http_manager: Created new transport with session ID: c7af3468946146508b59cc482f29b4a8
2026-03-27 15:14:28,743 [TRACE] uvicorn.asgi: 127.0.0.1:54199 - ASGI [5] Receive {'type': 'http.request', 'body': '<330 bytes>', 'more_body': False}
2026-03-27 15:14:28,744 [TRACE] uvicorn.asgi: 127.0.0.1:54199 - ASGI [5] Send {'type': 'http.response.start', 'status': 200, 'headers': '<...>'}
2026-03-27 15:14:28,744 [INFO] uvicorn.access: 127.0.0.1:54199 - "POST /mcp/ HTTP/1.1" 200
2026-03-27 15:14:28,744 [TRACE] uvicorn.asgi: 127.0.0.1:54199 - ASGI [5] Send {'type': 'http.response.body', 'body': '<431 bytes>', 'more_body': True}
2026-03-27 15:14:28,744 [TRACE] uvicorn.asgi: 127.0.0.1:54199 - ASGI [5] Send {'type': 'http.response.body', 'body': '<0 bytes>', 'more_body': False}
2026-03-27 15:14:28,745 [TRACE] uvicorn.asgi: 127.0.0.1:54199 - ASGI [5] Receive {'type': 'http.disconnect'}
2026-03-27 15:14:28,745 [TRACE] uvicorn.asgi: 127.0.0.1:54199 - ASGI [5] Completed
2026-03-27 15:14:28,753 [TRACE] uvicorn.asgi: 127.0.0.1:54199 - ASGI [6] Started scope={'type': 'http', 'asgi': {'version': '3.0', 'spec_version': '2.3'}, 'http_version': '1.1', 'server': ('127.0.0.1', 8003), 'client': ('127.0.0.1', 54199), 'scheme': 'http', 'method': 'POST', 'root_path': '', 'path': '/mcp', 'raw_path': b'/mcp', 'query_string': b'', 'headers': '<...>', 'state': {}}
2026-03-27 15:14:28,753 [TRACE] uvicorn.asgi: 127.0.0.1:54199 - ASGI [6] Send {'type': 'http.response.start', 'status': 307, 'headers': '<...>'}
2026-03-27 15:14:28,753 [INFO] uvicorn.access: 127.0.0.1:54199 - "POST /mcp HTTP/1.1" 307
2026-03-27 15:14:28,753 [TRACE] uvicorn.asgi: 127.0.0.1:54199 - ASGI [6] Send {'type': 'http.response.body', 'body': '<0 bytes>'}
2026-03-27 15:14:28,753 [TRACE] uvicorn.asgi: 127.0.0.1:54199 - ASGI [6] Completed
2026-03-27 15:14:28,754 [TRACE] uvicorn.error: 127.0.0.1:54199 - HTTP connection lost
2026-03-27 15:14:28,755 [TRACE] uvicorn.error: 127.0.0.1:54200 - HTTP connection made
2026-03-27 15:14:28,755 [TRACE] uvicorn.asgi: 127.0.0.1:54200 - ASGI [7] Started scope={'type': 'http', 'asgi': {'version': '3.0', 'spec_version': '2.3'}, 'http_version': '1.1', 'server': ('127.0.0.1', 8003), 'client': ('127.0.0.1', 54200), 'scheme': 'http', 'method': 'POST', 'root_path': '', 'path': '/mcp/', 'raw_path': b'/mcp/', 'query_string': b'', 'headers': '<...>', 'state': {}}
2026-03-27 15:14:28,755 [TRACE] uvicorn.asgi: 127.0.0.1:54200 - ASGI [7] Receive {'type': 'http.request', 'body': '<54 bytes>', 'more_body': False}
2026-03-27 15:14:28,755 [TRACE] uvicorn.asgi: 127.0.0.1:54200 - ASGI [7] Send {'type': 'http.response.start', 'status': <HTTPStatus.ACCEPTED: 202>, 'headers': '<...>'}
2026-03-27 15:14:28,755 [INFO] uvicorn.access: 127.0.0.1:54200 - "POST /mcp/ HTTP/1.1" 202
2026-03-27 15:14:28,755 [TRACE] uvicorn.asgi: 127.0.0.1:54200 - ASGI [7] Send {'type': 'http.response.body', 'body': '<0 bytes>'}
2026-03-27 15:14:28,755 [TRACE] uvicorn.asgi: 127.0.0.1:54200 - ASGI [7] Completed
2026-03-27 15:14:28,756 [TRACE] uvicorn.asgi: 127.0.0.1:54200 - ASGI [8] Started scope={'type': 'http', 'asgi': {'version': '3.0', 'spec_version': '2.3'}, 'http_version': '1.1', 'server': ('127.0.0.1', 8003), 'client': ('127.0.0.1', 54200), 'scheme': 'http', 'method': 'GET', 'root_path': '', 'path': '/mcp', 'raw_path': b'/mcp', 'query_string': b'', 'headers': '<...>', 'state': {}}
2026-03-27 15:14:28,757 [TRACE] uvicorn.asgi: 127.0.0.1:54200 - ASGI [8] Send {'type': 'http.response.start', 'status': 307, 'headers': '<...>'}
2026-03-27 15:14:28,757 [INFO] uvicorn.access: 127.0.0.1:54200 - "GET /mcp HTTP/1.1" 307
2026-03-27 15:14:28,757 [TRACE] uvicorn.asgi: 127.0.0.1:54200 - ASGI [8] Send {'type': 'http.response.body', 'body': '<0 bytes>'}
2026-03-27 15:14:28,757 [TRACE] uvicorn.asgi: 127.0.0.1:54200 - ASGI [8] Completed
2026-03-27 15:14:28,757 [TRACE] uvicorn.error: 127.0.0.1:54200 - HTTP connection lost
2026-03-27 15:14:28,757 [TRACE] uvicorn.error: 127.0.0.1:54201 - HTTP connection made
2026-03-27 15:14:28,758 [TRACE] uvicorn.asgi: 127.0.0.1:54201 - ASGI [9] Started scope={'type': 'http', 'asgi': {'version': '3.0', 'spec_version': '2.3'}, 'http_version': '1.1', 'server': ('127.0.0.1', 8003), 'client': ('127.0.0.1', 54201), 'scheme': 'http', 'method': 'GET', 'root_path': '', 'path': '/mcp/', 'raw_path': b'/mcp/', 'query_string': b'', 'headers': '<...>', 'state': {}}
2026-03-27 15:14:28,758 [TRACE] uvicorn.asgi: 127.0.0.1:54201 - ASGI [9] Send {'type': 'http.response.start', 'status': 200, 'headers': '<...>'}
2026-03-27 15:14:28,758 [INFO] uvicorn.access: 127.0.0.1:54201 - "GET /mcp/ HTTP/1.1" 200
2026-03-27 15:14:28,758 [TRACE] uvicorn.asgi: 127.0.0.1:54201 - ASGI [9] Receive {'type': 'http.request', 'body': '<0 bytes>', 'more_body': False}
2026-03-27 15:14:30,367 [TRACE] uvicorn.error: 127.0.0.1:54204 - HTTP connection made
2026-03-27 15:14:30,369 [TRACE] uvicorn.asgi: 127.0.0.1:54204 - ASGI [10] Started scope={'type': 'http', 'asgi': {'version': '3.0', 'spec_version': '2.3'}, 'http_version': '1.1', 'server': ('127.0.0.1', 8003), 'client': ('127.0.0.1', 54204), 'scheme': 'http', 'method': 'POST', 'root_path': '', 'path': '/mcp', 'raw_path': b'/mcp', 'query_string': b'', 'headers': '<...>', 'state': {}}
2026-03-27 15:14:30,370 [TRACE] uvicorn.asgi: 127.0.0.1:54204 - ASGI [10] Send {'type': 'http.response.start', 'status': 307, 'headers': '<...>'}
2026-03-27 15:14:30,370 [INFO] uvicorn.access: 127.0.0.1:54204 - "POST /mcp HTTP/1.1" 307
2026-03-27 15:14:30,370 [TRACE] uvicorn.asgi: 127.0.0.1:54204 - ASGI [10] Send {'type': 'http.response.body', 'body': '<0 bytes>'}
2026-03-27 15:14:30,370 [TRACE] uvicorn.asgi: 127.0.0.1:54204 - ASGI [10] Completed
2026-03-27 15:14:30,371 [TRACE] uvicorn.error: 127.0.0.1:54204 - HTTP connection lost
2026-03-27 15:14:30,372 [TRACE] uvicorn.error: 127.0.0.1:54205 - HTTP connection made
2026-03-27 15:14:30,373 [TRACE] uvicorn.asgi: 127.0.0.1:54205 - ASGI [11] Started scope={'type': 'http', 'asgi': {'version': '3.0', 'spec_version': '2.3'}, 'http_version': '1.1', 'server': ('127.0.0.1', 8003), 'client': ('127.0.0.1', 54205), 'scheme': 'http', 'method': 'POST', 'root_path': '', 'path': '/mcp/', 'raw_path': b'/mcp/', 'query_string': b'', 'headers': '<...>', 'state': {}}
2026-03-27 15:14:30,373 [TRACE] uvicorn.asgi: 127.0.0.1:54205 - ASGI [11] Receive {'type': 'http.request', 'body': '<89 bytes>', 'more_body': False}
2026-03-27 15:14:30,373 [TRACE] uvicorn.asgi: 127.0.0.1:54205 - ASGI [11] Send {'type': 'http.response.start', 'status': 200, 'headers': '<...>'}
2026-03-27 15:14:30,373 [INFO] uvicorn.access: 127.0.0.1:54205 - "POST /mcp/ HTTP/1.1" 200
2026-03-27 15:14:30,374 [INFO] mcp.server.lowlevel.server: Processing request of type ListResourcesRequest
2026-03-27 15:14:30,377 [TRACE] uvicorn.asgi: 127.0.0.1:54205 - ASGI [11] Send {'type': 'http.response.body', 'body': '<358 bytes>', 'more_body': True}
2026-03-27 15:14:30,378 [TRACE] uvicorn.asgi: 127.0.0.1:54205 - ASGI [11] Send {'type': 'http.response.body', 'body': '<0 bytes>', 'more_body': False}
2026-03-27 15:14:30,378 [TRACE] uvicorn.asgi: 127.0.0.1:54205 - ASGI [11] Receive {'type': 'http.disconnect'}
2026-03-27 15:14:30,378 [TRACE] uvicorn.asgi: 127.0.0.1:54205 - ASGI [11] Completed
2026-03-27 15:14:31,417 [TRACE] uvicorn.asgi: 127.0.0.1:54205 - ASGI [12] Started scope={'type': 'http', 'asgi': {'version': '3.0', 'spec_version': '2.3'}, 'http_version': '1.1', 'server': ('127.0.0.1', 8003), 'client': ('127.0.0.1', 54205), 'scheme': 'http', 'method': 'POST', 'root_path': '', 'path': '/mcp', 'raw_path': b'/mcp', 'query_string': b'', 'headers': '<...>', 'state': {}}
2026-03-27 15:14:31,418 [TRACE] uvicorn.asgi: 127.0.0.1:54205 - ASGI [12] Send {'type': 'http.response.start', 'status': 307, 'headers': '<...>'}
2026-03-27 15:14:31,418 [INFO] uvicorn.access: 127.0.0.1:54205 - "POST /mcp HTTP/1.1" 307
2026-03-27 15:14:31,418 [TRACE] uvicorn.asgi: 127.0.0.1:54205 - ASGI [12] Send {'type': 'http.response.body', 'body': '<0 bytes>'}
2026-03-27 15:14:31,418 [TRACE] uvicorn.asgi: 127.0.0.1:54205 - ASGI [12] Completed
2026-03-27 15:14:31,419 [TRACE] uvicorn.error: 127.0.0.1:54205 - HTTP connection lost
2026-03-27 15:14:31,420 [TRACE] uvicorn.error: 127.0.0.1:54206 - HTTP connection made
2026-03-27 15:14:31,421 [TRACE] uvicorn.asgi: 127.0.0.1:54206 - ASGI [13] Started scope={'type': 'http', 'asgi': {'version': '3.0', 'spec_version': '2.3'}, 'http_version': '1.1', 'server': ('127.0.0.1', 8003), 'client': ('127.0.0.1', 54206), 'scheme': 'http', 'method': 'POST', 'root_path': '', 'path': '/mcp/', 'raw_path': b'/mcp/', 'query_string': b'', 'headers': '<...>', 'state': {}}
2026-03-27 15:14:31,421 [TRACE] uvicorn.asgi: 127.0.0.1:54206 - ASGI [13] Receive {'type': 'http.request', 'body': '<133 bytes>', 'more_body': False}
2026-03-27 15:14:31,421 [TRACE] uvicorn.asgi: 127.0.0.1:54206 - ASGI [13] Send {'type': 'http.response.start', 'status': 200, 'headers': '<...>'}
2026-03-27 15:14:31,422 [INFO] uvicorn.access: 127.0.0.1:54206 - "POST /mcp/ HTTP/1.1" 200
2026-03-27 15:14:31,422 [INFO] mcp.server.lowlevel.server: Processing request of type ReadResourceRequest
2026-03-27 15:14:31,426 [TRACE] uvicorn.asgi: 127.0.0.1:54206 - ASGI [13] Send {'type': 'http.response.body', 'body': '<1232 bytes>', 'more_body': True}
2026-03-27 15:14:31,427 [TRACE] uvicorn.asgi: 127.0.0.1:54206 - ASGI [13] Send {'type': 'http.response.body', 'body': '<0 bytes>', 'more_body': False}
2026-03-27 15:14:31,427 [TRACE] uvicorn.asgi: 127.0.0.1:54206 - ASGI [13] Receive {'type': 'http.disconnect'}
2026-03-27 15:14:31,427 [TRACE] uvicorn.asgi: 127.0.0.1:54206 - ASGI [13] Completed
2026-03-27 15:14:36,129 [TRACE] uvicorn.asgi: 127.0.0.1:54206 - ASGI [14] Started scope={'type': 'http', 'asgi': {'version': '3.0', 'spec_version': '2.3'}, 'http_version': '1.1', 'server': ('127.0.0.1', 8003), 'client': ('127.0.0.1', 54206), 'scheme': 'http', 'method': 'POST', 'root_path': '', 'path': '/mcp', 'raw_path': b'/mcp', 'query_string': b'', 'headers': '<...>', 'state': {}}
2026-03-27 15:14:36,129 [TRACE] uvicorn.asgi: 127.0.0.1:54206 - ASGI [14] Send {'type': 'http.response.start', 'status': 307, 'headers': '<...>'}
2026-03-27 15:14:36,130 [INFO] uvicorn.access: 127.0.0.1:54206 - "POST /mcp HTTP/1.1" 307
2026-03-27 15:14:36,130 [TRACE] uvicorn.asgi: 127.0.0.1:54206 - ASGI [14] Send {'type': 'http.response.body', 'body': '<0 bytes>'}
2026-03-27 15:14:36,130 [TRACE] uvicorn.asgi: 127.0.0.1:54206 - ASGI [14] Completed
2026-03-27 15:14:36,132 [TRACE] uvicorn.error: 127.0.0.1:54206 - HTTP connection lost
2026-03-27 15:14:36,133 [TRACE] uvicorn.error: 127.0.0.1:54207 - HTTP connection made
2026-03-27 15:14:36,133 [TRACE] uvicorn.asgi: 127.0.0.1:54207 - ASGI [15] Started scope={'type': 'http', 'asgi': {'version': '3.0', 'spec_version': '2.3'}, 'http_version': '1.1', 'server': ('127.0.0.1', 8003), 'client': ('127.0.0.1', 54207), 'scheme': 'http', 'method': 'POST', 'root_path': '', 'path': '/mcp/', 'raw_path': b'/mcp/', 'query_string': b'', 'headers': '<...>', 'state': {}}
2026-03-27 15:14:36,133 [TRACE] uvicorn.asgi: 127.0.0.1:54207 - ASGI [15] Receive {'type': 'http.request', 'body': '<140 bytes>', 'more_body': False}
2026-03-27 15:14:36,134 [TRACE] uvicorn.asgi: 127.0.0.1:54207 - ASGI [15] Send {'type': 'http.response.start', 'status': 200, 'headers': '<...>'}
2026-03-27 15:14:36,134 [INFO] uvicorn.access: 127.0.0.1:54207 - "POST /mcp/ HTTP/1.1" 200
2026-03-27 15:14:36,135 [INFO] mcp.server.lowlevel.server: Processing request of type ReadResourceRequest
2026-03-27 15:14:36,136 [TRACE] uvicorn.asgi: 127.0.0.1:54207 - ASGI [15] Send {'type': 'http.response.body', 'body': '<411 bytes>', 'more_body': True}
2026-03-27 15:14:36,136 [TRACE] uvicorn.asgi: 127.0.0.1:54207 - ASGI [15] Send {'type': 'http.response.body', 'body': '<0 bytes>', 'more_body': False}
2026-03-27 15:14:36,137 [TRACE] uvicorn.asgi: 127.0.0.1:54207 - ASGI [15] Receive {'type': 'http.disconnect'}
2026-03-27 15:14:36,137 [TRACE] uvicorn.asgi: 127.0.0.1:54207 - ASGI [15] Completed
2026-03-27 15:14:40,189 [TRACE] uvicorn.asgi: 127.0.0.1:54207 - ASGI [16] Started scope={'type': 'http', 'asgi': {'version': '3.0', 'spec_version': '2.3'}, 'http_version': '1.1', 'server': ('127.0.0.1', 8003), 'client': ('127.0.0.1', 54207), 'scheme': 'http', 'method': 'POST', 'root_path': '', 'path': '/mcp', 'raw_path': b'/mcp', 'query_string': b'', 'headers': '<...>', 'state': {}}
2026-03-27 15:14:40,189 [TRACE] uvicorn.asgi: 127.0.0.1:54207 - ASGI [16] Send {'type': 'http.response.start', 'status': 307, 'headers': '<...>'}
2026-03-27 15:14:40,189 [INFO] uvicorn.access: 127.0.0.1:54207 - "POST /mcp HTTP/1.1" 307
2026-03-27 15:14:40,189 [TRACE] uvicorn.asgi: 127.0.0.1:54207 - ASGI [16] Send {'type': 'http.response.body', 'body': '<0 bytes>'}
2026-03-27 15:14:40,190 [TRACE] uvicorn.asgi: 127.0.0.1:54207 - ASGI [16] Completed
2026-03-27 15:14:40,191 [TRACE] uvicorn.error: 127.0.0.1:54207 - HTTP connection lost
2026-03-27 15:14:40,192 [TRACE] uvicorn.error: 127.0.0.1:54209 - HTTP connection made
2026-03-27 15:14:40,192 [TRACE] uvicorn.asgi: 127.0.0.1:54209 - ASGI [17] Started scope={'type': 'http', 'asgi': {'version': '3.0', 'spec_version': '2.3'}, 'http_version': '1.1', 'server': ('127.0.0.1', 8003), 'client': ('127.0.0.1', 54209), 'scheme': 'http', 'method': 'POST', 'root_path': '', 'path': '/mcp/', 'raw_path': b'/mcp/', 'query_string': b'', 'headers': '<...>', 'state': {}}
2026-03-27 15:14:40,192 [TRACE] uvicorn.asgi: 127.0.0.1:54209 - ASGI [17] Receive {'type': 'http.request', 'body': '<85 bytes>', 'more_body': False}
2026-03-27 15:14:40,193 [TRACE] uvicorn.asgi: 127.0.0.1:54209 - ASGI [17] Send {'type': 'http.response.start', 'status': 200, 'headers': '<...>'}
2026-03-27 15:14:40,193 [INFO] uvicorn.access: 127.0.0.1:54209 - "POST /mcp/ HTTP/1.1" 200
2026-03-27 15:14:40,194 [INFO] mcp.server.lowlevel.server: Processing request of type ListToolsRequest
2026-03-27 15:14:40,197 [TRACE] uvicorn.asgi: 127.0.0.1:54209 - ASGI [17] Send {'type': 'http.response.body', 'body': '<2518 bytes>', 'more_body': True}
2026-03-27 15:14:40,197 [TRACE] uvicorn.asgi: 127.0.0.1:54209 - ASGI [17] Send {'type': 'http.response.body', 'body': '<0 bytes>', 'more_body': False}
2026-03-27 15:14:40,198 [TRACE] uvicorn.asgi: 127.0.0.1:54209 - ASGI [17] Receive {'type': 'http.disconnect'}
2026-03-27 15:14:40,198 [TRACE] uvicorn.asgi: 127.0.0.1:54209 - ASGI [17] Completed
2026-03-27 15:14:43,759 [TRACE] uvicorn.asgi: 127.0.0.1:54201 - ASGI [9] Send {'type': 'http.response.body', 'body': '<45 bytes>', 'more_body': True}
2026-03-27 15:14:45,199 [TRACE] uvicorn.error: 127.0.0.1:54209 - HTTP connection lost
2026-03-27 15:14:45,266 [TRACE] uvicorn.error: 127.0.0.1:54211 - HTTP connection made
2026-03-27 15:14:45,267 [TRACE] uvicorn.asgi: 127.0.0.1:54211 - ASGI [18] Started scope={'type': 'http', 'asgi': {'version': '3.0', 'spec_version': '2.3'}, 'http_version': '1.1', 'server': ('127.0.0.1', 8003), 'client': ('127.0.0.1', 54211), 'scheme': 'http', 'method': 'POST', 'root_path': '', 'path': '/mcp', 'raw_path': b'/mcp', 'query_string': b'', 'headers': '<...>', 'state': {}}
2026-03-27 15:14:45,267 [TRACE] uvicorn.asgi: 127.0.0.1:54211 - ASGI [18] Send {'type': 'http.response.start', 'status': 307, 'headers': '<...>'}
2026-03-27 15:14:45,268 [INFO] uvicorn.access: 127.0.0.1:54211 - "POST /mcp HTTP/1.1" 307
2026-03-27 15:14:45,268 [TRACE] uvicorn.asgi: 127.0.0.1:54211 - ASGI [18] Send {'type': 'http.response.body', 'body': '<0 bytes>'}
2026-03-27 15:14:45,268 [TRACE] uvicorn.asgi: 127.0.0.1:54211 - ASGI [18] Completed
2026-03-27 15:14:45,269 [TRACE] uvicorn.error: 127.0.0.1:54211 - HTTP connection lost
2026-03-27 15:14:45,270 [TRACE] uvicorn.error: 127.0.0.1:54212 - HTTP connection made
2026-03-27 15:14:45,271 [TRACE] uvicorn.asgi: 127.0.0.1:54212 - ASGI [19] Started scope={'type': 'http', 'asgi': {'version': '3.0', 'spec_version': '2.3'}, 'http_version': '1.1', 'server': ('127.0.0.1', 8003), 'client': ('127.0.0.1', 54212), 'scheme': 'http', 'method': 'POST', 'root_path': '', 'path': '/mcp/', 'raw_path': b'/mcp/', 'query_string': b'', 'headers': '<...>', 'state': {}}
2026-03-27 15:14:45,271 [TRACE] uvicorn.asgi: 127.0.0.1:54212 - ASGI [19] Receive {'type': 'http.request', 'body': '<127 bytes>', 'more_body': False}
2026-03-27 15:14:45,271 [TRACE] uvicorn.asgi: 127.0.0.1:54212 - ASGI [19] Send {'type': 'http.response.start', 'status': 200, 'headers': '<...>'}
2026-03-27 15:14:45,271 [INFO] uvicorn.access: 127.0.0.1:54212 - "POST /mcp/ HTTP/1.1" 200
2026-03-27 15:14:45,272 [INFO] mcp.server.lowlevel.server: Processing request of type CallToolRequest
2026-03-27 15:14:45,302 [INFO] httpx: HTTP Request: GET http://fastapi/health "HTTP/1.1 200 OK"
2026-03-27 15:14:45,303 [INFO] mcp.server.lowlevel.server: Warning: DeprecationWarning: datetime.datetime.utcnow() is deprecated and scheduled for removal in a future version. Use timezone-aware objects to represent datetimes in UTC: datetime.datetime.now(datetime.UTC).
2026-03-27 15:14:45,303 [TRACE] uvicorn.asgi: 127.0.0.1:54212 - ASGI [19] Send {'type': 'http.response.body', 'body': '<706 bytes>', 'more_body': True}
2026-03-27 15:14:45,303 [TRACE] uvicorn.asgi: 127.0.0.1:54212 - ASGI [19] Send {'type': 'http.response.body', 'body': '<0 bytes>', 'more_body': False}
2026-03-27 15:14:45,304 [TRACE] uvicorn.asgi: 127.0.0.1:54212 - ASGI [19] Receive {'type': 'http.disconnect'}
2026-03-27 15:14:45,304 [TRACE] uvicorn.asgi: 127.0.0.1:54212 - ASGI [19] Completed
2026-03-27 15:14:50,305 [TRACE] uvicorn.error: 127.0.0.1:54212 - HTTP connection lost
2026-03-27 15:14:58,762 [TRACE] uvicorn.asgi: 127.0.0.1:54201 - ASGI [9] Send {'type': 'http.response.body', 'body': '<45 bytes>', 'more_body': True}
2026-03-27 15:15:01,528 [TRACE] uvicorn.error: 127.0.0.1:54215 - HTTP connection made
2026-03-27 15:15:01,529 [TRACE] uvicorn.asgi: 127.0.0.1:54215 - ASGI [20] Started scope={'type': 'http', 'asgi': {'version': '3.0', 'spec_version': '2.3'}, 'http_version': '1.1', 'server': ('127.0.0.1', 8003), 'client': ('127.0.0.1', 54215), 'scheme': 'http', 'method': 'POST', 'root_path': '', 'path': '/mcp', 'raw_path': b'/mcp', 'query_string': b'', 'headers': '<...>', 'state': {}}
2026-03-27 15:15:01,529 [TRACE] uvicorn.asgi: 127.0.0.1:54215 - ASGI [20] Send {'type': 'http.response.start', 'status': 307, 'headers': '<...>'}
2026-03-27 15:15:01,529 [INFO] uvicorn.access: 127.0.0.1:54215 - "POST /mcp HTTP/1.1" 307
2026-03-27 15:15:01,529 [TRACE] uvicorn.asgi: 127.0.0.1:54215 - ASGI [20] Send {'type': 'http.response.body', 'body': '<0 bytes>'}
2026-03-27 15:15:01,529 [TRACE] uvicorn.asgi: 127.0.0.1:54215 - ASGI [20] Completed
2026-03-27 15:15:01,530 [TRACE] uvicorn.error: 127.0.0.1:54215 - HTTP connection lost
2026-03-27 15:15:01,531 [TRACE] uvicorn.error: 127.0.0.1:54216 - HTTP connection made
2026-03-27 15:15:01,531 [TRACE] uvicorn.asgi: 127.0.0.1:54216 - ASGI [21] Started scope={'type': 'http', 'asgi': {'version': '3.0', 'spec_version': '2.3'}, 'http_version': '1.1', 'server': ('127.0.0.1', 8003), 'client': ('127.0.0.1', 54216), 'scheme': 'http', 'method': 'POST', 'root_path': '', 'path': '/mcp/', 'raw_path': b'/mcp/', 'query_string': b'', 'headers': '<...>', 'state': {}}
2026-03-27 15:15:01,532 [TRACE] uvicorn.asgi: 127.0.0.1:54216 - ASGI [21] Receive {'type': 'http.request', 'body': '<164 bytes>', 'more_body': False}
2026-03-27 15:15:01,532 [TRACE] uvicorn.asgi: 127.0.0.1:54216 - ASGI [21] Send {'type': 'http.response.start', 'status': 200, 'headers': '<...>'}
2026-03-27 15:15:01,532 [INFO] uvicorn.access: 127.0.0.1:54216 - "POST /mcp/ HTTP/1.1" 200
2026-03-27 15:15:01,533 [INFO] mcp.server.lowlevel.server: Processing request of type CallToolRequest
2026-03-27 15:15:01,538 [INFO] httpx: HTTP Request: POST http://fastapi/miles-to-kilometers "HTTP/1.1 401 Unauthorized"
2026-03-27 15:15:01,614 [TRACE] uvicorn.asgi: 127.0.0.1:54216 - ASGI [21] Send {'type': 'http.response.body', 'body': '<250 bytes>', 'more_body': True}
2026-03-27 15:15:01,615 [TRACE] uvicorn.asgi: 127.0.0.1:54216 - ASGI [21] Send {'type': 'http.response.body', 'body': '<0 bytes>', 'more_body': False}
2026-03-27 15:15:01,615 [TRACE] uvicorn.asgi: 127.0.0.1:54216 - ASGI [21] Receive {'type': 'http.disconnect'}
2026-03-27 15:15:01,615 [TRACE] uvicorn.asgi: 127.0.0.1:54216 - ASGI [21] Completed
2026-03-27 15:15:06,615 [TRACE] uvicorn.error: 127.0.0.1:54216 - HTTP connection lost
2026-03-27 15:15:13,764 [TRACE] uvicorn.asgi: 127.0.0.1:54201 - ASGI [9] Send {'type': 'http.response.body', 'body': '<45 bytes>', 'more_body': True}
2026-03-27 15:15:14,459 [TRACE] uvicorn.error: 127.0.0.1:54222 - HTTP connection made
2026-03-27 15:15:14,460 [TRACE] uvicorn.asgi: 127.0.0.1:54222 - ASGI [22] Started scope={'type': 'http', 'asgi': {'version': '3.0', 'spec_version': '2.3'}, 'http_version': '1.1', 'server': ('127.0.0.1', 8003), 'client': ('127.0.0.1', 54222), 'scheme': 'http', 'method': 'POST', 'root_path': '', 'path': '/mcp', 'raw_path': b'/mcp', 'query_string': b'', 'headers': '<...>', 'state': {}}
2026-03-27 15:15:14,461 [TRACE] uvicorn.asgi: 127.0.0.1:54222 - ASGI [22] Send {'type': 'http.response.start', 'status': 307, 'headers': '<...>'}
2026-03-27 15:15:14,461 [INFO] uvicorn.access: 127.0.0.1:54222 - "POST /mcp HTTP/1.1" 307
2026-03-27 15:15:14,461 [TRACE] uvicorn.asgi: 127.0.0.1:54222 - ASGI [22] Send {'type': 'http.response.body', 'body': '<0 bytes>'}
2026-03-27 15:15:14,461 [TRACE] uvicorn.asgi: 127.0.0.1:54222 - ASGI [22] Completed
2026-03-27 15:15:14,462 [TRACE] uvicorn.error: 127.0.0.1:54222 - HTTP connection lost
2026-03-27 15:15:14,463 [TRACE] uvicorn.error: 127.0.0.1:54223 - HTTP connection made
2026-03-27 15:15:14,463 [TRACE] uvicorn.asgi: 127.0.0.1:54223 - ASGI [23] Started scope={'type': 'http', 'asgi': {'version': '3.0', 'spec_version': '2.3'}, 'http_version': '1.1', 'server': ('127.0.0.1', 8003), 'client': ('127.0.0.1', 54223), 'scheme': 'http', 'method': 'POST', 'root_path': '', 'path': '/mcp/', 'raw_path': b'/mcp/', 'query_string': b'', 'headers': '<...>', 'state': {}}
2026-03-27 15:15:14,464 [TRACE] uvicorn.asgi: 127.0.0.1:54223 - ASGI [23] Receive {'type': 'http.request', 'body': '<196 bytes>', 'more_body': False}
2026-03-27 15:15:14,464 [TRACE] uvicorn.asgi: 127.0.0.1:54223 - ASGI [23] Send {'type': 'http.response.start', 'status': 200, 'headers': '<...>'}
2026-03-27 15:15:14,464 [INFO] uvicorn.access: 127.0.0.1:54223 - "POST /mcp/ HTTP/1.1" 200
2026-03-27 15:15:14,465 [INFO] mcp.server.lowlevel.server: Processing request of type CallToolRequest
2026-03-27 15:15:14,467 [INFO] httpx: HTTP Request: POST http://fastapi/miles-to-kilometers "HTTP/1.1 401 Unauthorized"
2026-03-27 15:15:14,523 [TRACE] uvicorn.asgi: 127.0.0.1:54223 - ASGI [23] Send {'type': 'http.response.body', 'body': '<250 bytes>', 'more_body': True}
2026-03-27 15:15:14,524 [TRACE] uvicorn.asgi: 127.0.0.1:54223 - ASGI [23] Send {'type': 'http.response.body', 'body': '<0 bytes>', 'more_body': False}
2026-03-27 15:15:14,524 [TRACE] uvicorn.asgi: 127.0.0.1:54223 - ASGI [23] Receive {'type': 'http.disconnect'}
2026-03-27 15:15:14,524 [TRACE] uvicorn.asgi: 127.0.0.1:54223 - ASGI [23] Completed
2026-03-27 15:15:19,525 [TRACE] uvicorn.error: 127.0.0.1:54223 - HTTP connection lost
2026-03-27 15:15:28,766 [TRACE] uvicorn.asgi: 127.0.0.1:54201 - ASGI [9] Send {'type': 'http.response.body', 'body': '<45 bytes>', 'more_body': True}
2026-03-27 15:15:43,769 [TRACE] uvicorn.asgi: 127.0.0.1:54201 - ASGI [9] Send {'type': 'http.response.body', 'body': '<45 bytes>', 'more_body': True}
2026-03-27 15:15:44,987 [TRACE] uvicorn.error: 127.0.0.1:54226 - HTTP connection made
2026-03-27 15:15:44,988 [TRACE] uvicorn.asgi: 127.0.0.1:54226 - ASGI [24] Started scope={'type': 'http', 'asgi': {'version': '3.0', 'spec_version': '2.3'}, 'http_version': '1.1', 'server': ('127.0.0.1', 8003), 'client': ('127.0.0.1', 54226), 'scheme': 'http', 'method': 'POST', 'root_path': '', 'path': '/mcp', 'raw_path': b'/mcp', 'query_string': b'', 'headers': '<...>', 'state': {}}
2026-03-27 15:15:44,989 [TRACE] uvicorn.asgi: 127.0.0.1:54226 - ASGI [24] Send {'type': 'http.response.start', 'status': 307, 'headers': '<...>'}
2026-03-27 15:15:44,989 [INFO] uvicorn.access: 127.0.0.1:54226 - "POST /mcp HTTP/1.1" 307
2026-03-27 15:15:44,989 [TRACE] uvicorn.asgi: 127.0.0.1:54226 - ASGI [24] Send {'type': 'http.response.body', 'body': '<0 bytes>'}
2026-03-27 15:15:44,990 [TRACE] uvicorn.asgi: 127.0.0.1:54226 - ASGI [24] Completed
2026-03-27 15:15:44,990 [TRACE] uvicorn.error: 127.0.0.1:54226 - HTTP connection lost
2026-03-27 15:15:44,991 [TRACE] uvicorn.error: 127.0.0.1:54227 - HTTP connection made
2026-03-27 15:15:44,992 [TRACE] uvicorn.asgi: 127.0.0.1:54227 - ASGI [25] Started scope={'type': 'http', 'asgi': {'version': '3.0', 'spec_version': '2.3'}, 'http_version': '1.1', 'server': ('127.0.0.1', 8003), 'client': ('127.0.0.1', 54227), 'scheme': 'http', 'method': 'POST', 'root_path': '', 'path': '/mcp/', 'raw_path': b'/mcp/', 'query_string': b'', 'headers': '<...>', 'state': {}}
2026-03-27 15:15:44,992 [TRACE] uvicorn.asgi: 127.0.0.1:54227 - ASGI [25] Receive {'type': 'http.request', 'body': '<203 bytes>', 'more_body': False}
2026-03-27 15:15:44,992 [TRACE] uvicorn.asgi: 127.0.0.1:54227 - ASGI [25] Send {'type': 'http.response.start', 'status': 200, 'headers': '<...>'}
2026-03-27 15:15:44,992 [INFO] uvicorn.access: 127.0.0.1:54227 - "POST /mcp/ HTTP/1.1" 200
2026-03-27 15:15:44,993 [INFO] mcp.server.lowlevel.server: Processing request of type CallToolRequest
2026-03-27 15:15:44,995 [INFO] httpx: HTTP Request: POST http://fastapi/miles-to-kilometers "HTTP/1.1 200 OK"
2026-03-27 15:15:44,998 [TRACE] uvicorn.asgi: 127.0.0.1:54227 - ASGI [25] Send {'type': 'http.response.body', 'body': '<330 bytes>', 'more_body': True}
2026-03-27 15:15:44,998 [TRACE] uvicorn.asgi: 127.0.0.1:54227 - ASGI [25] Send {'type': 'http.response.body', 'body': '<0 bytes>', 'more_body': False}
2026-03-27 15:15:44,999 [TRACE] uvicorn.asgi: 127.0.0.1:54227 - ASGI [25] Receive {'type': 'http.disconnect'}
2026-03-27 15:15:44,999 [TRACE] uvicorn.asgi: 127.0.0.1:54227 - ASGI [25] Completed
2026-03-27 15:15:50,000 [TRACE] uvicorn.error: 127.0.0.1:54227 - HTTP connection lost
2026-03-27 15:15:56,791 [TRACE] uvicorn.error: 127.0.0.1:54230 - HTTP connection made
2026-03-27 15:15:56,791 [TRACE] uvicorn.asgi: 127.0.0.1:54230 - ASGI [26] Started scope={'type': 'http', 'asgi': {'version': '3.0', 'spec_version': '2.3'}, 'http_version': '1.1', 'server': ('127.0.0.1', 8003), 'client': ('127.0.0.1', 54230), 'scheme': 'http', 'method': 'POST', 'root_path': '', 'path': '/mcp', 'raw_path': b'/mcp', 'query_string': b'', 'headers': '<...>', 'state': {}}
2026-03-27 15:15:56,792 [TRACE] uvicorn.asgi: 127.0.0.1:54230 - ASGI [26] Send {'type': 'http.response.start', 'status': 307, 'headers': '<...>'}
2026-03-27 15:15:56,792 [INFO] uvicorn.access: 127.0.0.1:54230 - "POST /mcp HTTP/1.1" 307
2026-03-27 15:15:56,792 [TRACE] uvicorn.asgi: 127.0.0.1:54230 - ASGI [26] Send {'type': 'http.response.body', 'body': '<0 bytes>'}
2026-03-27 15:15:56,792 [TRACE] uvicorn.asgi: 127.0.0.1:54230 - ASGI [26] Completed
2026-03-27 15:15:56,793 [TRACE] uvicorn.error: 127.0.0.1:54230 - HTTP connection lost
2026-03-27 15:15:56,794 [TRACE] uvicorn.error: 127.0.0.1:54231 - HTTP connection made
2026-03-27 15:15:56,794 [TRACE] uvicorn.asgi: 127.0.0.1:54231 - ASGI [27] Started scope={'type': 'http', 'asgi': {'version': '3.0', 'spec_version': '2.3'}, 'http_version': '1.1', 'server': ('127.0.0.1', 8003), 'client': ('127.0.0.1', 54231), 'scheme': 'http', 'method': 'POST', 'root_path': '', 'path': '/mcp/', 'raw_path': b'/mcp/', 'query_string': b'', 'headers': '<...>', 'state': {}}
2026-03-27 15:15:56,794 [TRACE] uvicorn.asgi: 127.0.0.1:54231 - ASGI [27] Receive {'type': 'http.request', 'body': '<168 bytes>', 'more_body': False}
2026-03-27 15:15:56,795 [TRACE] uvicorn.asgi: 127.0.0.1:54231 - ASGI [27] Send {'type': 'http.response.start', 'status': 200, 'headers': '<...>'}
2026-03-27 15:15:56,795 [INFO] uvicorn.access: 127.0.0.1:54231 - "POST /mcp/ HTTP/1.1" 200
2026-03-27 15:15:56,795 [INFO] mcp.server.lowlevel.server: Processing request of type CallToolRequest
2026-03-27 15:15:56,799 [INFO] httpx: HTTP Request: POST http://fastapi/kilometers-to-miles?kilometers=0 "HTTP/1.1 200 OK"
2026-03-27 15:15:56,799 [TRACE] uvicorn.asgi: 127.0.0.1:54231 - ASGI [27] Send {'type': 'http.response.body', 'body': '<238 bytes>', 'more_body': True}
2026-03-27 15:15:56,800 [TRACE] uvicorn.asgi: 127.0.0.1:54231 - ASGI [27] Send {'type': 'http.response.body', 'body': '<0 bytes>', 'more_body': False}
2026-03-27 15:15:56,800 [TRACE] uvicorn.asgi: 127.0.0.1:54231 - ASGI [27] Receive {'type': 'http.disconnect'}
2026-03-27 15:15:56,800 [TRACE] uvicorn.asgi: 127.0.0.1:54231 - ASGI [27] Completed
2026-03-27 15:15:58,771 [TRACE] uvicorn.asgi: 127.0.0.1:54201 - ASGI [9] Send {'type': 'http.response.body', 'body': '<45 bytes>', 'more_body': True}
2026-03-27 15:16:01,374 [TRACE] uvicorn.asgi: 127.0.0.1:54231 - ASGI [28] Started scope={'type': 'http', 'asgi': {'version': '3.0', 'spec_version': '2.3'}, 'http_version': '1.1', 'server': ('127.0.0.1', 8003), 'client': ('127.0.0.1', 54231), 'scheme': 'http', 'method': 'POST', 'root_path': '', 'path': '/mcp', 'raw_path': b'/mcp', 'query_string': b'', 'headers': '<...>', 'state': {}}
2026-03-27 15:16:01,375 [TRACE] uvicorn.asgi: 127.0.0.1:54231 - ASGI [28] Send {'type': 'http.response.start', 'status': 307, 'headers': '<...>'}
2026-03-27 15:16:01,375 [INFO] uvicorn.access: 127.0.0.1:54231 - "POST /mcp HTTP/1.1" 307
2026-03-27 15:16:01,375 [TRACE] uvicorn.asgi: 127.0.0.1:54231 - ASGI [28] Send {'type': 'http.response.body', 'body': '<0 bytes>'}
2026-03-27 15:16:01,376 [TRACE] uvicorn.asgi: 127.0.0.1:54231 - ASGI [28] Completed
2026-03-27 15:16:01,376 [TRACE] uvicorn.error: 127.0.0.1:54231 - HTTP connection lost
2026-03-27 15:16:01,377 [TRACE] uvicorn.error: 127.0.0.1:54232 - HTTP connection made
2026-03-27 15:16:01,378 [TRACE] uvicorn.asgi: 127.0.0.1:54232 - ASGI [29] Started scope={'type': 'http', 'asgi': {'version': '3.0', 'spec_version': '2.3'}, 'http_version': '1.1', 'server': ('127.0.0.1', 8003), 'client': ('127.0.0.1', 54232), 'scheme': 'http', 'method': 'POST', 'root_path': '', 'path': '/mcp/', 'raw_path': b'/mcp/', 'query_string': b'', 'headers': '<...>', 'state': {}}
2026-03-27 15:16:01,378 [TRACE] uvicorn.asgi: 127.0.0.1:54232 - ASGI [29] Receive {'type': 'http.request', 'body': '<174 bytes>', 'more_body': False}
2026-03-27 15:16:01,378 [TRACE] uvicorn.asgi: 127.0.0.1:54232 - ASGI [29] Send {'type': 'http.response.start', 'status': 200, 'headers': '<...>'}
2026-03-27 15:16:01,379 [INFO] uvicorn.access: 127.0.0.1:54232 - "POST /mcp/ HTTP/1.1" 200
2026-03-27 15:16:01,379 [INFO] mcp.server.lowlevel.server: Processing request of type CallToolRequest
2026-03-27 15:16:01,381 [INFO] httpx: HTTP Request: POST http://fastapi/fahrenheit-to-celsius?fahrenheit=0 "HTTP/1.1 200 OK"
2026-03-27 15:16:01,382 [TRACE] uvicorn.asgi: 127.0.0.1:54232 - ASGI [29] Send {'type': 'http.response.body', 'body': '<273 bytes>', 'more_body': True}
2026-03-27 15:16:01,382 [TRACE] uvicorn.asgi: 127.0.0.1:54232 - ASGI [29] Send {'type': 'http.response.body', 'body': '<0 bytes>', 'more_body': False}
2026-03-27 15:16:01,383 [TRACE] uvicorn.asgi: 127.0.0.1:54232 - ASGI [29] Receive {'type': 'http.disconnect'}
2026-03-27 15:16:01,383 [TRACE] uvicorn.asgi: 127.0.0.1:54232 - ASGI [29] Completed
2026-03-27 15:16:06,383 [TRACE] uvicorn.error: 127.0.0.1:54232 - HTTP connection lost
2026-03-27 15:16:07,765 [TRACE] uvicorn.error: 127.0.0.1:54235 - HTTP connection made
2026-03-27 15:16:07,766 [TRACE] uvicorn.asgi: 127.0.0.1:54235 - ASGI [30] Started scope={'type': 'http', 'asgi': {'version': '3.0', 'spec_version': '2.3'}, 'http_version': '1.1', 'server': ('127.0.0.1', 8003), 'client': ('127.0.0.1', 54235), 'scheme': 'http', 'method': 'POST', 'root_path': '', 'path': '/mcp', 'raw_path': b'/mcp', 'query_string': b'', 'headers': '<...>', 'state': {}}
2026-03-27 15:16:07,767 [TRACE] uvicorn.asgi: 127.0.0.1:54235 - ASGI [30] Send {'type': 'http.response.start', 'status': 307, 'headers': '<...>'}
2026-03-27 15:16:07,767 [INFO] uvicorn.access: 127.0.0.1:54235 - "POST /mcp HTTP/1.1" 307
2026-03-27 15:16:07,767 [TRACE] uvicorn.asgi: 127.0.0.1:54235 - ASGI [30] Send {'type': 'http.response.body', 'body': '<0 bytes>'}
2026-03-27 15:16:07,767 [TRACE] uvicorn.asgi: 127.0.0.1:54235 - ASGI [30] Completed
2026-03-27 15:16:07,769 [TRACE] uvicorn.error: 127.0.0.1:54235 - HTTP connection lost
2026-03-27 15:16:07,770 [TRACE] uvicorn.error: 127.0.0.1:54236 - HTTP connection made
2026-03-27 15:16:07,770 [TRACE] uvicorn.asgi: 127.0.0.1:54236 - ASGI [31] Started scope={'type': 'http', 'asgi': {'version': '3.0', 'spec_version': '2.3'}, 'http_version': '1.1', 'server': ('127.0.0.1', 8003), 'client': ('127.0.0.1', 54236), 'scheme': 'http', 'method': 'POST', 'root_path': '', 'path': '/mcp/', 'raw_path': b'/mcp/', 'query_string': b'', 'headers': '<...>', 'state': {}}
2026-03-27 15:16:07,771 [TRACE] uvicorn.asgi: 127.0.0.1:54236 - ASGI [31] Receive {'type': 'http.request', 'body': '<89 bytes>', 'more_body': False}
2026-03-27 15:16:07,771 [TRACE] uvicorn.asgi: 127.0.0.1:54236 - ASGI [31] Send {'type': 'http.response.start', 'status': 200, 'headers': '<...>'}
2026-03-27 15:16:07,771 [INFO] uvicorn.access: 127.0.0.1:54236 - "POST /mcp/ HTTP/1.1" 200
2026-03-27 15:16:07,773 [INFO] mcp.server.lowlevel.server: Processing request of type ListPromptsRequest
2026-03-27 15:16:07,774 [TRACE] uvicorn.asgi: 127.0.0.1:54236 - ASGI [31] Send {'type': 'http.response.body', 'body': '<352 bytes>', 'more_body': True}
2026-03-27 15:16:07,774 [TRACE] uvicorn.asgi: 127.0.0.1:54236 - ASGI [31] Send {'type': 'http.response.body', 'body': '<0 bytes>', 'more_body': False}
2026-03-27 15:16:07,775 [TRACE] uvicorn.asgi: 127.0.0.1:54236 - ASGI [31] Receive {'type': 'http.disconnect'}
2026-03-27 15:16:07,775 [TRACE] uvicorn.asgi: 127.0.0.1:54236 - ASGI [31] Completed
2026-03-27 15:16:10,283 [TRACE] uvicorn.asgi: 127.0.0.1:54236 - ASGI [32] Started scope={'type': 'http', 'asgi': {'version': '3.0', 'spec_version': '2.3'}, 'http_version': '1.1', 'server': ('127.0.0.1', 8003), 'client': ('127.0.0.1', 54236), 'scheme': 'http', 'method': 'POST', 'root_path': '', 'path': '/mcp', 'raw_path': b'/mcp', 'query_string': b'', 'headers': '<...>', 'state': {}}
2026-03-27 15:16:10,283 [TRACE] uvicorn.asgi: 127.0.0.1:54236 - ASGI [32] Send {'type': 'http.response.start', 'status': 307, 'headers': '<...>'}
2026-03-27 15:16:10,284 [INFO] uvicorn.access: 127.0.0.1:54236 - "POST /mcp HTTP/1.1" 307
2026-03-27 15:16:10,284 [TRACE] uvicorn.asgi: 127.0.0.1:54236 - ASGI [32] Send {'type': 'http.response.body', 'body': '<0 bytes>'}
2026-03-27 15:16:10,285 [TRACE] uvicorn.asgi: 127.0.0.1:54236 - ASGI [32] Completed
2026-03-27 15:16:10,285 [TRACE] uvicorn.error: 127.0.0.1:54236 - HTTP connection lost
2026-03-27 15:16:10,286 [TRACE] uvicorn.error: 127.0.0.1:54237 - HTTP connection made
2026-03-27 15:16:10,287 [TRACE] uvicorn.asgi: 127.0.0.1:54237 - ASGI [33] Started scope={'type': 'http', 'asgi': {'version': '3.0', 'spec_version': '2.3'}, 'http_version': '1.1', 'server': ('127.0.0.1', 8003), 'client': ('127.0.0.1', 54237), 'scheme': 'http', 'method': 'POST', 'root_path': '', 'path': '/mcp/', 'raw_path': b'/mcp/', 'query_string': b'', 'headers': '<...>', 'state': {}}
2026-03-27 15:16:10,287 [TRACE] uvicorn.asgi: 127.0.0.1:54237 - ASGI [33] Receive {'type': 'http.request', 'body': '<131 bytes>', 'more_body': False}
2026-03-27 15:16:10,288 [TRACE] uvicorn.asgi: 127.0.0.1:54237 - ASGI [33] Send {'type': 'http.response.start', 'status': 200, 'headers': '<...>'}
2026-03-27 15:16:10,288 [INFO] uvicorn.access: 127.0.0.1:54237 - "POST /mcp/ HTTP/1.1" 200
2026-03-27 15:16:10,288 [INFO] mcp.server.lowlevel.server: Processing request of type GetPromptRequest
2026-03-27 15:16:10,302 [TRACE] uvicorn.asgi: 127.0.0.1:54237 - ASGI [33] Send {'type': 'http.response.body', 'body': '<125 bytes>', 'more_body': True}
2026-03-27 15:16:10,302 [TRACE] uvicorn.asgi: 127.0.0.1:54237 - ASGI [33] Send {'type': 'http.response.body', 'body': '<0 bytes>', 'more_body': False}
2026-03-27 15:16:10,302 [TRACE] uvicorn.asgi: 127.0.0.1:54237 - ASGI [33] Receive {'type': 'http.disconnect'}
2026-03-27 15:16:10,303 [TRACE] uvicorn.asgi: 127.0.0.1:54237 - ASGI [33] Completed
2026-03-27 15:16:13,774 [TRACE] uvicorn.asgi: 127.0.0.1:54201 - ASGI [9] Send {'type': 'http.response.body', 'body': '<45 bytes>', 'more_body': True}
2026-03-27 15:16:15,304 [TRACE] uvicorn.error: 127.0.0.1:54237 - HTTP connection lost
2026-03-27 15:16:28,776 [TRACE] uvicorn.asgi: 127.0.0.1:54201 - ASGI [9] Send {'type': 'http.response.body', 'body': '<45 bytes>', 'more_body': True}
2026-03-27 15:16:43,777 [TRACE] uvicorn.asgi: 127.0.0.1:54201 - ASGI [9] Send {'type': 'http.response.body', 'body': '<45 bytes>', 'more_body': True}
2026-03-27 15:16:56,667 [TRACE] uvicorn.error: 127.0.0.1:54242 - HTTP connection made
2026-03-27 15:16:56,668 [TRACE] uvicorn.asgi: 127.0.0.1:54242 - ASGI [34] Started scope={'type': 'http', 'asgi': {'version': '3.0', 'spec_version': '2.3'}, 'http_version': '1.1', 'server': ('127.0.0.1', 8003), 'client': ('127.0.0.1', 54242), 'scheme': 'http', 'method': 'POST', 'root_path': '', 'path': '/mcp', 'raw_path': b'/mcp', 'query_string': b'', 'headers': '<...>', 'state': {}}
2026-03-27 15:16:56,668 [TRACE] uvicorn.asgi: 127.0.0.1:54242 - ASGI [34] Send {'type': 'http.response.start', 'status': 307, 'headers': '<...>'}
2026-03-27 15:16:56,669 [INFO] uvicorn.access: 127.0.0.1:54242 - "POST /mcp HTTP/1.1" 307
2026-03-27 15:16:56,669 [TRACE] uvicorn.asgi: 127.0.0.1:54242 - ASGI [34] Send {'type': 'http.response.body', 'body': '<0 bytes>'}
2026-03-27 15:16:56,669 [TRACE] uvicorn.asgi: 127.0.0.1:54242 - ASGI [34] Completed
2026-03-27 15:16:56,670 [TRACE] uvicorn.error: 127.0.0.1:54242 - HTTP connection lost
2026-03-27 15:16:56,671 [TRACE] uvicorn.error: 127.0.0.1:54243 - HTTP connection made
2026-03-27 15:16:56,671 [TRACE] uvicorn.asgi: 127.0.0.1:54243 - ASGI [35] Started scope={'type': 'http', 'asgi': {'version': '3.0', 'spec_version': '2.3'}, 'http_version': '1.1', 'server': ('127.0.0.1', 8003), 'client': ('127.0.0.1', 54243), 'scheme': 'http', 'method': 'POST', 'root_path': '', 'path': '/mcp/', 'raw_path': b'/mcp/', 'query_string': b'', 'headers': '<...>', 'state': {}}
2026-03-27 15:16:56,672 [TRACE] uvicorn.asgi: 127.0.0.1:54243 - ASGI [35] Receive {'type': 'http.request', 'body': '<122 bytes>', 'more_body': False}
2026-03-27 15:16:56,672 [TRACE] uvicorn.asgi: 127.0.0.1:54243 - ASGI [35] Send {'type': 'http.response.start', 'status': 200, 'headers': '<...>'}
2026-03-27 15:16:56,673 [INFO] uvicorn.access: 127.0.0.1:54243 - "POST /mcp/ HTTP/1.1" 200
2026-03-27 15:16:56,673 [INFO] mcp.server.lowlevel.server: Processing request of type GetPromptRequest
2026-03-27 15:16:56,688 [TRACE] uvicorn.asgi: 127.0.0.1:54243 - ASGI [35] Send {'type': 'http.response.body', 'body': '<116 bytes>', 'more_body': True}
2026-03-27 15:16:56,688 [TRACE] uvicorn.asgi: 127.0.0.1:54243 - ASGI [35] Send {'type': 'http.response.body', 'body': '<0 bytes>', 'more_body': False}
2026-03-27 15:16:56,689 [TRACE] uvicorn.asgi: 127.0.0.1:54243 - ASGI [35] Receive {'type': 'http.disconnect'}
2026-03-27 15:16:56,689 [TRACE] uvicorn.asgi: 127.0.0.1:54243 - ASGI [35] Completed
2026-03-27 15:16:58,779 [TRACE] uvicorn.asgi: 127.0.0.1:54201 - ASGI [9] Send {'type': 'http.response.body', 'body': '<45 bytes>', 'more_body': True}
2026-03-27 15:17:01,690 [TRACE] uvicorn.error: 127.0.0.1:54243 - HTTP connection lost
2026-03-27 15:17:13,781 [TRACE] uvicorn.asgi: 127.0.0.1:54201 - ASGI [9] Send {'type': 'http.response.body', 'body': '<45 bytes>', 'more_body': True}
2026-03-27 15:17:28,784 [TRACE] uvicorn.asgi: 127.0.0.1:54201 - ASGI [9] Send {'type': 'http.response.body', 'body': '<45 bytes>', 'more_body': True}
2026-03-27 15:17:43,787 [TRACE] uvicorn.asgi: 127.0.0.1:54201 - ASGI [9] Send {'type': 'http.response.body', 'body': '<45 bytes>', 'more_body': True}
2026-03-27 15:17:58,788 [TRACE] uvicorn.asgi: 127.0.0.1:54201 - ASGI [9] Send {'type': 'http.response.body', 'body': '<45 bytes>', 'more_body': True}
2026-03-27 15:18:13,790 [TRACE] uvicorn.asgi: 127.0.0.1:54201 - ASGI [9] Send {'type': 'http.response.body', 'body': '<45 bytes>', 'more_body': True}
2026-03-27 15:18:28,792 [TRACE] uvicorn.asgi: 127.0.0.1:54201 - ASGI [9] Send {'type': 'http.response.body', 'body': '<45 bytes>', 'more_body': True}
2026-03-27 15:18:43,794 [TRACE] uvicorn.asgi: 127.0.0.1:54201 - ASGI [9] Send {'type': 'http.response.body', 'body': '<45 bytes>', 'more_body': True}
2026-03-27 15:18:58,796 [TRACE] uvicorn.asgi: 127.0.0.1:54201 - ASGI [9] Send {'type': 'http.response.body', 'body': '<45 bytes>', 'more_body': True}
2026-03-27 15:19:13,798 [TRACE] uvicorn.asgi: 127.0.0.1:54201 - ASGI [9] Send {'type': 'http.response.body', 'body': '<45 bytes>', 'more_body': True}
2026-03-27 15:19:28,800 [TRACE] uvicorn.asgi: 127.0.0.1:54201 - ASGI [9] Send {'type': 'http.response.body', 'body': '<45 bytes>', 'more_body': True}
2026-03-27 15:19:43,802 [TRACE] uvicorn.asgi: 127.0.0.1:54201 - ASGI [9] Send {'type': 'http.response.body', 'body': '<45 bytes>', 'more_body': True}
2026-03-27 15:19:58,804 [TRACE] uvicorn.asgi: 127.0.0.1:54201 - ASGI [9] Send {'type': 'http.response.body', 'body': '<45 bytes>', 'more_body': True}
2026-03-27 15:20:13,806 [TRACE] uvicorn.asgi: 127.0.0.1:54201 - ASGI [9] Send {'type': 'http.response.body', 'body': '<45 bytes>', 'more_body': True}
2026-03-27 15:20:28,807 [TRACE] uvicorn.asgi: 127.0.0.1:54201 - ASGI [9] Send {'type': 'http.response.body', 'body': '<45 bytes>', 'more_body': True}
2026-03-27 15:20:43,808 [TRACE] uvicorn.asgi: 127.0.0.1:54201 - ASGI [9] Send {'type': 'http.response.body', 'body': '<45 bytes>', 'more_body': True}
2026-03-27 15:20:58,810 [TRACE] uvicorn.asgi: 127.0.0.1:54201 - ASGI [9] Send {'type': 'http.response.body', 'body': '<45 bytes>', 'more_body': True}
2026-03-27 15:21:13,812 [TRACE] uvicorn.asgi: 127.0.0.1:54201 - ASGI [9] Send {'type': 'http.response.body', 'body': '<45 bytes>', 'more_body': True}
2026-03-27 15:21:28,814 [TRACE] uvicorn.asgi: 127.0.0.1:54201 - ASGI [9] Send {'type': 'http.response.body', 'body': '<45 bytes>', 'more_body': True}
2026-03-27 15:21:43,814 [TRACE] uvicorn.asgi: 127.0.0.1:54201 - ASGI [9] Send {'type': 'http.response.body', 'body': '<45 bytes>', 'more_body': True}
2026-03-27 15:21:58,816 [TRACE] uvicorn.asgi: 127.0.0.1:54201 - ASGI [9] Send {'type': 'http.response.body', 'body': '<45 bytes>', 'more_body': True}
2026-03-27 15:22:13,819 [TRACE] uvicorn.asgi: 127.0.0.1:54201 - ASGI [9] Send {'type': 'http.response.body', 'body': '<45 bytes>', 'more_body': True}
2026-03-27 15:22:19,524 [INFO] uvicorn.error: Shutting down
2026-03-27 15:22:19,626 [INFO] uvicorn.error: Waiting for connections to close. (CTRL+C to force quit)
2026-03-27 15:22:19,723 [TRACE] uvicorn.asgi: 127.0.0.1:54201 - ASGI [9] Completed
2026-03-27 15:22:19,724 [ERROR] uvicorn.error: ASGI callable returned without completing response.
2026-03-27 15:22:19,724 [TRACE] uvicorn.error: 127.0.0.1:54201 - HTTP connection lost
2026-03-27 15:22:19,726 [INFO] uvicorn.error: Waiting for application shutdown.
2026-03-27 15:22:19,727 [TRACE] uvicorn.asgi: ASGI [1] Receive {'type': 'lifespan.shutdown'}
2026-03-27 15:22:19,727 [INFO] mcp.server.streamable_http_manager: StreamableHTTP session manager shutting down
2026-03-27 15:22:19,728 [TRACE] uvicorn.asgi: ASGI [1] Send {'type': 'lifespan.shutdown.complete'}
2026-03-27 15:22:19,728 [TRACE] uvicorn.asgi: ASGI [1] Completed
2026-03-27 15:22:19,728 [INFO] uvicorn.error: Application shutdown complete.
2026-03-27 15:22:19,729 [INFO] uvicorn.error: Finished server process [25695]
2026-03-27 15:22:27,600 [INFO] uvicorn.error: Started server process [25960]
2026-03-27 15:22:27,600 [INFO] uvicorn.error: Waiting for application startup.
2026-03-27 15:22:27,600 [TRACE] uvicorn.asgi: ASGI [1] Started scope={'type': 'lifespan', 'asgi': {'version': '3.0', 'spec_version': '2.0'}, 'state': {}}
2026-03-27 15:22:27,600 [TRACE] uvicorn.asgi: ASGI [1] Receive {'type': 'lifespan.startup'}
2026-03-27 15:22:27,602 [INFO] mcp.server.streamable_http_manager: StreamableHTTP session manager started
2026-03-27 15:22:27,602 [TRACE] uvicorn.asgi: ASGI [1] Send {'type': 'lifespan.startup.complete'}
2026-03-27 15:22:27,602 [INFO] uvicorn.error: Application startup complete.
2026-03-27 15:22:27,605 [INFO] uvicorn.error: Uvicorn running on http://localhost:8003 (Press CTRL+C to quit)
2026-03-27 15:22:54,921 [TRACE] uvicorn.error: ::1:54277 - HTTP connection made
2026-03-27 15:22:54,921 [TRACE] uvicorn.asgi: ::1:54277 - ASGI [2] Started scope={'type': 'http', 'asgi': {'version': '3.0', 'spec_version': '2.3'}, 'http_version': '1.1', 'server': ('::1', 8003), 'client': ('::1', 54277), 'scheme': 'http', 'method': 'POST', 'root_path': '', 'path': '/mcp', 'raw_path': b'/mcp', 'query_string': b'', 'headers': '<...>', 'state': {}}
2026-03-27 15:22:54,921 [TRACE] uvicorn.asgi: ::1:54277 - ASGI [2] Send {'type': 'http.response.start', 'status': 307, 'headers': '<...>'}
2026-03-27 15:22:54,921 [INFO] uvicorn.access: ::1:54277 - "POST /mcp HTTP/1.1" 307
2026-03-27 15:22:54,921 [TRACE] uvicorn.asgi: ::1:54277 - ASGI [2] Send {'type': 'http.response.body', 'body': '<0 bytes>'}
2026-03-27 15:22:54,921 [TRACE] uvicorn.asgi: ::1:54277 - ASGI [2] Completed
2026-03-27 15:22:54,922 [TRACE] uvicorn.error: ::1:54277 - HTTP connection lost
2026-03-27 15:23:09,928 [TRACE] uvicorn.error: ::1:54280 - HTTP connection made
2026-03-27 15:23:09,929 [TRACE] uvicorn.asgi: ::1:54280 - ASGI [3] Started scope={'type': 'http', 'asgi': {'version': '3.0', 'spec_version': '2.3'}, 'http_version': '1.1', 'server': ('::1', 8003), 'client': ('::1', 54280), 'scheme': 'http', 'method': 'POST', 'root_path': '', 'path': '/mcp', 'raw_path': b'/mcp', 'query_string': b'', 'headers': '<...>', 'state': {}}
2026-03-27 15:23:09,929 [TRACE] uvicorn.asgi: ::1:54280 - ASGI [3] Send {'type': 'http.response.start', 'status': 307, 'headers': '<...>'}
2026-03-27 15:23:09,929 [INFO] uvicorn.access: ::1:54280 - "POST /mcp HTTP/1.1" 307
2026-03-27 15:23:09,929 [TRACE] uvicorn.asgi: ::1:54280 - ASGI [3] Send {'type': 'http.response.body', 'body': '<0 bytes>'}
2026-03-27 15:23:09,929 [TRACE] uvicorn.asgi: ::1:54280 - ASGI [3] Completed
2026-03-27 15:23:09,931 [TRACE] uvicorn.error: ::1:54280 - HTTP connection lost
2026-03-27 15:23:09,932 [TRACE] uvicorn.error: ::1:54281 - HTTP connection made
2026-03-27 15:23:09,932 [TRACE] uvicorn.asgi: ::1:54281 - ASGI [4] Started scope={'type': 'http', 'asgi': {'version': '3.0', 'spec_version': '2.3'}, 'http_version': '1.1', 'server': ('::1', 8003), 'client': ('::1', 54281), 'scheme': 'http', 'method': 'POST', 'root_path': '', 'path': '/mcp/', 'raw_path': b'/mcp/', 'query_string': b'', 'headers': '<...>', 'state': {}}
2026-03-27 15:23:09,933 [INFO] mcp.server.streamable_http_manager: Created new transport with session ID: 74227966d70a4b97a228779878f12fc1
2026-03-27 15:23:09,933 [TRACE] uvicorn.asgi: ::1:54281 - ASGI [4] Receive {'type': 'http.request', 'body': '<330 bytes>', 'more_body': False}
2026-03-27 15:23:09,937 [TRACE] uvicorn.asgi: ::1:54281 - ASGI [4] Send {'type': 'http.response.start', 'status': 200, 'headers': '<...>'}
2026-03-27 15:23:09,937 [INFO] uvicorn.access: ::1:54281 - "POST /mcp/ HTTP/1.1" 200
2026-03-27 15:23:09,938 [TRACE] uvicorn.asgi: ::1:54281 - ASGI [4] Send {'type': 'http.response.body', 'body': '<431 bytes>', 'more_body': True}
2026-03-27 15:23:09,938 [TRACE] uvicorn.asgi: ::1:54281 - ASGI [4] Send {'type': 'http.response.body', 'body': '<0 bytes>', 'more_body': False}
2026-03-27 15:23:09,938 [TRACE] uvicorn.asgi: ::1:54281 - ASGI [4] Receive {'type': 'http.disconnect'}
2026-03-27 15:23:09,938 [TRACE] uvicorn.asgi: ::1:54281 - ASGI [4] Completed
2026-03-27 15:23:09,951 [TRACE] uvicorn.asgi: ::1:54281 - ASGI [5] Started scope={'type': 'http', 'asgi': {'version': '3.0', 'spec_version': '2.3'}, 'http_version': '1.1', 'server': ('::1', 8003), 'client': ('::1', 54281), 'scheme': 'http', 'method': 'POST', 'root_path': '', 'path': '/mcp', 'raw_path': b'/mcp', 'query_string': b'', 'headers': '<...>', 'state': {}}
2026-03-27 15:23:09,951 [TRACE] uvicorn.asgi: ::1:54281 - ASGI [5] Send {'type': 'http.response.start', 'status': 307, 'headers': '<...>'}
2026-03-27 15:23:09,951 [INFO] uvicorn.access: ::1:54281 - "POST /mcp HTTP/1.1" 307
2026-03-27 15:23:09,951 [TRACE] uvicorn.asgi: ::1:54281 - ASGI [5] Send {'type': 'http.response.body', 'body': '<0 bytes>'}
2026-03-27 15:23:09,951 [TRACE] uvicorn.asgi: ::1:54281 - ASGI [5] Completed
2026-03-27 15:23:09,952 [TRACE] uvicorn.error: ::1:54281 - HTTP connection lost
2026-03-27 15:23:09,954 [TRACE] uvicorn.error: ::1:54282 - HTTP connection made
2026-03-27 15:23:09,954 [TRACE] uvicorn.asgi: ::1:54282 - ASGI [6] Started scope={'type': 'http', 'asgi': {'version': '3.0', 'spec_version': '2.3'}, 'http_version': '1.1', 'server': ('::1', 8003), 'client': ('::1', 54282), 'scheme': 'http', 'method': 'POST', 'root_path': '', 'path': '/mcp/', 'raw_path': b'/mcp/', 'query_string': b'', 'headers': '<...>', 'state': {}}
2026-03-27 15:23:09,954 [TRACE] uvicorn.asgi: ::1:54282 - ASGI [6] Receive {'type': 'http.request', 'body': '<54 bytes>', 'more_body': False}
2026-03-27 15:23:09,955 [TRACE] uvicorn.asgi: ::1:54282 - ASGI [6] Send {'type': 'http.response.start', 'status': <HTTPStatus.ACCEPTED: 202>, 'headers': '<...>'}
2026-03-27 15:23:09,955 [INFO] uvicorn.access: ::1:54282 - "POST /mcp/ HTTP/1.1" 202
2026-03-27 15:23:09,955 [TRACE] uvicorn.asgi: ::1:54282 - ASGI [6] Send {'type': 'http.response.body', 'body': '<0 bytes>'}
2026-03-27 15:23:09,955 [TRACE] uvicorn.asgi: ::1:54282 - ASGI [6] Completed
2026-03-27 15:23:09,956 [TRACE] uvicorn.asgi: ::1:54282 - ASGI [7] Started scope={'type': 'http', 'asgi': {'version': '3.0', 'spec_version': '2.3'}, 'http_version': '1.1', 'server': ('::1', 8003), 'client': ('::1', 54282), 'scheme': 'http', 'method': 'GET', 'root_path': '', 'path': '/mcp', 'raw_path': b'/mcp', 'query_string': b'', 'headers': '<...>', 'state': {}}
2026-03-27 15:23:09,956 [TRACE] uvicorn.asgi: ::1:54282 - ASGI [7] Send {'type': 'http.response.start', 'status': 307, 'headers': '<...>'}
2026-03-27 15:23:09,956 [INFO] uvicorn.access: ::1:54282 - "GET /mcp HTTP/1.1" 307
2026-03-27 15:23:09,956 [TRACE] uvicorn.asgi: ::1:54282 - ASGI [7] Send {'type': 'http.response.body', 'body': '<0 bytes>'}
2026-03-27 15:23:09,956 [TRACE] uvicorn.asgi: ::1:54282 - ASGI [7] Completed
2026-03-27 15:23:09,957 [TRACE] uvicorn.error: ::1:54282 - HTTP connection lost
2026-03-27 15:23:09,957 [TRACE] uvicorn.error: ::1:54283 - HTTP connection made
2026-03-27 15:23:09,958 [TRACE] uvicorn.asgi: ::1:54283 - ASGI [8] Started scope={'type': 'http', 'asgi': {'version': '3.0', 'spec_version': '2.3'}, 'http_version': '1.1', 'server': ('::1', 8003), 'client': ('::1', 54283), 'scheme': 'http', 'method': 'GET', 'root_path': '', 'path': '/mcp/', 'raw_path': b'/mcp/', 'query_string': b'', 'headers': '<...>', 'state': {}}
2026-03-27 15:23:09,958 [TRACE] uvicorn.asgi: ::1:54283 - ASGI [8] Send {'type': 'http.response.start', 'status': 200, 'headers': '<...>'}
2026-03-27 15:23:09,958 [INFO] uvicorn.access: ::1:54283 - "GET /mcp/ HTTP/1.1" 200
2026-03-27 15:23:09,958 [TRACE] uvicorn.asgi: ::1:54283 - ASGI [8] Receive {'type': 'http.request', 'body': '<0 bytes>', 'more_body': False}
2026-03-27 15:23:13,363 [TRACE] uvicorn.error: ::1:54287 - HTTP connection made
2026-03-27 15:23:13,364 [TRACE] uvicorn.asgi: ::1:54287 - ASGI [9] Started scope={'type': 'http', 'asgi': {'version': '3.0', 'spec_version': '2.3'}, 'http_version': '1.1', 'server': ('::1', 8003), 'client': ('::1', 54287), 'scheme': 'http', 'method': 'POST', 'root_path': '', 'path': '/mcp', 'raw_path': b'/mcp', 'query_string': b'', 'headers': '<...>', 'state': {}}
2026-03-27 15:23:13,364 [TRACE] uvicorn.asgi: ::1:54287 - ASGI [9] Send {'type': 'http.response.start', 'status': 307, 'headers': '<...>'}
2026-03-27 15:23:13,364 [INFO] uvicorn.access: ::1:54287 - "POST /mcp HTTP/1.1" 307
2026-03-27 15:23:13,364 [TRACE] uvicorn.asgi: ::1:54287 - ASGI [9] Send {'type': 'http.response.body', 'body': '<0 bytes>'}
2026-03-27 15:23:13,365 [TRACE] uvicorn.asgi: ::1:54287 - ASGI [9] Completed
2026-03-27 15:23:13,366 [TRACE] uvicorn.error: ::1:54287 - HTTP connection lost
2026-03-27 15:23:13,366 [TRACE] uvicorn.error: ::1:54288 - HTTP connection made
2026-03-27 15:23:13,367 [TRACE] uvicorn.asgi: ::1:54288 - ASGI [10] Started scope={'type': 'http', 'asgi': {'version': '3.0', 'spec_version': '2.3'}, 'http_version': '1.1', 'server': ('::1', 8003), 'client': ('::1', 54288), 'scheme': 'http', 'method': 'POST', 'root_path': '', 'path': '/mcp/', 'raw_path': b'/mcp/', 'query_string': b'', 'headers': '<...>', 'state': {}}
2026-03-27 15:23:13,367 [TRACE] uvicorn.asgi: ::1:54288 - ASGI [10] Receive {'type': 'http.request', 'body': '<87 bytes>', 'more_body': False}
2026-03-27 15:23:13,368 [TRACE] uvicorn.asgi: ::1:54288 - ASGI [10] Send {'type': 'http.response.start', 'status': 200, 'headers': '<...>'}
2026-03-27 15:23:13,368 [INFO] uvicorn.access: ::1:54288 - "POST /mcp/ HTTP/1.1" 200
2026-03-27 15:23:13,368 [INFO] mcp.server.lowlevel.server: Processing request of type ListPromptsRequest
2026-03-27 15:23:13,371 [TRACE] uvicorn.asgi: ::1:54288 - ASGI [10] Send {'type': 'http.response.body', 'body': '<351 bytes>', 'more_body': True}
2026-03-27 15:23:13,371 [TRACE] uvicorn.asgi: ::1:54288 - ASGI [10] Send {'type': 'http.response.body', 'body': '<0 bytes>', 'more_body': False}
2026-03-27 15:23:13,371 [TRACE] uvicorn.asgi: ::1:54288 - ASGI [10] Receive {'type': 'http.disconnect'}
2026-03-27 15:23:13,372 [TRACE] uvicorn.asgi: ::1:54288 - ASGI [10] Completed
2026-03-27 15:23:15,435 [TRACE] uvicorn.asgi: ::1:54288 - ASGI [11] Started scope={'type': 'http', 'asgi': {'version': '3.0', 'spec_version': '2.3'}, 'http_version': '1.1', 'server': ('::1', 8003), 'client': ('::1', 54288), 'scheme': 'http', 'method': 'POST', 'root_path': '', 'path': '/mcp', 'raw_path': b'/mcp', 'query_string': b'', 'headers': '<...>', 'state': {}}
2026-03-27 15:23:15,436 [TRACE] uvicorn.asgi: ::1:54288 - ASGI [11] Send {'type': 'http.response.start', 'status': 307, 'headers': '<...>'}
2026-03-27 15:23:15,436 [INFO] uvicorn.access: ::1:54288 - "POST /mcp HTTP/1.1" 307
2026-03-27 15:23:15,436 [TRACE] uvicorn.asgi: ::1:54288 - ASGI [11] Send {'type': 'http.response.body', 'body': '<0 bytes>'}
2026-03-27 15:23:15,437 [TRACE] uvicorn.asgi: ::1:54288 - ASGI [11] Completed
2026-03-27 15:23:15,438 [TRACE] uvicorn.error: ::1:54288 - HTTP connection lost
2026-03-27 15:23:15,439 [TRACE] uvicorn.error: ::1:54289 - HTTP connection made
2026-03-27 15:23:15,439 [TRACE] uvicorn.asgi: ::1:54289 - ASGI [12] Started scope={'type': 'http', 'asgi': {'version': '3.0', 'spec_version': '2.3'}, 'http_version': '1.1', 'server': ('::1', 8003), 'client': ('::1', 54289), 'scheme': 'http', 'method': 'POST', 'root_path': '', 'path': '/mcp/', 'raw_path': b'/mcp/', 'query_string': b'', 'headers': '<...>', 'state': {}}
2026-03-27 15:23:15,439 [TRACE] uvicorn.asgi: ::1:54289 - ASGI [12] Receive {'type': 'http.request', 'body': '<129 bytes>', 'more_body': False}
2026-03-27 15:23:15,440 [TRACE] uvicorn.asgi: ::1:54289 - ASGI [12] Send {'type': 'http.response.start', 'status': 200, 'headers': '<...>'}
2026-03-27 15:23:15,440 [INFO] uvicorn.access: ::1:54289 - "POST /mcp/ HTTP/1.1" 200
2026-03-27 15:23:15,441 [INFO] mcp.server.lowlevel.server: Processing request of type GetPromptRequest
2026-03-27 15:23:15,460 [TRACE] uvicorn.asgi: ::1:54289 - ASGI [12] Send {'type': 'http.response.body', 'body': '<124 bytes>', 'more_body': True}
2026-03-27 15:23:15,460 [TRACE] uvicorn.asgi: ::1:54289 - ASGI [12] Send {'type': 'http.response.body', 'body': '<0 bytes>', 'more_body': False}
2026-03-27 15:23:15,460 [TRACE] uvicorn.asgi: ::1:54289 - ASGI [12] Receive {'type': 'http.disconnect'}
2026-03-27 15:23:15,461 [TRACE] uvicorn.asgi: ::1:54289 - ASGI [12] Completed
2026-03-27 15:23:20,462 [TRACE] uvicorn.error: ::1:54289 - HTTP connection lost
2026-03-27 15:23:24,960 [TRACE] uvicorn.asgi: ::1:54283 - ASGI [8] Send {'type': 'http.response.body', 'body': '<45 bytes>', 'more_body': True}
2026-03-27 15:23:39,972 [TRACE] uvicorn.asgi: ::1:54283 - ASGI [8] Send {'type': 'http.response.body', 'body': '<45 bytes>', 'more_body': True}
2026-03-27 15:23:54,978 [TRACE] uvicorn.asgi: ::1:54283 - ASGI [8] Send {'type': 'http.response.body', 'body': '<45 bytes>', 'more_body': True}
2026-03-27 15:23:57,413 [TRACE] uvicorn.error: ::1:54291 - HTTP connection made
2026-03-27 15:23:57,414 [TRACE] uvicorn.asgi: ::1:54291 - ASGI [13] Started scope={'type': 'http', 'asgi': {'version': '3.0', 'spec_version': '2.3'}, 'http_version': '1.1', 'server': ('::1', 8003), 'client': ('::1', 54291), 'scheme': 'http', 'method': 'POST', 'root_path': '', 'path': '/mcp', 'raw_path': b'/mcp', 'query_string': b'', 'headers': '<...>', 'state': {}}
2026-03-27 15:23:57,414 [TRACE] uvicorn.asgi: ::1:54291 - ASGI [13] Send {'type': 'http.response.start', 'status': 307, 'headers': '<...>'}
2026-03-27 15:23:57,414 [INFO] uvicorn.access: ::1:54291 - "POST /mcp HTTP/1.1" 307
2026-03-27 15:23:57,414 [TRACE] uvicorn.asgi: ::1:54291 - ASGI [13] Send {'type': 'http.response.body', 'body': '<0 bytes>'}
2026-03-27 15:23:57,414 [TRACE] uvicorn.asgi: ::1:54291 - ASGI [13] Completed
2026-03-27 15:23:57,414 [TRACE] uvicorn.error: ::1:54291 - HTTP connection lost
2026-03-27 15:24:09,981 [TRACE] uvicorn.asgi: ::1:54283 - ASGI [8] Send {'type': 'http.response.body', 'body': '<45 bytes>', 'more_body': True}
2026-03-27 15:24:24,983 [TRACE] uvicorn.asgi: ::1:54283 - ASGI [8] Send {'type': 'http.response.body', 'body': '<45 bytes>', 'more_body': True}
2026-03-27 15:24:39,986 [TRACE] uvicorn.asgi: ::1:54283 - ASGI [8] Send {'type': 'http.response.body', 'body': '<45 bytes>', 'more_body': True}
2026-03-27 15:30:04,248 [INFO] uvicorn.error: Started server process [28389]
2026-03-27 15:30:04,249 [INFO] uvicorn.error: Waiting for application startup.
2026-03-27 15:30:04,249 [TRACE] uvicorn.asgi: ASGI [1] Started scope={'type': 'lifespan', 'asgi': {'version': '3.0', 'spec_version': '2.0'}, 'state': {}}
2026-03-27 15:30:04,249 [TRACE] uvicorn.asgi: ASGI [1] Receive {'type': 'lifespan.startup'}
2026-03-27 15:30:04,251 [INFO] mcp.server.streamable_http_manager: StreamableHTTP session manager started
2026-03-27 15:30:04,251 [TRACE] uvicorn.asgi: ASGI [1] Send {'type': 'lifespan.startup.complete'}
2026-03-27 15:30:04,251 [INFO] uvicorn.error: Application startup complete.
2026-03-27 15:30:04,253 [INFO] uvicorn.error: Uvicorn running on http://localhost:8003 (Press CTRL+C to quit)
2026-03-27 15:30:45,564 [TRACE] uvicorn.error: ::1:55265 - HTTP connection made
2026-03-27 15:30:45,565 [TRACE] uvicorn.asgi: ::1:55265 - ASGI [2] Started scope={'type': 'http', 'asgi': {'version': '3.0', 'spec_version': '2.3'}, 'http_version': '1.1', 'server': ('::1', 8003), 'client': ('::1', 55265), 'scheme': 'http', 'method': 'POST', 'root_path': '', 'path': '/mcp', 'raw_path': b'/mcp', 'query_string': b'', 'headers': '<...>', 'state': {}}
2026-03-27 15:30:45,565 [TRACE] uvicorn.asgi: ::1:55265 - ASGI [2] Send {'type': 'http.response.start', 'status': 307, 'headers': '<...>'}
2026-03-27 15:30:45,565 [INFO] uvicorn.access: ::1:55265 - "POST /mcp HTTP/1.1" 307
2026-03-27 15:30:45,565 [TRACE] uvicorn.asgi: ::1:55265 - ASGI [2] Send {'type': 'http.response.body', 'body': '<0 bytes>'}
2026-03-27 15:30:45,565 [TRACE] uvicorn.asgi: ::1:55265 - ASGI [2] Completed
2026-03-27 15:30:45,568 [TRACE] uvicorn.error: ::1:55265 - HTTP connection lost
2026-03-27 15:30:45,569 [TRACE] uvicorn.error: ::1:55266 - HTTP connection made
2026-03-27 15:30:45,569 [TRACE] uvicorn.asgi: ::1:55266 - ASGI [3] Started scope={'type': 'http', 'asgi': {'version': '3.0', 'spec_version': '2.3'}, 'http_version': '1.1', 'server': ('::1', 8003), 'client': ('::1', 55266), 'scheme': 'http', 'method': 'POST', 'root_path': '', 'path': '/mcp/', 'raw_path': b'/mcp/', 'query_string': b'', 'headers': '<...>', 'state': {}}
2026-03-27 15:30:45,569 [INFO] mcp.server.streamable_http_manager: Created new transport with session ID: 8eddd99ffe9047688dbff4bad23bb7e6
2026-03-27 15:30:45,570 [TRACE] uvicorn.asgi: ::1:55266 - ASGI [3] Receive {'type': 'http.request', 'body': '<330 bytes>', 'more_body': False}
2026-03-27 15:30:45,574 [TRACE] uvicorn.asgi: ::1:55266 - ASGI [3] Send {'type': 'http.response.start', 'status': 200, 'headers': '<...>'}
2026-03-27 15:30:45,574 [INFO] uvicorn.access: ::1:55266 - "POST /mcp/ HTTP/1.1" 200
2026-03-27 15:30:45,575 [TRACE] uvicorn.asgi: ::1:55266 - ASGI [3] Send {'type': 'http.response.body', 'body': '<431 bytes>', 'more_body': True}
2026-03-27 15:30:45,575 [TRACE] uvicorn.asgi: ::1:55266 - ASGI [3] Send {'type': 'http.response.body', 'body': '<0 bytes>', 'more_body': False}
2026-03-27 15:30:45,575 [TRACE] uvicorn.asgi: ::1:55266 - ASGI [3] Receive {'type': 'http.disconnect'}
2026-03-27 15:30:45,575 [TRACE] uvicorn.asgi: ::1:55266 - ASGI [3] Completed
2026-03-27 15:30:45,585 [TRACE] uvicorn.asgi: ::1:55266 - ASGI [4] Started scope={'type': 'http', 'asgi': {'version': '3.0', 'spec_version': '2.3'}, 'http_version': '1.1', 'server': ('::1', 8003), 'client': ('::1', 55266), 'scheme': 'http', 'method': 'POST', 'root_path': '', 'path': '/mcp', 'raw_path': b'/mcp', 'query_string': b'', 'headers': '<...>', 'state': {}}
2026-03-27 15:30:45,585 [TRACE] uvicorn.asgi: ::1:55266 - ASGI [4] Send {'type': 'http.response.start', 'status': 307, 'headers': '<...>'}
2026-03-27 15:30:45,585 [INFO] uvicorn.access: ::1:55266 - "POST /mcp HTTP/1.1" 307
2026-03-27 15:30:45,585 [TRACE] uvicorn.asgi: ::1:55266 - ASGI [4] Send {'type': 'http.response.body', 'body': '<0 bytes>'}
2026-03-27 15:30:45,585 [TRACE] uvicorn.asgi: ::1:55266 - ASGI [4] Completed
2026-03-27 15:30:45,587 [TRACE] uvicorn.error: ::1:55266 - HTTP connection lost
2026-03-27 15:30:45,588 [TRACE] uvicorn.error: ::1:55267 - HTTP connection made
2026-03-27 15:30:45,588 [TRACE] uvicorn.asgi: ::1:55267 - ASGI [5] Started scope={'type': 'http', 'asgi': {'version': '3.0', 'spec_version': '2.3'}, 'http_version': '1.1', 'server': ('::1', 8003), 'client': ('::1', 55267), 'scheme': 'http', 'method': 'POST', 'root_path': '', 'path': '/mcp/', 'raw_path': b'/mcp/', 'query_string': b'', 'headers': '<...>', 'state': {}}
2026-03-27 15:30:45,588 [TRACE] uvicorn.asgi: ::1:55267 - ASGI [5] Receive {'type': 'http.request', 'body': '<54 bytes>', 'more_body': False}
2026-03-27 15:30:45,589 [TRACE] uvicorn.asgi: ::1:55267 - ASGI [5] Send {'type': 'http.response.start', 'status': <HTTPStatus.ACCEPTED: 202>, 'headers': '<...>'}
2026-03-27 15:30:45,589 [INFO] uvicorn.access: ::1:55267 - "POST /mcp/ HTTP/1.1" 202
2026-03-27 15:30:45,589 [TRACE] uvicorn.asgi: ::1:55267 - ASGI [5] Send {'type': 'http.response.body', 'body': '<0 bytes>'}
2026-03-27 15:30:45,589 [TRACE] uvicorn.asgi: ::1:55267 - ASGI [5] Completed
2026-03-27 15:30:45,590 [TRACE] uvicorn.asgi: ::1:55267 - ASGI [6] Started scope={'type': 'http', 'asgi': {'version': '3.0', 'spec_version': '2.3'}, 'http_version': '1.1', 'server': ('::1', 8003), 'client': ('::1', 55267), 'scheme': 'http', 'method': 'GET', 'root_path': '', 'path': '/mcp', 'raw_path': b'/mcp', 'query_string': b'', 'headers': '<...>', 'state': {}}
2026-03-27 15:30:45,590 [TRACE] uvicorn.asgi: ::1:55267 - ASGI [6] Send {'type': 'http.response.start', 'status': 307, 'headers': '<...>'}
2026-03-27 15:30:45,590 [INFO] uvicorn.access: ::1:55267 - "GET /mcp HTTP/1.1" 307
2026-03-27 15:30:45,590 [TRACE] uvicorn.asgi: ::1:55267 - ASGI [6] Send {'type': 'http.response.body', 'body': '<0 bytes>'}
2026-03-27 15:30:45,591 [TRACE] uvicorn.asgi: ::1:55267 - ASGI [6] Completed
2026-03-27 15:30:45,591 [TRACE] uvicorn.error: ::1:55267 - HTTP connection lost
2026-03-27 15:30:45,592 [TRACE] uvicorn.error: ::1:55268 - HTTP connection made
2026-03-27 15:30:45,592 [TRACE] uvicorn.asgi: ::1:55268 - ASGI [7] Started scope={'type': 'http', 'asgi': {'version': '3.0', 'spec_version': '2.3'}, 'http_version': '1.1', 'server': ('::1', 8003), 'client': ('::1', 55268), 'scheme': 'http', 'method': 'GET', 'root_path': '', 'path': '/mcp/', 'raw_path': b'/mcp/', 'query_string': b'', 'headers': '<...>', 'state': {}}
2026-03-27 15:30:45,592 [TRACE] uvicorn.asgi: ::1:55268 - ASGI [7] Send {'type': 'http.response.start', 'status': 200, 'headers': '<...>'}
2026-03-27 15:30:45,592 [INFO] uvicorn.access: ::1:55268 - "GET /mcp/ HTTP/1.1" 200
2026-03-27 15:30:45,592 [TRACE] uvicorn.asgi: ::1:55268 - ASGI [7] Receive {'type': 'http.request', 'body': '<0 bytes>', 'more_body': False}
2026-03-27 15:30:54,881 [TRACE] uvicorn.error: ::1:55278 - HTTP connection made
2026-03-27 15:30:54,882 [TRACE] uvicorn.asgi: ::1:55278 - ASGI [8] Started scope={'type': 'http', 'asgi': {'version': '3.0', 'spec_version': '2.3'}, 'http_version': '1.1', 'server': ('::1', 8003), 'client': ('::1', 55278), 'scheme': 'http', 'method': 'POST', 'root_path': '', 'path': '/mcp', 'raw_path': b'/mcp', 'query_string': b'', 'headers': '<...>', 'state': {}}
2026-03-27 15:30:54,882 [TRACE] uvicorn.asgi: ::1:55278 - ASGI [8] Send {'type': 'http.response.start', 'status': 307, 'headers': '<...>'}
2026-03-27 15:30:54,882 [INFO] uvicorn.access: ::1:55278 - "POST /mcp HTTP/1.1" 307
2026-03-27 15:30:54,883 [TRACE] uvicorn.asgi: ::1:55278 - ASGI [8] Send {'type': 'http.response.body', 'body': '<0 bytes>'}
2026-03-27 15:30:54,883 [TRACE] uvicorn.asgi: ::1:55278 - ASGI [8] Completed
2026-03-27 15:30:54,884 [TRACE] uvicorn.error: ::1:55278 - HTTP connection lost
2026-03-27 15:30:54,885 [TRACE] uvicorn.error: ::1:55279 - HTTP connection made
2026-03-27 15:30:54,885 [TRACE] uvicorn.asgi: ::1:55279 - ASGI [9] Started scope={'type': 'http', 'asgi': {'version': '3.0', 'spec_version': '2.3'}, 'http_version': '1.1', 'server': ('::1', 8003), 'client': ('::1', 55279), 'scheme': 'http', 'method': 'POST', 'root_path': '', 'path': '/mcp/', 'raw_path': b'/mcp/', 'query_string': b'', 'headers': '<...>', 'state': {}}
2026-03-27 15:30:54,885 [TRACE] uvicorn.asgi: ::1:55279 - ASGI [9] Receive {'type': 'http.request', 'body': '<87 bytes>', 'more_body': False}
2026-03-27 15:30:54,886 [TRACE] uvicorn.asgi: ::1:55279 - ASGI [9] Send {'type': 'http.response.start', 'status': 200, 'headers': '<...>'}
2026-03-27 15:30:54,886 [INFO] uvicorn.access: ::1:55279 - "POST /mcp/ HTTP/1.1" 200
2026-03-27 15:30:54,886 [INFO] mcp.server.lowlevel.server: Processing request of type ListPromptsRequest
2026-03-27 15:30:54,888 [TRACE] uvicorn.asgi: ::1:55279 - ASGI [9] Send {'type': 'http.response.body', 'body': '<351 bytes>', 'more_body': True}
2026-03-27 15:30:54,888 [TRACE] uvicorn.asgi: ::1:55279 - ASGI [9] Send {'type': 'http.response.body', 'body': '<0 bytes>', 'more_body': False}
2026-03-27 15:30:54,889 [TRACE] uvicorn.asgi: ::1:55279 - ASGI [9] Receive {'type': 'http.disconnect'}
2026-03-27 15:30:54,889 [TRACE] uvicorn.asgi: ::1:55279 - ASGI [9] Completed
2026-03-27 15:30:57,144 [TRACE] uvicorn.asgi: ::1:55279 - ASGI [10] Started scope={'type': 'http', 'asgi': {'version': '3.0', 'spec_version': '2.3'}, 'http_version': '1.1', 'server': ('::1', 8003), 'client': ('::1', 55279), 'scheme': 'http', 'method': 'POST', 'root_path': '', 'path': '/mcp', 'raw_path': b'/mcp', 'query_string': b'', 'headers': '<...>', 'state': {}}
2026-03-27 15:30:57,144 [TRACE] uvicorn.asgi: ::1:55279 - ASGI [10] Send {'type': 'http.response.start', 'status': 307, 'headers': '<...>'}
2026-03-27 15:30:57,144 [INFO] uvicorn.access: ::1:55279 - "POST /mcp HTTP/1.1" 307
2026-03-27 15:30:57,144 [TRACE] uvicorn.asgi: ::1:55279 - ASGI [10] Send {'type': 'http.response.body', 'body': '<0 bytes>'}
2026-03-27 15:30:57,144 [TRACE] uvicorn.asgi: ::1:55279 - ASGI [10] Completed
2026-03-27 15:30:57,146 [TRACE] uvicorn.error: ::1:55279 - HTTP connection lost
2026-03-27 15:30:57,147 [TRACE] uvicorn.error: ::1:55292 - HTTP connection made
2026-03-27 15:30:57,148 [TRACE] uvicorn.asgi: ::1:55292 - ASGI [11] Started scope={'type': 'http', 'asgi': {'version': '3.0', 'spec_version': '2.3'}, 'http_version': '1.1', 'server': ('::1', 8003), 'client': ('::1', 55292), 'scheme': 'http', 'method': 'POST', 'root_path': '', 'path': '/mcp/', 'raw_path': b'/mcp/', 'query_string': b'', 'headers': '<...>', 'state': {}}
2026-03-27 15:30:57,148 [TRACE] uvicorn.asgi: ::1:55292 - ASGI [11] Receive {'type': 'http.request', 'body': '<129 bytes>', 'more_body': False}
2026-03-27 15:30:57,148 [TRACE] uvicorn.asgi: ::1:55292 - ASGI [11] Send {'type': 'http.response.start', 'status': 200, 'headers': '<...>'}
2026-03-27 15:30:57,148 [INFO] uvicorn.access: ::1:55292 - "POST /mcp/ HTTP/1.1" 200
2026-03-27 15:30:57,149 [INFO] mcp.server.lowlevel.server: Processing request of type GetPromptRequest
2026-03-27 15:30:57,164 [TRACE] uvicorn.asgi: ::1:55292 - ASGI [11] Send {'type': 'http.response.body', 'body': '<124 bytes>', 'more_body': True}
2026-03-27 15:30:57,165 [TRACE] uvicorn.asgi: ::1:55292 - ASGI [11] Send {'type': 'http.response.body', 'body': '<0 bytes>', 'more_body': False}
2026-03-27 15:30:57,165 [TRACE] uvicorn.asgi: ::1:55292 - ASGI [11] Receive {'type': 'http.disconnect'}
2026-03-27 15:30:57,165 [TRACE] uvicorn.asgi: ::1:55292 - ASGI [11] Completed
2026-03-27 15:31:00,594 [TRACE] uvicorn.asgi: ::1:55268 - ASGI [7] Send {'type': 'http.response.body', 'body': '<45 bytes>', 'more_body': True}
2026-03-27 15:31:02,166 [TRACE] uvicorn.error: ::1:55292 - HTTP connection lost
2026-03-27 15:31:15,596 [TRACE] uvicorn.asgi: ::1:55268 - ASGI [7] Send {'type': 'http.response.body', 'body': '<45 bytes>', 'more_body': True}
2026-03-27 15:31:30,597 [TRACE] uvicorn.asgi: ::1:55268 - ASGI [7] Send {'type': 'http.response.body', 'body': '<45 bytes>', 'more_body': True}
2026-03-27 15:31:45,599 [TRACE] uvicorn.asgi: ::1:55268 - ASGI [7] Send {'type': 'http.response.body', 'body': '<45 bytes>', 'more_body': True}
2026-03-27 15:32:00,601 [TRACE] uvicorn.asgi: ::1:55268 - ASGI [7] Send {'type': 'http.response.body', 'body': '<45 bytes>', 'more_body': True}
2026-03-27 15:32:15,602 [TRACE] uvicorn.asgi: ::1:55268 - ASGI [7] Send {'type': 'http.response.body', 'body': '<45 bytes>', 'more_body': True}
2026-03-27 15:32:30,604 [TRACE] uvicorn.asgi: ::1:55268 - ASGI [7] Send {'type': 'http.response.body', 'body': '<45 bytes>', 'more_body': True}
2026-03-27 15:32:45,606 [TRACE] uvicorn.asgi: ::1:55268 - ASGI [7] Send {'type': 'http.response.body', 'body': '<45 bytes>', 'more_body': True}
2026-03-27 15:33:00,608 [TRACE] uvicorn.asgi: ::1:55268 - ASGI [7] Send {'type': 'http.response.body', 'body': '<45 bytes>', 'more_body': True}
2026-03-27 15:33:15,610 [TRACE] uvicorn.asgi: ::1:55268 - ASGI [7] Send {'type': 'http.response.body', 'body': '<45 bytes>', 'more_body': True}
2026-03-27 15:33:30,612 [TRACE] uvicorn.asgi: ::1:55268 - ASGI [7] Send {'type': 'http.response.body', 'body': '<45 bytes>', 'more_body': True}
2026-03-27 15:33:45,613 [TRACE] uvicorn.asgi: ::1:55268 - ASGI [7] Send {'type': 'http.response.body', 'body': '<45 bytes>', 'more_body': True}
2026-03-27 15:34:00,615 [TRACE] uvicorn.asgi: ::1:55268 - ASGI [7] Send {'type': 'http.response.body', 'body': '<45 bytes>', 'more_body': True}
2026-03-27 15:34:15,617 [TRACE] uvicorn.asgi: ::1:55268 - ASGI [7] Send {'type': 'http.response.body', 'body': '<45 bytes>', 'more_body': True}
2026-03-27 15:34:30,619 [TRACE] uvicorn.asgi: ::1:55268 - ASGI [7] Send {'type': 'http.response.body', 'body': '<45 bytes>', 'more_body': True}
2026-03-27 15:34:45,620 [TRACE] uvicorn.asgi: ::1:55268 - ASGI [7] Send {'type': 'http.response.body', 'body': '<45 bytes>', 'more_body': True}
2026-03-27 15:35:00,621 [TRACE] uvicorn.asgi: ::1:55268 - ASGI [7] Send {'type': 'http.response.body', 'body': '<45 bytes>', 'more_body': True}
2026-03-27 15:35:15,623 [TRACE] uvicorn.asgi: ::1:55268 - ASGI [7] Send {'type': 'http.response.body', 'body': '<45 bytes>', 'more_body': True}
2026-03-27 15:35:30,624 [TRACE] uvicorn.asgi: ::1:55268 - ASGI [7] Send {'type': 'http.response.body', 'body': '<45 bytes>', 'more_body': True}
2026-03-27 15:35:45,626 [TRACE] uvicorn.asgi: ::1:55268 - ASGI [7] Send {'type': 'http.response.body', 'body': '<45 bytes>', 'more_body': True}
2026-03-27 15:36:00,627 [TRACE] uvicorn.asgi: ::1:55268 - ASGI [7] Send {'type': 'http.response.body', 'body': '<45 bytes>', 'more_body': True}
2026-03-27 15:36:01,978 [TRACE] uvicorn.error: ::1:55268 - HTTP connection lost
2026-03-27 15:36:01,978 [TRACE] uvicorn.asgi: ::1:55268 - ASGI [7] Receive {'type': 'http.disconnect'}
2026-03-27 15:36:01,978 [TRACE] uvicorn.asgi: ::1:55268 - ASGI [7] Completed
2026-03-27 15:36:12,895 [INFO] uvicorn.error: Shutting down
2026-03-27 15:36:12,996 [INFO] uvicorn.error: Waiting for application shutdown.
2026-03-27 15:36:12,996 [TRACE] uvicorn.asgi: ASGI [1] Receive {'type': 'lifespan.shutdown'}
2026-03-27 15:36:12,996 [INFO] mcp.server.streamable_http_manager: StreamableHTTP session manager shutting down
2026-03-27 15:36:12,997 [TRACE] uvicorn.asgi: ASGI [1] Send {'type': 'lifespan.shutdown.complete'}
2026-03-27 15:36:12,997 [TRACE] uvicorn.asgi: ASGI [1] Completed
2026-03-27 15:36:12,997 [INFO] uvicorn.error: Application shutdown complete.
2026-03-27 15:36:12,997 [INFO] uvicorn.error: Finished server process [28389]
2026-03-27 15:36:19,933 [INFO] uvicorn.error: Started server process [32096]
2026-03-27 15:36:19,933 [INFO] uvicorn.error: Waiting for application startup.
2026-03-27 15:36:19,933 [TRACE] uvicorn.asgi: ASGI [1] Started scope={'type': 'lifespan', 'asgi': {'version': '3.0', 'spec_version': '2.0'}, 'state': {}}
2026-03-27 15:36:19,933 [TRACE] uvicorn.asgi: ASGI [1] Receive {'type': 'lifespan.startup'}
2026-03-27 15:36:19,935 [INFO] mcp.server.streamable_http_manager: StreamableHTTP session manager started
2026-03-27 15:36:19,935 [TRACE] uvicorn.asgi: ASGI [1] Send {'type': 'lifespan.startup.complete'}
2026-03-27 15:36:19,935 [INFO] uvicorn.error: Application startup complete.
2026-03-27 15:36:19,938 [INFO] uvicorn.error: Uvicorn running on http://localhost:8003 (Press CTRL+C to quit)
2026-03-27 15:40:49,443 [TRACE] uvicorn.error: ::1:56706 - HTTP connection made
2026-03-27 15:40:49,443 [TRACE] uvicorn.asgi: ::1:56706 - ASGI [2] Started scope={'type': 'http', 'asgi': {'version': '3.0', 'spec_version': '2.3'}, 'http_version': '1.1', 'server': ('::1', 8003), 'client': ('::1', 56706), 'scheme': 'http', 'method': 'POST', 'root_path': '', 'path': '/mcp', 'raw_path': b'/mcp', 'query_string': b'', 'headers': '<...>', 'state': {}}
2026-03-27 15:40:49,444 [TRACE] uvicorn.asgi: ::1:56706 - ASGI [2] Send {'type': 'http.response.start', 'status': 307, 'headers': '<...>'}
2026-03-27 15:40:49,444 [INFO] uvicorn.access: ::1:56706 - "POST /mcp HTTP/1.1" 307
2026-03-27 15:40:49,444 [TRACE] uvicorn.asgi: ::1:56706 - ASGI [2] Send {'type': 'http.response.body', 'body': '<0 bytes>'}
2026-03-27 15:40:49,444 [TRACE] uvicorn.asgi: ::1:56706 - ASGI [2] Completed
2026-03-27 15:40:49,445 [TRACE] uvicorn.error: ::1:56706 - HTTP connection lost
2026-03-27 15:40:49,446 [TRACE] uvicorn.error: ::1:56707 - HTTP connection made
2026-03-27 15:40:49,446 [TRACE] uvicorn.asgi: ::1:56707 - ASGI [3] Started scope={'type': 'http', 'asgi': {'version': '3.0', 'spec_version': '2.3'}, 'http_version': '1.1', 'server': ('::1', 8003), 'client': ('::1', 56707), 'scheme': 'http', 'method': 'POST', 'root_path': '', 'path': '/mcp/', 'raw_path': b'/mcp/', 'query_string': b'', 'headers': '<...>', 'state': {}}
2026-03-27 15:40:49,447 [INFO] mcp.server.streamable_http_manager: Created new transport with session ID: 9eb23afd9e224631826afd6c9d5a192d
2026-03-27 15:40:49,447 [TRACE] uvicorn.asgi: ::1:56707 - ASGI [3] Receive {'type': 'http.request', 'body': '<330 bytes>', 'more_body': False}
2026-03-27 15:40:49,451 [TRACE] uvicorn.asgi: ::1:56707 - ASGI [3] Send {'type': 'http.response.start', 'status': 200, 'headers': '<...>'}
2026-03-27 15:40:49,451 [INFO] uvicorn.access: ::1:56707 - "POST /mcp/ HTTP/1.1" 200
2026-03-27 15:40:49,451 [TRACE] uvicorn.asgi: ::1:56707 - ASGI [3] Send {'type': 'http.response.body', 'body': '<431 bytes>', 'more_body': True}
2026-03-27 15:40:49,451 [TRACE] uvicorn.asgi: ::1:56707 - ASGI [3] Send {'type': 'http.response.body', 'body': '<0 bytes>', 'more_body': False}
2026-03-27 15:40:49,451 [TRACE] uvicorn.asgi: ::1:56707 - ASGI [3] Receive {'type': 'http.disconnect'}
2026-03-27 15:40:49,452 [TRACE] uvicorn.asgi: ::1:56707 - ASGI [3] Completed
2026-03-27 15:40:49,466 [TRACE] uvicorn.asgi: ::1:56707 - ASGI [4] Started scope={'type': 'http', 'asgi': {'version': '3.0', 'spec_version': '2.3'}, 'http_version': '1.1', 'server': ('::1', 8003), 'client': ('::1', 56707), 'scheme': 'http', 'method': 'POST', 'root_path': '', 'path': '/mcp', 'raw_path': b'/mcp', 'query_string': b'', 'headers': '<...>', 'state': {}}
2026-03-27 15:40:49,467 [TRACE] uvicorn.asgi: ::1:56707 - ASGI [4] Send {'type': 'http.response.start', 'status': 307, 'headers': '<...>'}
2026-03-27 15:40:49,467 [INFO] uvicorn.access: ::1:56707 - "POST /mcp HTTP/1.1" 307
2026-03-27 15:40:49,467 [TRACE] uvicorn.asgi: ::1:56707 - ASGI [4] Send {'type': 'http.response.body', 'body': '<0 bytes>'}
2026-03-27 15:40:49,467 [TRACE] uvicorn.asgi: ::1:56707 - ASGI [4] Completed
2026-03-27 15:40:49,470 [TRACE] uvicorn.error: ::1:56707 - HTTP connection lost
2026-03-27 15:40:49,472 [TRACE] uvicorn.error: ::1:56708 - HTTP connection made
2026-03-27 15:40:49,472 [TRACE] uvicorn.asgi: ::1:56708 - ASGI [5] Started scope={'type': 'http', 'asgi': {'version': '3.0', 'spec_version': '2.3'}, 'http_version': '1.1', 'server': ('::1', 8003), 'client': ('::1', 56708), 'scheme': 'http', 'method': 'POST', 'root_path': '', 'path': '/mcp/', 'raw_path': b'/mcp/', 'query_string': b'', 'headers': '<...>', 'state': {}}
2026-03-27 15:40:49,473 [TRACE] uvicorn.asgi: ::1:56708 - ASGI [5] Receive {'type': 'http.request', 'body': '<54 bytes>', 'more_body': False}
2026-03-27 15:40:49,473 [TRACE] uvicorn.asgi: ::1:56708 - ASGI [5] Send {'type': 'http.response.start', 'status': <HTTPStatus.ACCEPTED: 202>, 'headers': '<...>'}
2026-03-27 15:40:49,474 [INFO] uvicorn.access: ::1:56708 - "POST /mcp/ HTTP/1.1" 202
2026-03-27 15:40:49,474 [TRACE] uvicorn.asgi: ::1:56708 - ASGI [5] Send {'type': 'http.response.body', 'body': '<0 bytes>'}
2026-03-27 15:40:49,475 [TRACE] uvicorn.asgi: ::1:56708 - ASGI [5] Completed
2026-03-27 15:40:49,476 [TRACE] uvicorn.asgi: ::1:56708 - ASGI [6] Started scope={'type': 'http', 'asgi': {'version': '3.0', 'spec_version': '2.3'}, 'http_version': '1.1', 'server': ('::1', 8003), 'client': ('::1', 56708), 'scheme': 'http', 'method': 'GET', 'root_path': '', 'path': '/mcp', 'raw_path': b'/mcp', 'query_string': b'', 'headers': '<...>', 'state': {}}
2026-03-27 15:40:49,476 [TRACE] uvicorn.asgi: ::1:56708 - ASGI [6] Send {'type': 'http.response.start', 'status': 307, 'headers': '<...>'}
2026-03-27 15:40:49,476 [INFO] uvicorn.access: ::1:56708 - "GET /mcp HTTP/1.1" 307
2026-03-27 15:40:49,477 [TRACE] uvicorn.asgi: ::1:56708 - ASGI [6] Send {'type': 'http.response.body', 'body': '<0 bytes>'}
2026-03-27 15:40:49,477 [TRACE] uvicorn.asgi: ::1:56708 - ASGI [6] Completed
2026-03-27 15:40:49,477 [TRACE] uvicorn.error: ::1:56708 - HTTP connection lost
2026-03-27 15:40:49,478 [TRACE] uvicorn.error: ::1:56709 - HTTP connection made
2026-03-27 15:40:49,478 [TRACE] uvicorn.asgi: ::1:56709 - ASGI [7] Started scope={'type': 'http', 'asgi': {'version': '3.0', 'spec_version': '2.3'}, 'http_version': '1.1', 'server': ('::1', 8003), 'client': ('::1', 56709), 'scheme': 'http', 'method': 'GET', 'root_path': '', 'path': '/mcp/', 'raw_path': b'/mcp/', 'query_string': b'', 'headers': '<...>', 'state': {}}
2026-03-27 15:40:49,478 [TRACE] uvicorn.asgi: ::1:56709 - ASGI [7] Send {'type': 'http.response.start', 'status': 200, 'headers': '<...>'}
2026-03-27 15:40:49,478 [INFO] uvicorn.access: ::1:56709 - "GET /mcp/ HTTP/1.1" 200
2026-03-27 15:40:49,479 [TRACE] uvicorn.asgi: ::1:56709 - ASGI [7] Receive {'type': 'http.request', 'body': '<0 bytes>', 'more_body': False}
2026-03-27 15:40:52,743 [TRACE] uvicorn.error: ::1:56713 - HTTP connection made
2026-03-27 15:40:52,743 [TRACE] uvicorn.asgi: ::1:56713 - ASGI [8] Started scope={'type': 'http', 'asgi': {'version': '3.0', 'spec_version': '2.3'}, 'http_version': '1.1', 'server': ('::1', 8003), 'client': ('::1', 56713), 'scheme': 'http', 'method': 'POST', 'root_path': '', 'path': '/mcp', 'raw_path': b'/mcp', 'query_string': b'', 'headers': '<...>', 'state': {}}
2026-03-27 15:40:52,743 [TRACE] uvicorn.asgi: ::1:56713 - ASGI [8] Send {'type': 'http.response.start', 'status': 307, 'headers': '<...>'}
2026-03-27 15:40:52,743 [INFO] uvicorn.access: ::1:56713 - "POST /mcp HTTP/1.1" 307
2026-03-27 15:40:52,743 [TRACE] uvicorn.asgi: ::1:56713 - ASGI [8] Send {'type': 'http.response.body', 'body': '<0 bytes>'}
2026-03-27 15:40:52,743 [TRACE] uvicorn.asgi: ::1:56713 - ASGI [8] Completed
2026-03-27 15:40:52,744 [TRACE] uvicorn.error: ::1:56713 - HTTP connection lost
2026-03-27 15:40:52,744 [TRACE] uvicorn.error: ::1:56714 - HTTP connection made
2026-03-27 15:40:52,744 [TRACE] uvicorn.asgi: ::1:56714 - ASGI [9] Started scope={'type': 'http', 'asgi': {'version': '3.0', 'spec_version': '2.3'}, 'http_version': '1.1', 'server': ('::1', 8003), 'client': ('::1', 56714), 'scheme': 'http', 'method': 'POST', 'root_path': '', 'path': '/mcp/', 'raw_path': b'/mcp/', 'query_string': b'', 'headers': '<...>', 'state': {}}
2026-03-27 15:40:52,745 [TRACE] uvicorn.asgi: ::1:56714 - ASGI [9] Receive {'type': 'http.request', 'body': '<87 bytes>', 'more_body': False}
2026-03-27 15:40:52,745 [TRACE] uvicorn.asgi: ::1:56714 - ASGI [9] Send {'type': 'http.response.start', 'status': 200, 'headers': '<...>'}
2026-03-27 15:40:52,745 [INFO] uvicorn.access: ::1:56714 - "POST /mcp/ HTTP/1.1" 200
2026-03-27 15:40:52,745 [INFO] mcp.server.lowlevel.server: Processing request of type ListPromptsRequest
2026-03-27 15:40:52,747 [TRACE] uvicorn.asgi: ::1:56714 - ASGI [9] Send {'type': 'http.response.body', 'body': '<351 bytes>', 'more_body': True}
2026-03-27 15:40:52,747 [TRACE] uvicorn.asgi: ::1:56714 - ASGI [9] Send {'type': 'http.response.body', 'body': '<0 bytes>', 'more_body': False}
2026-03-27 15:40:52,747 [TRACE] uvicorn.asgi: ::1:56714 - ASGI [9] Receive {'type': 'http.disconnect'}
2026-03-27 15:40:52,747 [TRACE] uvicorn.asgi: ::1:56714 - ASGI [9] Completed
2026-03-27 15:40:54,634 [TRACE] uvicorn.asgi: ::1:56714 - ASGI [10] Started scope={'type': 'http', 'asgi': {'version': '3.0', 'spec_version': '2.3'}, 'http_version': '1.1', 'server': ('::1', 8003), 'client': ('::1', 56714), 'scheme': 'http', 'method': 'POST', 'root_path': '', 'path': '/mcp', 'raw_path': b'/mcp', 'query_string': b'', 'headers': '<...>', 'state': {}}
2026-03-27 15:40:54,634 [TRACE] uvicorn.asgi: ::1:56714 - ASGI [10] Send {'type': 'http.response.start', 'status': 307, 'headers': '<...>'}
2026-03-27 15:40:54,634 [INFO] uvicorn.access: ::1:56714 - "POST /mcp HTTP/1.1" 307
2026-03-27 15:40:54,634 [TRACE] uvicorn.asgi: ::1:56714 - ASGI [10] Send {'type': 'http.response.body', 'body': '<0 bytes>'}
2026-03-27 15:40:54,634 [TRACE] uvicorn.asgi: ::1:56714 - ASGI [10] Completed
2026-03-27 15:40:54,635 [TRACE] uvicorn.error: ::1:56714 - HTTP connection lost
2026-03-27 15:40:54,636 [TRACE] uvicorn.error: ::1:56715 - HTTP connection made
2026-03-27 15:40:54,636 [TRACE] uvicorn.asgi: ::1:56715 - ASGI [11] Started scope={'type': 'http', 'asgi': {'version': '3.0', 'spec_version': '2.3'}, 'http_version': '1.1', 'server': ('::1', 8003), 'client': ('::1', 56715), 'scheme': 'http', 'method': 'POST', 'root_path': '', 'path': '/mcp/', 'raw_path': b'/mcp/', 'query_string': b'', 'headers': '<...>', 'state': {}}
2026-03-27 15:40:54,636 [TRACE] uvicorn.asgi: ::1:56715 - ASGI [11] Receive {'type': 'http.request', 'body': '<129 bytes>', 'more_body': False}
2026-03-27 15:40:54,636 [TRACE] uvicorn.asgi: ::1:56715 - ASGI [11] Send {'type': 'http.response.start', 'status': 200, 'headers': '<...>'}
2026-03-27 15:40:54,636 [INFO] uvicorn.access: ::1:56715 - "POST /mcp/ HTTP/1.1" 200
2026-03-27 15:40:54,637 [INFO] mcp.server.lowlevel.server: Processing request of type GetPromptRequest
2026-03-27 15:40:54,677 [TRACE] uvicorn.asgi: ::1:56715 - ASGI [11] Send {'type': 'http.response.body', 'body': '<124 bytes>', 'more_body': True}
2026-03-27 15:40:54,678 [TRACE] uvicorn.asgi: ::1:56715 - ASGI [11] Send {'type': 'http.response.body', 'body': '<0 bytes>', 'more_body': False}
2026-03-27 15:40:54,679 [TRACE] uvicorn.asgi: ::1:56715 - ASGI [11] Receive {'type': 'http.disconnect'}
2026-03-27 15:40:54,679 [TRACE] uvicorn.asgi: ::1:56715 - ASGI [11] Completed
2026-03-27 15:40:59,680 [TRACE] uvicorn.error: ::1:56715 - HTTP connection lost
2026-03-27 15:41:04,480 [TRACE] uvicorn.asgi: ::1:56709 - ASGI [7] Send {'type': 'http.response.body', 'body': '<45 bytes>', 'more_body': True}
2026-03-27 15:41:19,481 [TRACE] uvicorn.asgi: ::1:56709 - ASGI [7] Send {'type': 'http.response.body', 'body': '<45 bytes>', 'more_body': True}
2026-03-27 15:41:34,482 [TRACE] uvicorn.asgi: ::1:56709 - ASGI [7] Send {'type': 'http.response.body', 'body': '<45 bytes>', 'more_body': True}
2026-03-27 15:41:49,484 [TRACE] uvicorn.asgi: ::1:56709 - ASGI [7] Send {'type': 'http.response.body', 'body': '<45 bytes>', 'more_body': True}
2026-03-27 15:42:04,485 [TRACE] uvicorn.asgi: ::1:56709 - ASGI [7] Send {'type': 'http.response.body', 'body': '<45 bytes>', 'more_body': True}
2026-03-27 15:42:19,487 [TRACE] uvicorn.asgi: ::1:56709 - ASGI [7] Send {'type': 'http.response.body', 'body': '<45 bytes>', 'more_body': True}
2026-03-27 15:42:34,488 [TRACE] uvicorn.asgi: ::1:56709 - ASGI [7] Send {'type': 'http.response.body', 'body': '<45 bytes>', 'more_body': True}
2026-03-27 15:42:49,490 [TRACE] uvicorn.asgi: ::1:56709 - ASGI [7] Send {'type': 'http.response.body', 'body': '<45 bytes>', 'more_body': True}
2026-03-27 15:43:04,491 [TRACE] uvicorn.asgi: ::1:56709 - ASGI [7] Send {'type': 'http.response.body', 'body': '<45 bytes>', 'more_body': True}
2026-03-27 15:43:19,493 [TRACE] uvicorn.asgi: ::1:56709 - ASGI [7] Send {'type': 'http.response.body', 'body': '<45 bytes>', 'more_body': True}
2026-03-27 15:43:34,295 [TRACE] uvicorn.asgi: ::1:56709 - ASGI [7] Completed
2026-03-27 15:43:34,296 [ERROR] uvicorn.error: ASGI callable returned without completing response.
2026-03-27 15:43:34,296 [TRACE] uvicorn.error: ::1:56709 - HTTP connection lost
2026-03-27 15:43:34,313 [INFO] uvicorn.error: Shutting down
2026-03-27 15:43:34,414 [INFO] uvicorn.error: Waiting for application shutdown.
2026-03-27 15:43:34,414 [TRACE] uvicorn.asgi: ASGI [1] Receive {'type': 'lifespan.shutdown'}
2026-03-27 15:43:34,414 [INFO] mcp.server.streamable_http_manager: StreamableHTTP session manager shutting down
2026-03-27 15:43:34,415 [TRACE] uvicorn.asgi: ASGI [1] Send {'type': 'lifespan.shutdown.complete'}
2026-03-27 15:43:34,415 [TRACE] uvicorn.asgi: ASGI [1] Completed
2026-03-27 15:43:34,415 [INFO] uvicorn.error: Application shutdown complete.
2026-03-27 15:43:34,415 [INFO] uvicorn.error: Finished server process [32096]
2026-03-27 15:43:36,851 [INFO] uvicorn.error: Started server process [36388]
2026-03-27 15:43:36,851 [INFO] uvicorn.error: Waiting for application startup.
2026-03-27 15:43:36,852 [TRACE] uvicorn.asgi: ASGI [1] Started scope={'type': 'lifespan', 'asgi': {'version': '3.0', 'spec_version': '2.0'}, 'state': {}}
2026-03-27 15:43:36,852 [TRACE] uvicorn.asgi: ASGI [1] Receive {'type': 'lifespan.startup'}
2026-03-27 15:43:36,854 [INFO] mcp.server.streamable_http_manager: StreamableHTTP session manager started
2026-03-27 15:43:36,854 [TRACE] uvicorn.asgi: ASGI [1] Send {'type': 'lifespan.startup.complete'}
2026-03-27 15:43:36,854 [INFO] uvicorn.error: Application startup complete.
2026-03-27 15:43:36,856 [INFO] uvicorn.error: Uvicorn running on http://localhost:8003 (Press CTRL+C to quit)
2026-03-27 15:45:41,327 [TRACE] uvicorn.error: ::1:56787 - HTTP connection made
2026-03-27 15:45:41,328 [TRACE] uvicorn.asgi: ::1:56787 - ASGI [2] Started scope={'type': 'http', 'asgi': {'version': '3.0', 'spec_version': '2.3'}, 'http_version': '1.1', 'server': ('::1', 8003), 'client': ('::1', 56787), 'scheme': 'http', 'method': 'POST', 'root_path': '', 'path': '/mcp', 'raw_path': b'/mcp', 'query_string': b'', 'headers': '<...>', 'state': {}}
2026-03-27 15:45:41,328 [TRACE] uvicorn.asgi: ::1:56787 - ASGI [2] Send {'type': 'http.response.start', 'status': 307, 'headers': '<...>'}
2026-03-27 15:45:41,328 [INFO] uvicorn.access: ::1:56787 - "POST /mcp HTTP/1.1" 307
2026-03-27 15:45:41,328 [TRACE] uvicorn.asgi: ::1:56787 - ASGI [2] Send {'type': 'http.response.body', 'body': '<0 bytes>'}
2026-03-27 15:45:41,329 [TRACE] uvicorn.asgi: ::1:56787 - ASGI [2] Completed
2026-03-27 15:45:41,331 [TRACE] uvicorn.error: ::1:56787 - HTTP connection lost
2026-03-27 15:45:41,332 [TRACE] uvicorn.error: ::1:56788 - HTTP connection made
2026-03-27 15:45:41,332 [TRACE] uvicorn.asgi: ::1:56788 - ASGI [3] Started scope={'type': 'http', 'asgi': {'version': '3.0', 'spec_version': '2.3'}, 'http_version': '1.1', 'server': ('::1', 8003), 'client': ('::1', 56788), 'scheme': 'http', 'method': 'POST', 'root_path': '', 'path': '/mcp/', 'raw_path': b'/mcp/', 'query_string': b'', 'headers': '<...>', 'state': {}}
2026-03-27 15:45:41,332 [INFO] mcp.server.streamable_http_manager: Created new transport with session ID: 63a38fe36cbf4c498f56fcff797da839
2026-03-27 15:45:41,332 [TRACE] uvicorn.asgi: ::1:56788 - ASGI [3] Receive {'type': 'http.request', 'body': '<330 bytes>', 'more_body': False}
2026-03-27 15:45:41,336 [TRACE] uvicorn.asgi: ::1:56788 - ASGI [3] Send {'type': 'http.response.start', 'status': 200, 'headers': '<...>'}
2026-03-27 15:45:41,336 [INFO] uvicorn.access: ::1:56788 - "POST /mcp/ HTTP/1.1" 200
2026-03-27 15:45:41,336 [TRACE] uvicorn.asgi: ::1:56788 - ASGI [3] Send {'type': 'http.response.body', 'body': '<431 bytes>', 'more_body': True}
2026-03-27 15:45:41,337 [TRACE] uvicorn.asgi: ::1:56788 - ASGI [3] Send {'type': 'http.response.body', 'body': '<0 bytes>', 'more_body': False}
2026-03-27 15:45:41,337 [TRACE] uvicorn.asgi: ::1:56788 - ASGI [3] Receive {'type': 'http.disconnect'}
2026-03-27 15:45:41,337 [TRACE] uvicorn.asgi: ::1:56788 - ASGI [3] Completed
2026-03-27 15:45:41,348 [TRACE] uvicorn.asgi: ::1:56788 - ASGI [4] Started scope={'type': 'http', 'asgi': {'version': '3.0', 'spec_version': '2.3'}, 'http_version': '1.1', 'server': ('::1', 8003), 'client': ('::1', 56788), 'scheme': 'http', 'method': 'POST', 'root_path': '', 'path': '/mcp', 'raw_path': b'/mcp', 'query_string': b'', 'headers': '<...>', 'state': {}}
2026-03-27 15:45:41,348 [TRACE] uvicorn.asgi: ::1:56788 - ASGI [4] Send {'type': 'http.response.start', 'status': 307, 'headers': '<...>'}
2026-03-27 15:45:41,348 [INFO] uvicorn.access: ::1:56788 - "POST /mcp HTTP/1.1" 307
2026-03-27 15:45:41,348 [TRACE] uvicorn.asgi: ::1:56788 - ASGI [4] Send {'type': 'http.response.body', 'body': '<0 bytes>'}
2026-03-27 15:45:41,348 [TRACE] uvicorn.asgi: ::1:56788 - ASGI [4] Completed
2026-03-27 15:45:41,348 [TRACE] uvicorn.error: ::1:56788 - HTTP connection lost
2026-03-27 15:45:41,350 [TRACE] uvicorn.error: ::1:56789 - HTTP connection made
2026-03-27 15:45:41,350 [TRACE] uvicorn.asgi: ::1:56789 - ASGI [5] Started scope={'type': 'http', 'asgi': {'version': '3.0', 'spec_version': '2.3'}, 'http_version': '1.1', 'server': ('::1', 8003), 'client': ('::1', 56789), 'scheme': 'http', 'method': 'POST', 'root_path': '', 'path': '/mcp/', 'raw_path': b'/mcp/', 'query_string': b'', 'headers': '<...>', 'state': {}}
2026-03-27 15:45:41,350 [TRACE] uvicorn.asgi: ::1:56789 - ASGI [5] Receive {'type': 'http.request', 'body': '<54 bytes>', 'more_body': False}
2026-03-27 15:45:41,350 [TRACE] uvicorn.asgi: ::1:56789 - ASGI [5] Send {'type': 'http.response.start', 'status': <HTTPStatus.ACCEPTED: 202>, 'headers': '<...>'}
2026-03-27 15:45:41,350 [INFO] uvicorn.access: ::1:56789 - "POST /mcp/ HTTP/1.1" 202
2026-03-27 15:45:41,350 [TRACE] uvicorn.asgi: ::1:56789 - ASGI [5] Send {'type': 'http.response.body', 'body': '<0 bytes>'}
2026-03-27 15:45:41,351 [TRACE] uvicorn.asgi: ::1:56789 - ASGI [5] Completed
2026-03-27 15:45:41,352 [TRACE] uvicorn.asgi: ::1:56789 - ASGI [6] Started scope={'type': 'http', 'asgi': {'version': '3.0', 'spec_version': '2.3'}, 'http_version': '1.1', 'server': ('::1', 8003), 'client': ('::1', 56789), 'scheme': 'http', 'method': 'GET', 'root_path': '', 'path': '/mcp', 'raw_path': b'/mcp', 'query_string': b'', 'headers': '<...>', 'state': {}}
2026-03-27 15:45:41,352 [TRACE] uvicorn.asgi: ::1:56789 - ASGI [6] Send {'type': 'http.response.start', 'status': 307, 'headers': '<...>'}
2026-03-27 15:45:41,352 [INFO] uvicorn.access: ::1:56789 - "GET /mcp HTTP/1.1" 307
2026-03-27 15:45:41,352 [TRACE] uvicorn.asgi: ::1:56789 - ASGI [6] Send {'type': 'http.response.body', 'body': '<0 bytes>'}
2026-03-27 15:45:41,352 [TRACE] uvicorn.asgi: ::1:56789 - ASGI [6] Completed
2026-03-27 15:45:41,353 [TRACE] uvicorn.error: ::1:56789 - HTTP connection lost
2026-03-27 15:45:41,354 [TRACE] uvicorn.error: ::1:56790 - HTTP connection made
2026-03-27 15:45:41,354 [TRACE] uvicorn.asgi: ::1:56790 - ASGI [7] Started scope={'type': 'http', 'asgi': {'version': '3.0', 'spec_version': '2.3'}, 'http_version': '1.1', 'server': ('::1', 8003), 'client': ('::1', 56790), 'scheme': 'http', 'method': 'GET', 'root_path': '', 'path': '/mcp/', 'raw_path': b'/mcp/', 'query_string': b'', 'headers': '<...>', 'state': {}}
2026-03-27 15:45:41,354 [TRACE] uvicorn.asgi: ::1:56790 - ASGI [7] Send {'type': 'http.response.start', 'status': 200, 'headers': '<...>'}
2026-03-27 15:45:41,354 [INFO] uvicorn.access: ::1:56790 - "GET /mcp/ HTTP/1.1" 200
2026-03-27 15:45:41,354 [TRACE] uvicorn.asgi: ::1:56790 - ASGI [7] Receive {'type': 'http.request', 'body': '<0 bytes>', 'more_body': False}
2026-03-27 15:45:44,816 [TRACE] uvicorn.error: ::1:56792 - HTTP connection made
2026-03-27 15:45:44,817 [TRACE] uvicorn.asgi: ::1:56792 - ASGI [8] Started scope={'type': 'http', 'asgi': {'version': '3.0', 'spec_version': '2.3'}, 'http_version': '1.1', 'server': ('::1', 8003), 'client': ('::1', 56792), 'scheme': 'http', 'method': 'POST', 'root_path': '', 'path': '/mcp', 'raw_path': b'/mcp', 'query_string': b'', 'headers': '<...>', 'state': {}}
2026-03-27 15:45:44,818 [TRACE] uvicorn.asgi: ::1:56792 - ASGI [8] Send {'type': 'http.response.start', 'status': 307, 'headers': '<...>'}
2026-03-27 15:45:44,818 [INFO] uvicorn.access: ::1:56792 - "POST /mcp HTTP/1.1" 307
2026-03-27 15:45:44,818 [TRACE] uvicorn.asgi: ::1:56792 - ASGI [8] Send {'type': 'http.response.body', 'body': '<0 bytes>'}
2026-03-27 15:45:44,818 [TRACE] uvicorn.asgi: ::1:56792 - ASGI [8] Completed
2026-03-27 15:45:44,819 [TRACE] uvicorn.error: ::1:56792 - HTTP connection lost
2026-03-27 15:45:44,819 [TRACE] uvicorn.error: ::1:56793 - HTTP connection made
2026-03-27 15:45:44,820 [TRACE] uvicorn.asgi: ::1:56793 - ASGI [9] Started scope={'type': 'http', 'asgi': {'version': '3.0', 'spec_version': '2.3'}, 'http_version': '1.1', 'server': ('::1', 8003), 'client': ('::1', 56793), 'scheme': 'http', 'method': 'POST', 'root_path': '', 'path': '/mcp/', 'raw_path': b'/mcp/', 'query_string': b'', 'headers': '<...>', 'state': {}}
2026-03-27 15:45:44,820 [TRACE] uvicorn.asgi: ::1:56793 - ASGI [9] Receive {'type': 'http.request', 'body': '<87 bytes>', 'more_body': False}
2026-03-27 15:45:44,820 [TRACE] uvicorn.asgi: ::1:56793 - ASGI [9] Send {'type': 'http.response.start', 'status': 200, 'headers': '<...>'}
2026-03-27 15:45:44,820 [INFO] uvicorn.access: ::1:56793 - "POST /mcp/ HTTP/1.1" 200
2026-03-27 15:45:44,821 [INFO] mcp.server.lowlevel.server: Processing request of type ListPromptsRequest
2026-03-27 15:45:44,822 [TRACE] uvicorn.asgi: ::1:56793 - ASGI [9] Send {'type': 'http.response.body', 'body': '<502 bytes>', 'more_body': True}
2026-03-27 15:45:44,822 [TRACE] uvicorn.asgi: ::1:56793 - ASGI [9] Send {'type': 'http.response.body', 'body': '<0 bytes>', 'more_body': False}
2026-03-27 15:45:44,822 [TRACE] uvicorn.asgi: ::1:56793 - ASGI [9] Receive {'type': 'http.disconnect'}
2026-03-27 15:45:44,823 [TRACE] uvicorn.asgi: ::1:56793 - ASGI [9] Completed
2026-03-27 15:45:49,823 [TRACE] uvicorn.error: ::1:56793 - HTTP connection lost
2026-03-27 15:45:53,704 [TRACE] uvicorn.error: ::1:56796 - HTTP connection made
2026-03-27 15:45:53,705 [TRACE] uvicorn.asgi: ::1:56796 - ASGI [10] Started scope={'type': 'http', 'asgi': {'version': '3.0', 'spec_version': '2.3'}, 'http_version': '1.1', 'server': ('::1', 8003), 'client': ('::1', 56796), 'scheme': 'http', 'method': 'POST', 'root_path': '', 'path': '/mcp', 'raw_path': b'/mcp', 'query_string': b'', 'headers': '<...>', 'state': {}}
2026-03-27 15:45:53,705 [TRACE] uvicorn.asgi: ::1:56796 - ASGI [10] Send {'type': 'http.response.start', 'status': 307, 'headers': '<...>'}
2026-03-27 15:45:53,705 [INFO] uvicorn.access: ::1:56796 - "POST /mcp HTTP/1.1" 307
2026-03-27 15:45:53,705 [TRACE] uvicorn.asgi: ::1:56796 - ASGI [10] Send {'type': 'http.response.body', 'body': '<0 bytes>'}
2026-03-27 15:45:53,705 [TRACE] uvicorn.asgi: ::1:56796 - ASGI [10] Completed
2026-03-27 15:45:53,706 [TRACE] uvicorn.error: ::1:56796 - HTTP connection lost
2026-03-27 15:45:53,706 [TRACE] uvicorn.error: ::1:56797 - HTTP connection made
2026-03-27 15:45:53,706 [TRACE] uvicorn.asgi: ::1:56797 - ASGI [11] Started scope={'type': 'http', 'asgi': {'version': '3.0', 'spec_version': '2.3'}, 'http_version': '1.1', 'server': ('::1', 8003), 'client': ('::1', 56797), 'scheme': 'http', 'method': 'POST', 'root_path': '', 'path': '/mcp/', 'raw_path': b'/mcp/', 'query_string': b'', 'headers': '<...>', 'state': {}}
2026-03-27 15:45:53,707 [TRACE] uvicorn.asgi: ::1:56797 - ASGI [11] Receive {'type': 'http.request', 'body': '<129 bytes>', 'more_body': False}
2026-03-27 15:45:53,707 [TRACE] uvicorn.asgi: ::1:56797 - ASGI [11] Send {'type': 'http.response.start', 'status': 200, 'headers': '<...>'}
2026-03-27 15:45:53,707 [INFO] uvicorn.access: ::1:56797 - "POST /mcp/ HTTP/1.1" 200
2026-03-27 15:45:53,707 [INFO] mcp.server.lowlevel.server: Processing request of type GetPromptRequest
2026-03-27 15:45:53,713 [TRACE] uvicorn.asgi: ::1:56797 - ASGI [11] Send {'type': 'http.response.body', 'body': '<199 bytes>', 'more_body': True}
2026-03-27 15:45:53,713 [TRACE] uvicorn.asgi: ::1:56797 - ASGI [11] Send {'type': 'http.response.body', 'body': '<0 bytes>', 'more_body': False}
2026-03-27 15:45:53,713 [TRACE] uvicorn.asgi: ::1:56797 - ASGI [11] Receive {'type': 'http.disconnect'}
2026-03-27 15:45:53,714 [TRACE] uvicorn.asgi: ::1:56797 - ASGI [11] Completed
2026-03-27 15:45:56,356 [TRACE] uvicorn.asgi: ::1:56790 - ASGI [7] Send {'type': 'http.response.body', 'body': '<45 bytes>', 'more_body': True}
2026-03-27 15:45:58,715 [TRACE] uvicorn.error: ::1:56797 - HTTP connection lost
2026-03-27 15:46:11,357 [TRACE] uvicorn.asgi: ::1:56790 - ASGI [7] Send {'type': 'http.response.body', 'body': '<45 bytes>', 'more_body': True}
2026-03-27 15:46:26,358 [TRACE] uvicorn.asgi: ::1:56790 - ASGI [7] Send {'type': 'http.response.body', 'body': '<45 bytes>', 'more_body': True}
2026-03-27 15:46:41,360 [TRACE] uvicorn.asgi: ::1:56790 - ASGI [7] Send {'type': 'http.response.body', 'body': '<45 bytes>', 'more_body': True}
2026-03-27 15:46:56,361 [TRACE] uvicorn.asgi: ::1:56790 - ASGI [7] Send {'type': 'http.response.body', 'body': '<45 bytes>', 'more_body': True}
2026-03-27 15:47:11,363 [TRACE] uvicorn.asgi: ::1:56790 - ASGI [7] Send {'type': 'http.response.body', 'body': '<45 bytes>', 'more_body': True}
2026-03-27 15:47:21,698 [TRACE] uvicorn.error: ::1:56813 - HTTP connection made
2026-03-27 15:47:21,698 [TRACE] uvicorn.asgi: ::1:56813 - ASGI [12] Started scope={'type': 'http', 'asgi': {'version': '3.0', 'spec_version': '2.3'}, 'http_version': '1.1', 'server': ('::1', 8003), 'client': ('::1', 56813), 'scheme': 'http', 'method': 'POST', 'root_path': '', 'path': '/mcp', 'raw_path': b'/mcp', 'query_string': b'', 'headers': '<...>', 'state': {}}
2026-03-27 15:47:21,698 [TRACE] uvicorn.asgi: ::1:56813 - ASGI [12] Send {'type': 'http.response.start', 'status': 307, 'headers': '<...>'}
2026-03-27 15:47:21,698 [INFO] uvicorn.access: ::1:56813 - "POST /mcp HTTP/1.1" 307
2026-03-27 15:47:21,698 [TRACE] uvicorn.asgi: ::1:56813 - ASGI [12] Send {'type': 'http.response.body', 'body': '<0 bytes>'}
2026-03-27 15:47:21,698 [TRACE] uvicorn.asgi: ::1:56813 - ASGI [12] Completed
2026-03-27 15:47:21,699 [TRACE] uvicorn.error: ::1:56813 - HTTP connection lost
2026-03-27 15:47:21,699 [TRACE] uvicorn.error: ::1:56814 - HTTP connection made
2026-03-27 15:47:21,699 [TRACE] uvicorn.asgi: ::1:56814 - ASGI [13] Started scope={'type': 'http', 'asgi': {'version': '3.0', 'spec_version': '2.3'}, 'http_version': '1.1', 'server': ('::1', 8003), 'client': ('::1', 56814), 'scheme': 'http', 'method': 'POST', 'root_path': '', 'path': '/mcp/', 'raw_path': b'/mcp/', 'query_string': b'', 'headers': '<...>', 'state': {}}
2026-03-27 15:47:21,700 [TRACE] uvicorn.asgi: ::1:56814 - ASGI [13] Receive {'type': 'http.request', 'body': '<186 bytes>', 'more_body': False}
2026-03-27 15:47:21,700 [TRACE] uvicorn.asgi: ::1:56814 - ASGI [13] Send {'type': 'http.response.start', 'status': 200, 'headers': '<...>'}
2026-03-27 15:47:21,700 [INFO] uvicorn.access: ::1:56814 - "POST /mcp/ HTTP/1.1" 200
2026-03-27 15:47:21,700 [INFO] mcp.server.lowlevel.server: Processing request of type GetPromptRequest
2026-03-27 15:47:21,708 [TRACE] uvicorn.asgi: ::1:56814 - ASGI [13] Send {'type': 'http.response.body', 'body': '<124 bytes>', 'more_body': True}
2026-03-27 15:47:21,709 [TRACE] uvicorn.asgi: ::1:56814 - ASGI [13] Send {'type': 'http.response.body', 'body': '<0 bytes>', 'more_body': False}
2026-03-27 15:47:21,709 [TRACE] uvicorn.asgi: ::1:56814 - ASGI [13] Receive {'type': 'http.disconnect'}
2026-03-27 15:47:21,709 [TRACE] uvicorn.asgi: ::1:56814 - ASGI [13] Completed
2026-03-27 15:47:26,364 [TRACE] uvicorn.asgi: ::1:56790 - ASGI [7] Send {'type': 'http.response.body', 'body': '<45 bytes>', 'more_body': True}
2026-03-27 15:47:26,709 [TRACE] uvicorn.error: ::1:56814 - HTTP connection lost
2026-03-27 15:47:39,646 [INFO] uvicorn.error: Shutting down
2026-03-27 15:47:39,747 [INFO] uvicorn.error: Waiting for connections to close. (CTRL+C to force quit)
2026-03-27 15:47:40,090 [TRACE] uvicorn.asgi: ::1:56790 - ASGI [7] Completed
2026-03-27 15:47:40,090 [ERROR] uvicorn.error: ASGI callable returned without completing response.
2026-03-27 15:47:40,090 [TRACE] uvicorn.error: ::1:56790 - HTTP connection lost
2026-03-27 15:47:40,157 [INFO] uvicorn.error: Waiting for application shutdown.
2026-03-27 15:47:40,158 [TRACE] uvicorn.asgi: ASGI [1] Receive {'type': 'lifespan.shutdown'}
2026-03-27 15:47:40,158 [INFO] mcp.server.streamable_http_manager: StreamableHTTP session manager shutting down
2026-03-27 15:47:40,159 [TRACE] uvicorn.asgi: ASGI [1] Send {'type': 'lifespan.shutdown.complete'}
2026-03-27 15:47:40,159 [TRACE] uvicorn.asgi: ASGI [1] Completed
2026-03-27 15:47:40,160 [INFO] uvicorn.error: Application shutdown complete.
2026-03-27 15:47:40,160 [INFO] uvicorn.error: Finished server process [36388]
2026-03-27 15:47:54,644 [INFO] uvicorn.error: Started server process [40147]
2026-03-27 15:47:54,644 [INFO] uvicorn.error: Waiting for application startup.
2026-03-27 15:47:54,645 [TRACE] uvicorn.asgi: ASGI [1] Started scope={'type': 'lifespan', 'asgi': {'version': '3.0', 'spec_version': '2.0'}, 'state': {}}
2026-03-27 15:47:54,645 [TRACE] uvicorn.asgi: ASGI [1] Receive {'type': 'lifespan.startup'}
2026-03-27 15:47:54,646 [INFO] mcp.server.streamable_http_manager: StreamableHTTP session manager started
2026-03-27 15:47:54,646 [TRACE] uvicorn.asgi: ASGI [1] Send {'type': 'lifespan.startup.complete'}
2026-03-27 15:47:54,646 [INFO] uvicorn.error: Application startup complete.
2026-03-27 15:47:54,649 [INFO] uvicorn.error: Uvicorn running on http://localhost:8003 (Press CTRL+C to quit)
2026-03-27 15:54:28,141 [TRACE] uvicorn.error: ::1:56872 - HTTP connection made
2026-03-27 15:54:28,142 [TRACE] uvicorn.asgi: ::1:56872 - ASGI [2] Started scope={'type': 'http', 'asgi': {'version': '3.0', 'spec_version': '2.3'}, 'http_version': '1.1', 'server': ('::1', 8003), 'client': ('::1', 56872), 'scheme': 'http', 'method': 'POST', 'root_path': '', 'path': '/mcp', 'raw_path': b'/mcp', 'query_string': b'', 'headers': '<...>', 'state': {}}
2026-03-27 15:54:28,142 [TRACE] uvicorn.asgi: ::1:56872 - ASGI [2] Send {'type': 'http.response.start', 'status': 307, 'headers': '<...>'}
2026-03-27 15:54:28,142 [INFO] uvicorn.access: ::1:56872 - "POST /mcp HTTP/1.1" 307
2026-03-27 15:54:28,142 [TRACE] uvicorn.asgi: ::1:56872 - ASGI [2] Send {'type': 'http.response.body', 'body': '<0 bytes>'}
2026-03-27 15:54:28,142 [TRACE] uvicorn.asgi: ::1:56872 - ASGI [2] Completed
2026-03-27 15:54:28,143 [TRACE] uvicorn.error: ::1:56872 - HTTP connection lost
2026-03-27 15:54:28,144 [TRACE] uvicorn.error: ::1:56873 - HTTP connection made
2026-03-27 15:54:28,145 [TRACE] uvicorn.asgi: ::1:56873 - ASGI [3] Started scope={'type': 'http', 'asgi': {'version': '3.0', 'spec_version': '2.3'}, 'http_version': '1.1', 'server': ('::1', 8003), 'client': ('::1', 56873), 'scheme': 'http', 'method': 'POST', 'root_path': '', 'path': '/mcp/', 'raw_path': b'/mcp/', 'query_string': b'', 'headers': '<...>', 'state': {}}
2026-03-27 15:54:28,145 [INFO] mcp.server.streamable_http_manager: Created new transport with session ID: 6cad9c3196e742e2a729047b1a755ce0
2026-03-27 15:54:28,145 [TRACE] uvicorn.asgi: ::1:56873 - ASGI [3] Receive {'type': 'http.request', 'body': '<330 bytes>', 'more_body': False}
2026-03-27 15:54:28,148 [TRACE] uvicorn.asgi: ::1:56873 - ASGI [3] Send {'type': 'http.response.start', 'status': 200, 'headers': '<...>'}
2026-03-27 15:54:28,148 [INFO] uvicorn.access: ::1:56873 - "POST /mcp/ HTTP/1.1" 200
2026-03-27 15:54:28,149 [TRACE] uvicorn.asgi: ::1:56873 - ASGI [3] Send {'type': 'http.response.body', 'body': '<431 bytes>', 'more_body': True}
2026-03-27 15:54:28,149 [TRACE] uvicorn.asgi: ::1:56873 - ASGI [3] Send {'type': 'http.response.body', 'body': '<0 bytes>', 'more_body': False}
2026-03-27 15:54:28,149 [TRACE] uvicorn.asgi: ::1:56873 - ASGI [3] Receive {'type': 'http.disconnect'}
2026-03-27 15:54:28,149 [TRACE] uvicorn.asgi: ::1:56873 - ASGI [3] Completed
2026-03-27 15:54:28,161 [TRACE] uvicorn.asgi: ::1:56873 - ASGI [4] Started scope={'type': 'http', 'asgi': {'version': '3.0', 'spec_version': '2.3'}, 'http_version': '1.1', 'server': ('::1', 8003), 'client': ('::1', 56873), 'scheme': 'http', 'method': 'POST', 'root_path': '', 'path': '/mcp', 'raw_path': b'/mcp', 'query_string': b'', 'headers': '<...>', 'state': {}}
2026-03-27 15:54:28,161 [TRACE] uvicorn.asgi: ::1:56873 - ASGI [4] Send {'type': 'http.response.start', 'status': 307, 'headers': '<...>'}
2026-03-27 15:54:28,161 [INFO] uvicorn.access: ::1:56873 - "POST /mcp HTTP/1.1" 307
2026-03-27 15:54:28,162 [TRACE] uvicorn.asgi: ::1:56873 - ASGI [4] Send {'type': 'http.response.body', 'body': '<0 bytes>'}
2026-03-27 15:54:28,162 [TRACE] uvicorn.asgi: ::1:56873 - ASGI [4] Completed
2026-03-27 15:54:28,162 [TRACE] uvicorn.error: ::1:56873 - HTTP connection lost
2026-03-27 15:54:28,163 [TRACE] uvicorn.error: ::1:56874 - HTTP connection made
2026-03-27 15:54:28,163 [TRACE] uvicorn.asgi: ::1:56874 - ASGI [5] Started scope={'type': 'http', 'asgi': {'version': '3.0', 'spec_version': '2.3'}, 'http_version': '1.1', 'server': ('::1', 8003), 'client': ('::1', 56874), 'scheme': 'http', 'method': 'POST', 'root_path': '', 'path': '/mcp/', 'raw_path': b'/mcp/', 'query_string': b'', 'headers': '<...>', 'state': {}}
2026-03-27 15:54:28,163 [TRACE] uvicorn.asgi: ::1:56874 - ASGI [5] Receive {'type': 'http.request', 'body': '<54 bytes>', 'more_body': False}
2026-03-27 15:54:28,163 [TRACE] uvicorn.asgi: ::1:56874 - ASGI [5] Send {'type': 'http.response.start', 'status': <HTTPStatus.ACCEPTED: 202>, 'headers': '<...>'}
2026-03-27 15:54:28,163 [INFO] uvicorn.access: ::1:56874 - "POST /mcp/ HTTP/1.1" 202
2026-03-27 15:54:28,163 [TRACE] uvicorn.asgi: ::1:56874 - ASGI [5] Send {'type': 'http.response.body', 'body': '<0 bytes>'}
2026-03-27 15:54:28,163 [TRACE] uvicorn.asgi: ::1:56874 - ASGI [5] Completed
2026-03-27 15:54:28,164 [TRACE] uvicorn.asgi: ::1:56874 - ASGI [6] Started scope={'type': 'http', 'asgi': {'version': '3.0', 'spec_version': '2.3'}, 'http_version': '1.1', 'server': ('::1', 8003), 'client': ('::1', 56874), 'scheme': 'http', 'method': 'GET', 'root_path': '', 'path': '/mcp', 'raw_path': b'/mcp', 'query_string': b'', 'headers': '<...>', 'state': {}}
2026-03-27 15:54:28,164 [TRACE] uvicorn.asgi: ::1:56874 - ASGI [6] Send {'type': 'http.response.start', 'status': 307, 'headers': '<...>'}
2026-03-27 15:54:28,164 [INFO] uvicorn.access: ::1:56874 - "GET /mcp HTTP/1.1" 307
2026-03-27 15:54:28,165 [TRACE] uvicorn.asgi: ::1:56874 - ASGI [6] Send {'type': 'http.response.body', 'body': '<0 bytes>'}
2026-03-27 15:54:28,165 [TRACE] uvicorn.asgi: ::1:56874 - ASGI [6] Completed
2026-03-27 15:54:28,165 [TRACE] uvicorn.error: ::1:56874 - HTTP connection lost
2026-03-27 15:54:28,166 [TRACE] uvicorn.error: ::1:56875 - HTTP connection made
2026-03-27 15:54:28,166 [TRACE] uvicorn.asgi: ::1:56875 - ASGI [7] Started scope={'type': 'http', 'asgi': {'version': '3.0', 'spec_version': '2.3'}, 'http_version': '1.1', 'server': ('::1', 8003), 'client': ('::1', 56875), 'scheme': 'http', 'method': 'GET', 'root_path': '', 'path': '/mcp/', 'raw_path': b'/mcp/', 'query_string': b'', 'headers': '<...>', 'state': {}}
2026-03-27 15:54:28,166 [TRACE] uvicorn.asgi: ::1:56875 - ASGI [7] Send {'type': 'http.response.start', 'status': 200, 'headers': '<...>'}
2026-03-27 15:54:28,166 [INFO] uvicorn.access: ::1:56875 - "GET /mcp/ HTTP/1.1" 200
2026-03-27 15:54:28,166 [TRACE] uvicorn.asgi: ::1:56875 - ASGI [7] Receive {'type': 'http.request', 'body': '<0 bytes>', 'more_body': False}
2026-03-27 15:54:31,165 [TRACE] uvicorn.error: ::1:56877 - HTTP connection made
2026-03-27 15:54:31,167 [TRACE] uvicorn.asgi: ::1:56877 - ASGI [8] Started scope={'type': 'http', 'asgi': {'version': '3.0', 'spec_version': '2.3'}, 'http_version': '1.1', 'server': ('::1', 8003), 'client': ('::1', 56877), 'scheme': 'http', 'method': 'POST', 'root_path': '', 'path': '/mcp', 'raw_path': b'/mcp', 'query_string': b'', 'headers': '<...>', 'state': {}}
2026-03-27 15:54:31,167 [TRACE] uvicorn.asgi: ::1:56877 - ASGI [8] Send {'type': 'http.response.start', 'status': 307, 'headers': '<...>'}
2026-03-27 15:54:31,168 [INFO] uvicorn.access: ::1:56877 - "POST /mcp HTTP/1.1" 307
2026-03-27 15:54:31,168 [TRACE] uvicorn.asgi: ::1:56877 - ASGI [8] Send {'type': 'http.response.body', 'body': '<0 bytes>'}
2026-03-27 15:54:31,168 [TRACE] uvicorn.asgi: ::1:56877 - ASGI [8] Completed
2026-03-27 15:54:31,170 [TRACE] uvicorn.error: ::1:56877 - HTTP connection lost
2026-03-27 15:54:31,170 [TRACE] uvicorn.error: ::1:56878 - HTTP connection made
2026-03-27 15:54:31,171 [TRACE] uvicorn.asgi: ::1:56878 - ASGI [9] Started scope={'type': 'http', 'asgi': {'version': '3.0', 'spec_version': '2.3'}, 'http_version': '1.1', 'server': ('::1', 8003), 'client': ('::1', 56878), 'scheme': 'http', 'method': 'POST', 'root_path': '', 'path': '/mcp/', 'raw_path': b'/mcp/', 'query_string': b'', 'headers': '<...>', 'state': {}}
2026-03-27 15:54:31,171 [TRACE] uvicorn.asgi: ::1:56878 - ASGI [9] Receive {'type': 'http.request', 'body': '<87 bytes>', 'more_body': False}
2026-03-27 15:54:31,172 [TRACE] uvicorn.asgi: ::1:56878 - ASGI [9] Send {'type': 'http.response.start', 'status': 200, 'headers': '<...>'}
2026-03-27 15:54:31,172 [INFO] uvicorn.access: ::1:56878 - "POST /mcp/ HTTP/1.1" 200
2026-03-27 15:54:31,172 [INFO] mcp.server.lowlevel.server: Processing request of type ListPromptsRequest
2026-03-27 15:54:31,175 [TRACE] uvicorn.asgi: ::1:56878 - ASGI [9] Send {'type': 'http.response.body', 'body': '<502 bytes>', 'more_body': True}
2026-03-27 15:54:31,175 [TRACE] uvicorn.asgi: ::1:56878 - ASGI [9] Send {'type': 'http.response.body', 'body': '<0 bytes>', 'more_body': False}
2026-03-27 15:54:31,175 [TRACE] uvicorn.asgi: ::1:56878 - ASGI [9] Receive {'type': 'http.disconnect'}
2026-03-27 15:54:31,175 [TRACE] uvicorn.asgi: ::1:56878 - ASGI [9] Completed
2026-03-27 15:54:36,176 [TRACE] uvicorn.error: ::1:56878 - HTTP connection lost
2026-03-27 15:54:43,169 [TRACE] uvicorn.asgi: ::1:56875 - ASGI [7] Send {'type': 'http.response.body', 'body': '<45 bytes>', 'more_body': True}
2026-03-27 15:54:51,653 [TRACE] uvicorn.error: ::1:56880 - HTTP connection made
2026-03-27 15:54:51,653 [TRACE] uvicorn.asgi: ::1:56880 - ASGI [10] Started scope={'type': 'http', 'asgi': {'version': '3.0', 'spec_version': '2.3'}, 'http_version': '1.1', 'server': ('::1', 8003), 'client': ('::1', 56880), 'scheme': 'http', 'method': 'POST', 'root_path': '', 'path': '/mcp', 'raw_path': b'/mcp', 'query_string': b'', 'headers': '<...>', 'state': {}}
2026-03-27 15:54:51,653 [TRACE] uvicorn.asgi: ::1:56880 - ASGI [10] Send {'type': 'http.response.start', 'status': 307, 'headers': '<...>'}
2026-03-27 15:54:51,653 [INFO] uvicorn.access: ::1:56880 - "POST /mcp HTTP/1.1" 307
2026-03-27 15:54:51,653 [TRACE] uvicorn.asgi: ::1:56880 - ASGI [10] Send {'type': 'http.response.body', 'body': '<0 bytes>'}
2026-03-27 15:54:51,653 [TRACE] uvicorn.asgi: ::1:56880 - ASGI [10] Completed
2026-03-27 15:54:51,654 [TRACE] uvicorn.error: ::1:56880 - HTTP connection lost
2026-03-27 15:54:51,654 [TRACE] uvicorn.error: ::1:56881 - HTTP connection made
2026-03-27 15:54:51,655 [TRACE] uvicorn.asgi: ::1:56881 - ASGI [11] Started scope={'type': 'http', 'asgi': {'version': '3.0', 'spec_version': '2.3'}, 'http_version': '1.1', 'server': ('::1', 8003), 'client': ('::1', 56881), 'scheme': 'http', 'method': 'POST', 'root_path': '', 'path': '/mcp/', 'raw_path': b'/mcp/', 'query_string': b'', 'headers': '<...>', 'state': {}}
2026-03-27 15:54:51,655 [TRACE] uvicorn.asgi: ::1:56881 - ASGI [11] Receive {'type': 'http.request', 'body': '<187 bytes>', 'more_body': False}
2026-03-27 15:54:51,655 [TRACE] uvicorn.asgi: ::1:56881 - ASGI [11] Send {'type': 'http.response.start', 'status': 200, 'headers': '<...>'}
2026-03-27 15:54:51,655 [INFO] uvicorn.access: ::1:56881 - "POST /mcp/ HTTP/1.1" 200
2026-03-27 15:54:51,656 [INFO] mcp.server.lowlevel.server: Processing request of type GetPromptRequest
2026-03-27 15:54:51,658 [TRACE] uvicorn.asgi: ::1:56881 - ASGI [11] Send {'type': 'http.response.body', 'body': '<502 bytes>', 'more_body': True}
2026-03-27 15:54:51,659 [TRACE] uvicorn.asgi: ::1:56881 - ASGI [11] Send {'type': 'http.response.body', 'body': '<0 bytes>', 'more_body': False}
2026-03-27 15:54:51,659 [TRACE] uvicorn.asgi: ::1:56881 - ASGI [11] Receive {'type': 'http.disconnect'}
2026-03-27 15:54:51,659 [TRACE] uvicorn.asgi: ::1:56881 - ASGI [11] Completed
2026-03-27 15:54:56,660 [TRACE] uvicorn.error: ::1:56881 - HTTP connection lost
2026-03-27 15:54:58,169 [TRACE] uvicorn.asgi: ::1:56875 - ASGI [7] Send {'type': 'http.response.body', 'body': '<45 bytes>', 'more_body': True}
2026-03-27 15:55:00,383 [TRACE] uvicorn.error: ::1:56884 - HTTP connection made
2026-03-27 15:55:00,383 [TRACE] uvicorn.asgi: ::1:56884 - ASGI [12] Started scope={'type': 'http', 'asgi': {'version': '3.0', 'spec_version': '2.3'}, 'http_version': '1.1', 'server': ('::1', 8003), 'client': ('::1', 56884), 'scheme': 'http', 'method': 'POST', 'root_path': '', 'path': '/mcp', 'raw_path': b'/mcp', 'query_string': b'', 'headers': '<...>', 'state': {}}
2026-03-27 15:55:00,384 [TRACE] uvicorn.asgi: ::1:56884 - ASGI [12] Send {'type': 'http.response.start', 'status': 307, 'headers': '<...>'}
2026-03-27 15:55:00,384 [INFO] uvicorn.access: ::1:56884 - "POST /mcp HTTP/1.1" 307
2026-03-27 15:55:00,384 [TRACE] uvicorn.asgi: ::1:56884 - ASGI [12] Send {'type': 'http.response.body', 'body': '<0 bytes>'}
2026-03-27 15:55:00,384 [TRACE] uvicorn.asgi: ::1:56884 - ASGI [12] Completed
2026-03-27 15:55:00,384 [TRACE] uvicorn.error: ::1:56884 - HTTP connection lost
2026-03-27 15:55:00,385 [TRACE] uvicorn.error: ::1:56885 - HTTP connection made
2026-03-27 15:55:00,385 [TRACE] uvicorn.asgi: ::1:56885 - ASGI [13] Started scope={'type': 'http', 'asgi': {'version': '3.0', 'spec_version': '2.3'}, 'http_version': '1.1', 'server': ('::1', 8003), 'client': ('::1', 56885), 'scheme': 'http', 'method': 'POST', 'root_path': '', 'path': '/mcp/', 'raw_path': b'/mcp/', 'query_string': b'', 'headers': '<...>', 'state': {}}
2026-03-27 15:55:00,385 [TRACE] uvicorn.asgi: ::1:56885 - ASGI [13] Receive {'type': 'http.request', 'body': '<187 bytes>', 'more_body': False}
2026-03-27 15:55:00,385 [TRACE] uvicorn.asgi: ::1:56885 - ASGI [13] Send {'type': 'http.response.start', 'status': 200, 'headers': '<...>'}
2026-03-27 15:55:00,385 [INFO] uvicorn.access: ::1:56885 - "POST /mcp/ HTTP/1.1" 200
2026-03-27 15:55:00,386 [INFO] mcp.server.lowlevel.server: Processing request of type GetPromptRequest
2026-03-27 15:55:00,387 [TRACE] uvicorn.asgi: ::1:56885 - ASGI [13] Send {'type': 'http.response.body', 'body': '<502 bytes>', 'more_body': True}
2026-03-27 15:55:00,387 [TRACE] uvicorn.asgi: ::1:56885 - ASGI [13] Send {'type': 'http.response.body', 'body': '<0 bytes>', 'more_body': False}
2026-03-27 15:55:00,387 [TRACE] uvicorn.asgi: ::1:56885 - ASGI [13] Receive {'type': 'http.disconnect'}
2026-03-27 15:55:00,387 [TRACE] uvicorn.asgi: ::1:56885 - ASGI [13] Completed
2026-03-27 15:55:05,388 [TRACE] uvicorn.error: ::1:56885 - HTTP connection lost
2026-03-27 15:55:13,171 [TRACE] uvicorn.asgi: ::1:56875 - ASGI [7] Send {'type': 'http.response.body', 'body': '<45 bytes>', 'more_body': True}
2026-03-27 15:55:28,172 [TRACE] uvicorn.asgi: ::1:56875 - ASGI [7] Send {'type': 'http.response.body', 'body': '<45 bytes>', 'more_body': True}
2026-03-27 15:55:43,175 [TRACE] uvicorn.asgi: ::1:56875 - ASGI [7] Send {'type': 'http.response.body', 'body': '<45 bytes>', 'more_body': True}
2026-03-27 15:55:58,177 [TRACE] uvicorn.asgi: ::1:56875 - ASGI [7] Send {'type': 'http.response.body', 'body': '<45 bytes>', 'more_body': True}
2026-03-30 09:48:49,162 [INFO] uvicorn.error: Started server process [12489]
2026-03-30 09:48:49,163 [INFO] uvicorn.error: Waiting for application startup.
2026-03-30 09:48:49,163 [TRACE] uvicorn.asgi: ASGI [1] Started scope={'type': 'lifespan', 'asgi': {'version': '3.0', 'spec_version': '2.0'}, 'state': {}}
2026-03-30 09:48:49,163 [TRACE] uvicorn.asgi: ASGI [1] Receive {'type': 'lifespan.startup'}
2026-03-30 09:48:49,166 [INFO] mcp.server.streamable_http_manager: StreamableHTTP session manager started
2026-03-30 09:48:49,166 [TRACE] uvicorn.asgi: ASGI [1] Send {'type': 'lifespan.startup.complete'}
2026-03-30 09:48:49,166 [INFO] uvicorn.error: Application startup complete.
2026-03-30 09:48:49,169 [INFO] uvicorn.error: Uvicorn running on http://localhost:8003 (Press CTRL+C to quit)
2026-03-30 09:48:52,926 [TRACE] uvicorn.error: ::1:50614 - HTTP connection made
2026-03-30 09:48:52,927 [TRACE] uvicorn.asgi: ::1:50614 - ASGI [2] Started scope={'type': 'http', 'asgi': {'version': '3.0', 'spec_version': '2.3'}, 'http_version': '1.1', 'server': ('::1', 8003), 'client': ('::1', 50614), 'scheme': 'http', 'method': 'POST', 'root_path': '', 'path': '/mcp', 'raw_path': b'/mcp', 'query_string': b'', 'headers': '<...>', 'state': {}}
2026-03-30 09:48:52,927 [TRACE] uvicorn.asgi: ::1:50614 - ASGI [2] Send {'type': 'http.response.start', 'status': 307, 'headers': '<...>'}
2026-03-30 09:48:52,927 [INFO] uvicorn.access: ::1:50614 - "POST /mcp HTTP/1.1" 307
2026-03-30 09:48:52,928 [TRACE] uvicorn.asgi: ::1:50614 - ASGI [2] Send {'type': 'http.response.body', 'body': '<0 bytes>'}
2026-03-30 09:48:52,928 [TRACE] uvicorn.asgi: ::1:50614 - ASGI [2] Completed
2026-03-30 09:48:52,930 [TRACE] uvicorn.error: ::1:50614 - HTTP connection lost
2026-03-30 09:48:52,931 [TRACE] uvicorn.error: ::1:50615 - HTTP connection made
2026-03-30 09:48:52,932 [TRACE] uvicorn.asgi: ::1:50615 - ASGI [3] Started scope={'type': 'http', 'asgi': {'version': '3.0', 'spec_version': '2.3'}, 'http_version': '1.1', 'server': ('::1', 8003), 'client': ('::1', 50615), 'scheme': 'http', 'method': 'POST', 'root_path': '', 'path': '/mcp/', 'raw_path': b'/mcp/', 'query_string': b'', 'headers': '<...>', 'state': {}}
2026-03-30 09:48:52,932 [INFO] mcp.server.streamable_http_manager: Created new transport with session ID: ada90514fac646d68b3a10b86ac43582
2026-03-30 09:48:52,933 [TRACE] uvicorn.asgi: ::1:50615 - ASGI [3] Receive {'type': 'http.request', 'body': '<330 bytes>', 'more_body': False}
2026-03-30 09:48:52,935 [TRACE] uvicorn.asgi: ::1:50615 - ASGI [3] Send {'type': 'http.response.start', 'status': 200, 'headers': '<...>'}
2026-03-30 09:48:52,935 [INFO] uvicorn.access: ::1:50615 - "POST /mcp/ HTTP/1.1" 200
2026-03-30 09:48:52,936 [TRACE] uvicorn.asgi: ::1:50615 - ASGI [3] Send {'type': 'http.response.body', 'body': '<431 bytes>', 'more_body': True}
2026-03-30 09:48:52,936 [TRACE] uvicorn.asgi: ::1:50615 - ASGI [3] Send {'type': 'http.response.body', 'body': '<0 bytes>', 'more_body': False}
2026-03-30 09:48:52,936 [TRACE] uvicorn.asgi: ::1:50615 - ASGI [3] Receive {'type': 'http.disconnect'}
2026-03-30 09:48:52,937 [TRACE] uvicorn.asgi: ::1:50615 - ASGI [3] Completed
2026-03-30 09:48:52,949 [TRACE] uvicorn.asgi: ::1:50615 - ASGI [4] Started scope={'type': 'http', 'asgi': {'version': '3.0', 'spec_version': '2.3'}, 'http_version': '1.1', 'server': ('::1', 8003), 'client': ('::1', 50615), 'scheme': 'http', 'method': 'POST', 'root_path': '', 'path': '/mcp', 'raw_path': b'/mcp', 'query_string': b'', 'headers': '<...>', 'state': {}}
2026-03-30 09:48:52,949 [TRACE] uvicorn.asgi: ::1:50615 - ASGI [4] Send {'type': 'http.response.start', 'status': 307, 'headers': '<...>'}
2026-03-30 09:48:52,949 [INFO] uvicorn.access: ::1:50615 - "POST /mcp HTTP/1.1" 307
2026-03-30 09:48:52,949 [TRACE] uvicorn.asgi: ::1:50615 - ASGI [4] Send {'type': 'http.response.body', 'body': '<0 bytes>'}
2026-03-30 09:48:52,949 [TRACE] uvicorn.asgi: ::1:50615 - ASGI [4] Completed
2026-03-30 09:48:52,950 [TRACE] uvicorn.error: ::1:50615 - HTTP connection lost
2026-03-30 09:48:52,951 [TRACE] uvicorn.error: ::1:50616 - HTTP connection made
2026-03-30 09:48:52,951 [TRACE] uvicorn.asgi: ::1:50616 - ASGI [5] Started scope={'type': 'http', 'asgi': {'version': '3.0', 'spec_version': '2.3'}, 'http_version': '1.1', 'server': ('::1', 8003), 'client': ('::1', 50616), 'scheme': 'http', 'method': 'POST', 'root_path': '', 'path': '/mcp/', 'raw_path': b'/mcp/', 'query_string': b'', 'headers': '<...>', 'state': {}}
2026-03-30 09:48:52,951 [TRACE] uvicorn.asgi: ::1:50616 - ASGI [5] Receive {'type': 'http.request', 'body': '<54 bytes>', 'more_body': False}
2026-03-30 09:48:52,951 [TRACE] uvicorn.asgi: ::1:50616 - ASGI [5] Send {'type': 'http.response.start', 'status': <HTTPStatus.ACCEPTED: 202>, 'headers': '<...>'}
2026-03-30 09:48:52,952 [INFO] uvicorn.access: ::1:50616 - "POST /mcp/ HTTP/1.1" 202
2026-03-30 09:48:52,952 [TRACE] uvicorn.asgi: ::1:50616 - ASGI [5] Send {'type': 'http.response.body', 'body': '<0 bytes>'}
2026-03-30 09:48:52,952 [TRACE] uvicorn.asgi: ::1:50616 - ASGI [5] Completed
2026-03-30 09:48:52,953 [TRACE] uvicorn.asgi: ::1:50616 - ASGI [6] Started scope={'type': 'http', 'asgi': {'version': '3.0', 'spec_version': '2.3'}, 'http_version': '1.1', 'server': ('::1', 8003), 'client': ('::1', 50616), 'scheme': 'http', 'method': 'GET', 'root_path': '', 'path': '/mcp', 'raw_path': b'/mcp', 'query_string': b'', 'headers': '<...>', 'state': {}}
2026-03-30 09:48:52,953 [TRACE] uvicorn.asgi: ::1:50616 - ASGI [6] Send {'type': 'http.response.start', 'status': 307, 'headers': '<...>'}
2026-03-30 09:48:52,953 [INFO] uvicorn.access: ::1:50616 - "GET /mcp HTTP/1.1" 307
2026-03-30 09:48:52,953 [TRACE] uvicorn.asgi: ::1:50616 - ASGI [6] Send {'type': 'http.response.body', 'body': '<0 bytes>'}
2026-03-30 09:48:52,954 [TRACE] uvicorn.asgi: ::1:50616 - ASGI [6] Completed
2026-03-30 09:48:52,954 [TRACE] uvicorn.error: ::1:50616 - HTTP connection lost
2026-03-30 09:48:52,955 [TRACE] uvicorn.error: ::1:50617 - HTTP connection made
2026-03-30 09:48:52,955 [TRACE] uvicorn.asgi: ::1:50617 - ASGI [7] Started scope={'type': 'http', 'asgi': {'version': '3.0', 'spec_version': '2.3'}, 'http_version': '1.1', 'server': ('::1', 8003), 'client': ('::1', 50617), 'scheme': 'http', 'method': 'GET', 'root_path': '', 'path': '/mcp/', 'raw_path': b'/mcp/', 'query_string': b'', 'headers': '<...>', 'state': {}}
2026-03-30 09:48:52,956 [TRACE] uvicorn.asgi: ::1:50617 - ASGI [7] Send {'type': 'http.response.start', 'status': 200, 'headers': '<...>'}
2026-03-30 09:48:52,956 [INFO] uvicorn.access: ::1:50617 - "GET /mcp/ HTTP/1.1" 200
2026-03-30 09:48:52,956 [TRACE] uvicorn.asgi: ::1:50617 - ASGI [7] Receive {'type': 'http.request', 'body': '<0 bytes>', 'more_body': False}
2026-03-30 09:49:07,957 [TRACE] uvicorn.asgi: ::1:50617 - ASGI [7] Send {'type': 'http.response.body', 'body': '<45 bytes>', 'more_body': True}
2026-03-30 09:49:08,810 [TRACE] uvicorn.error: ::1:50662 - HTTP connection made
2026-03-30 09:49:08,811 [TRACE] uvicorn.asgi: ::1:50662 - ASGI [8] Started scope={'type': 'http', 'asgi': {'version': '3.0', 'spec_version': '2.3'}, 'http_version': '1.1', 'server': ('::1', 8003), 'client': ('::1', 50662), 'scheme': 'http', 'method': 'POST', 'root_path': '', 'path': '/mcp', 'raw_path': b'/mcp', 'query_string': b'', 'headers': '<...>', 'state': {}}
2026-03-30 09:49:08,811 [TRACE] uvicorn.asgi: ::1:50662 - ASGI [8] Send {'type': 'http.response.start', 'status': 307, 'headers': '<...>'}
2026-03-30 09:49:08,811 [INFO] uvicorn.access: ::1:50662 - "POST /mcp HTTP/1.1" 307
2026-03-30 09:49:08,811 [TRACE] uvicorn.asgi: ::1:50662 - ASGI [8] Send {'type': 'http.response.body', 'body': '<0 bytes>'}
2026-03-30 09:49:08,811 [TRACE] uvicorn.asgi: ::1:50662 - ASGI [8] Completed
2026-03-30 09:49:08,812 [TRACE] uvicorn.error: ::1:50662 - HTTP connection lost
2026-03-30 09:49:08,813 [TRACE] uvicorn.error: ::1:50663 - HTTP connection made
2026-03-30 09:49:08,813 [TRACE] uvicorn.asgi: ::1:50663 - ASGI [9] Started scope={'type': 'http', 'asgi': {'version': '3.0', 'spec_version': '2.3'}, 'http_version': '1.1', 'server': ('::1', 8003), 'client': ('::1', 50663), 'scheme': 'http', 'method': 'POST', 'root_path': '', 'path': '/mcp/', 'raw_path': b'/mcp/', 'query_string': b'', 'headers': '<...>', 'state': {}}
2026-03-30 09:49:08,814 [TRACE] uvicorn.asgi: ::1:50663 - ASGI [9] Receive {'type': 'http.request', 'body': '<87 bytes>', 'more_body': False}
2026-03-30 09:49:08,814 [TRACE] uvicorn.asgi: ::1:50663 - ASGI [9] Send {'type': 'http.response.start', 'status': 200, 'headers': '<...>'}
2026-03-30 09:49:08,814 [INFO] uvicorn.access: ::1:50663 - "POST /mcp/ HTTP/1.1" 200
2026-03-30 09:49:08,815 [INFO] mcp.server.lowlevel.server: Processing request of type ListPromptsRequest
2026-03-30 09:49:08,816 [TRACE] uvicorn.asgi: ::1:50663 - ASGI [9] Send {'type': 'http.response.body', 'body': '<502 bytes>', 'more_body': True}
2026-03-30 09:49:08,816 [TRACE] uvicorn.asgi: ::1:50663 - ASGI [9] Send {'type': 'http.response.body', 'body': '<0 bytes>', 'more_body': False}
2026-03-30 09:49:08,817 [TRACE] uvicorn.asgi: ::1:50663 - ASGI [9] Receive {'type': 'http.disconnect'}
2026-03-30 09:49:08,817 [TRACE] uvicorn.asgi: ::1:50663 - ASGI [9] Completed
2026-03-30 09:49:13,818 [TRACE] uvicorn.error: ::1:50663 - HTTP connection lost
2026-03-30 09:49:22,959 [TRACE] uvicorn.asgi: ::1:50617 - ASGI [7] Send {'type': 'http.response.body', 'body': '<45 bytes>', 'more_body': True}
2026-03-30 09:49:33,639 [TRACE] uvicorn.error: ::1:50762 - HTTP connection made
2026-03-30 09:49:33,640 [TRACE] uvicorn.asgi: ::1:50762 - ASGI [10] Started scope={'type': 'http', 'asgi': {'version': '3.0', 'spec_version': '2.3'}, 'http_version': '1.1', 'server': ('::1', 8003), 'client': ('::1', 50762), 'scheme': 'http', 'method': 'POST', 'root_path': '', 'path': '/mcp', 'raw_path': b'/mcp', 'query_string': b'', 'headers': '<...>', 'state': {}}
2026-03-30 09:49:33,640 [TRACE] uvicorn.asgi: ::1:50762 - ASGI [10] Send {'type': 'http.response.start', 'status': 307, 'headers': '<...>'}
2026-03-30 09:49:33,640 [INFO] uvicorn.access: ::1:50762 - "POST /mcp HTTP/1.1" 307
2026-03-30 09:49:33,641 [TRACE] uvicorn.asgi: ::1:50762 - ASGI [10] Send {'type': 'http.response.body', 'body': '<0 bytes>'}
2026-03-30 09:49:33,641 [TRACE] uvicorn.asgi: ::1:50762 - ASGI [10] Completed
2026-03-30 09:49:33,642 [TRACE] uvicorn.error: ::1:50762 - HTTP connection lost
2026-03-30 09:49:33,642 [TRACE] uvicorn.error: ::1:50763 - HTTP connection made
2026-03-30 09:49:33,643 [TRACE] uvicorn.asgi: ::1:50763 - ASGI [11] Started scope={'type': 'http', 'asgi': {'version': '3.0', 'spec_version': '2.3'}, 'http_version': '1.1', 'server': ('::1', 8003), 'client': ('::1', 50763), 'scheme': 'http', 'method': 'POST', 'root_path': '', 'path': '/mcp/', 'raw_path': b'/mcp/', 'query_string': b'', 'headers': '<...>', 'state': {}}
2026-03-30 09:49:33,643 [TRACE] uvicorn.asgi: ::1:50763 - ASGI [11] Receive {'type': 'http.request', 'body': '<185 bytes>', 'more_body': False}
2026-03-30 09:49:33,644 [TRACE] uvicorn.asgi: ::1:50763 - ASGI [11] Send {'type': 'http.response.start', 'status': 200, 'headers': '<...>'}
2026-03-30 09:49:33,644 [INFO] uvicorn.access: ::1:50763 - "POST /mcp/ HTTP/1.1" 200
2026-03-30 09:49:33,645 [INFO] mcp.server.lowlevel.server: Processing request of type GetPromptRequest
2026-03-30 09:49:33,648 [TRACE] uvicorn.asgi: ::1:50763 - ASGI [11] Send {'type': 'http.response.body', 'body': '<500 bytes>', 'more_body': True}
2026-03-30 09:49:33,648 [TRACE] uvicorn.asgi: ::1:50763 - ASGI [11] Send {'type': 'http.response.body', 'body': '<0 bytes>', 'more_body': False}
2026-03-30 09:49:33,648 [TRACE] uvicorn.asgi: ::1:50763 - ASGI [11] Receive {'type': 'http.disconnect'}
2026-03-30 09:49:33,649 [TRACE] uvicorn.asgi: ::1:50763 - ASGI [11] Completed
2026-03-30 09:49:37,962 [TRACE] uvicorn.asgi: ::1:50617 - ASGI [7] Send {'type': 'http.response.body', 'body': '<45 bytes>', 'more_body': True}
2026-03-30 09:49:38,650 [TRACE] uvicorn.error: ::1:50763 - HTTP connection lost
2026-03-30 09:49:52,964 [TRACE] uvicorn.asgi: ::1:50617 - ASGI [7] Send {'type': 'http.response.body', 'body': '<45 bytes>', 'more_body': True}
2026-03-30 09:50:07,966 [TRACE] uvicorn.asgi: ::1:50617 - ASGI [7] Send {'type': 'http.response.body', 'body': '<45 bytes>', 'more_body': True}
2026-03-30 09:50:22,968 [TRACE] uvicorn.asgi: ::1:50617 - ASGI [7] Send {'type': 'http.response.body', 'body': '<45 bytes>', 'more_body': True}
2026-03-30 09:50:37,970 [TRACE] uvicorn.asgi: ::1:50617 - ASGI [7] Send {'type': 'http.response.body', 'body': '<45 bytes>', 'more_body': True}
2026-03-30 09:50:52,972 [TRACE] uvicorn.asgi: ::1:50617 - ASGI [7] Send {'type': 'http.response.body', 'body': '<45 bytes>', 'more_body': True}
2026-03-30 09:51:07,975 [TRACE] uvicorn.asgi: ::1:50617 - ASGI [7] Send {'type': 'http.response.body', 'body': '<45 bytes>', 'more_body': True}
2026-03-30 09:51:22,977 [TRACE] uvicorn.asgi: ::1:50617 - ASGI [7] Send {'type': 'http.response.body', 'body': '<45 bytes>', 'more_body': True}
2026-03-30 09:51:37,979 [TRACE] uvicorn.asgi: ::1:50617 - ASGI [7] Send {'type': 'http.response.body', 'body': '<45 bytes>', 'more_body': True}
2026-03-30 09:51:52,982 [TRACE] uvicorn.asgi: ::1:50617 - ASGI [7] Send {'type': 'http.response.body', 'body': '<45 bytes>', 'more_body': True}
2026-03-30 09:52:07,984 [TRACE] uvicorn.asgi: ::1:50617 - ASGI [7] Send {'type': 'http.response.body', 'body': '<45 bytes>', 'more_body': True}
2026-03-30 09:52:22,987 [TRACE] uvicorn.asgi: ::1:50617 - ASGI [7] Send {'type': 'http.response.body', 'body': '<45 bytes>', 'more_body': True}
2026-03-30 09:52:37,990 [TRACE] uvicorn.asgi: ::1:50617 - ASGI [7] Send {'type': 'http.response.body', 'body': '<45 bytes>', 'more_body': True}
2026-03-30 09:52:52,992 [TRACE] uvicorn.asgi: ::1:50617 - ASGI [7] Send {'type': 'http.response.body', 'body': '<45 bytes>', 'more_body': True}
2026-03-30 09:53:07,994 [TRACE] uvicorn.asgi: ::1:50617 - ASGI [7] Send {'type': 'http.response.body', 'body': '<45 bytes>', 'more_body': True}
2026-03-30 09:53:22,996 [TRACE] uvicorn.asgi: ::1:50617 - ASGI [7] Send {'type': 'http.response.body', 'body': '<45 bytes>', 'more_body': True}
2026-03-30 09:53:37,998 [TRACE] uvicorn.asgi: ::1:50617 - ASGI [7] Send {'type': 'http.response.body', 'body': '<45 bytes>', 'more_body': True}
2026-03-30 09:53:53,001 [TRACE] uvicorn.asgi: ::1:50617 - ASGI [7] Send {'type': 'http.response.body', 'body': '<45 bytes>', 'more_body': True}
2026-03-30 09:54:08,004 [TRACE] uvicorn.asgi: ::1:50617 - ASGI [7] Send {'type': 'http.response.body', 'body': '<45 bytes>', 'more_body': True}
2026-03-30 09:54:23,006 [TRACE] uvicorn.asgi: ::1:50617 - ASGI [7] Send {'type': 'http.response.body', 'body': '<45 bytes>', 'more_body': True}
2026-03-30 09:54:38,009 [TRACE] uvicorn.asgi: ::1:50617 - ASGI [7] Send {'type': 'http.response.body', 'body': '<45 bytes>', 'more_body': True}
2026-03-30 09:54:53,011 [TRACE] uvicorn.asgi: ::1:50617 - ASGI [7] Send {'type': 'http.response.body', 'body': '<45 bytes>', 'more_body': True}
2026-03-30 09:55:08,013 [TRACE] uvicorn.asgi: ::1:50617 - ASGI [7] Send {'type': 'http.response.body', 'body': '<45 bytes>', 'more_body': True}
2026-03-30 09:55:23,015 [TRACE] uvicorn.asgi: ::1:50617 - ASGI [7] Send {'type': 'http.response.body', 'body': '<45 bytes>', 'more_body': True}
2026-03-30 09:55:38,016 [TRACE] uvicorn.asgi: ::1:50617 - ASGI [7] Send {'type': 'http.response.body', 'body': '<45 bytes>', 'more_body': True}
2026-03-30 09:55:53,017 [TRACE] uvicorn.asgi: ::1:50617 - ASGI [7] Send {'type': 'http.response.body', 'body': '<45 bytes>', 'more_body': True}
2026-03-30 09:56:08,019 [TRACE] uvicorn.asgi: ::1:50617 - ASGI [7] Send {'type': 'http.response.body', 'body': '<45 bytes>', 'more_body': True}
2026-03-30 09:56:23,021 [TRACE] uvicorn.asgi: ::1:50617 - ASGI [7] Send {'type': 'http.response.body', 'body': '<45 bytes>', 'more_body': True}
2026-03-30 09:56:38,022 [TRACE] uvicorn.asgi: ::1:50617 - ASGI [7] Send {'type': 'http.response.body', 'body': '<45 bytes>', 'more_body': True}
2026-03-30 09:56:53,024 [TRACE] uvicorn.asgi: ::1:50617 - ASGI [7] Send {'type': 'http.response.body', 'body': '<45 bytes>', 'more_body': True}
2026-03-30 09:57:08,027 [TRACE] uvicorn.asgi: ::1:50617 - ASGI [7] Send {'type': 'http.response.body', 'body': '<45 bytes>', 'more_body': True}
2026-03-30 09:57:23,029 [TRACE] uvicorn.asgi: ::1:50617 - ASGI [7] Send {'type': 'http.response.body', 'body': '<45 bytes>', 'more_body': True}
2026-03-30 09:57:38,032 [TRACE] uvicorn.asgi: ::1:50617 - ASGI [7] Send {'type': 'http.response.body', 'body': '<45 bytes>', 'more_body': True}
2026-03-30 09:57:53,033 [TRACE] uvicorn.asgi: ::1:50617 - ASGI [7] Send {'type': 'http.response.body', 'body': '<45 bytes>', 'more_body': True}
2026-03-30 09:58:08,035 [TRACE] uvicorn.asgi: ::1:50617 - ASGI [7] Send {'type': 'http.response.body', 'body': '<45 bytes>', 'more_body': True}
2026-03-30 09:58:23,038 [TRACE] uvicorn.asgi: ::1:50617 - ASGI [7] Send {'type': 'http.response.body', 'body': '<45 bytes>', 'more_body': True}
2026-03-30 09:58:38,040 [TRACE] uvicorn.asgi: ::1:50617 - ASGI [7] Send {'type': 'http.response.body', 'body': '<45 bytes>', 'more_body': True}
2026-03-30 09:58:53,043 [TRACE] uvicorn.asgi: ::1:50617 - ASGI [7] Send {'type': 'http.response.body', 'body': '<45 bytes>', 'more_body': True}
2026-03-30 09:59:08,045 [TRACE] uvicorn.asgi: ::1:50617 - ASGI [7] Send {'type': 'http.response.body', 'body': '<45 bytes>', 'more_body': True}
2026-03-30 09:59:23,048 [TRACE] uvicorn.asgi: ::1:50617 - ASGI [7] Send {'type': 'http.response.body', 'body': '<45 bytes>', 'more_body': True}
2026-03-30 09:59:38,050 [TRACE] uvicorn.asgi: ::1:50617 - ASGI [7] Send {'type': 'http.response.body', 'body': '<45 bytes>', 'more_body': True}
2026-03-30 09:59:53,051 [TRACE] uvicorn.asgi: ::1:50617 - ASGI [7] Send {'type': 'http.response.body', 'body': '<45 bytes>', 'more_body': True}
2026-03-30 10:00:08,054 [TRACE] uvicorn.asgi: ::1:50617 - ASGI [7] Send {'type': 'http.response.body', 'body': '<45 bytes>', 'more_body': True}
2026-03-30 10:00:23,055 [TRACE] uvicorn.asgi: ::1:50617 - ASGI [7] Send {'type': 'http.response.body', 'body': '<45 bytes>', 'more_body': True}
2026-03-30 10:00:38,057 [TRACE] uvicorn.asgi: ::1:50617 - ASGI [7] Send {'type': 'http.response.body', 'body': '<45 bytes>', 'more_body': True}
2026-03-30 10:00:53,060 [TRACE] uvicorn.asgi: ::1:50617 - ASGI [7] Send {'type': 'http.response.body', 'body': '<45 bytes>', 'more_body': True}
2026-03-30 10:01:08,062 [TRACE] uvicorn.asgi: ::1:50617 - ASGI [7] Send {'type': 'http.response.body', 'body': '<45 bytes>', 'more_body': True}
2026-03-30 10:01:23,064 [TRACE] uvicorn.asgi: ::1:50617 - ASGI [7] Send {'type': 'http.response.body', 'body': '<45 bytes>', 'more_body': True}
2026-03-30 10:01:38,066 [TRACE] uvicorn.asgi: ::1:50617 - ASGI [7] Send {'type': 'http.response.body', 'body': '<45 bytes>', 'more_body': True}
2026-03-30 10:01:53,069 [TRACE] uvicorn.asgi: ::1:50617 - ASGI [7] Send {'type': 'http.response.body', 'body': '<45 bytes>', 'more_body': True}
2026-03-30 10:02:08,071 [TRACE] uvicorn.asgi: ::1:50617 - ASGI [7] Send {'type': 'http.response.body', 'body': '<45 bytes>', 'more_body': True}
2026-03-30 10:02:23,074 [TRACE] uvicorn.asgi: ::1:50617 - ASGI [7] Send {'type': 'http.response.body', 'body': '<45 bytes>', 'more_body': True}
2026-03-30 10:02:38,075 [TRACE] uvicorn.asgi: ::1:50617 - ASGI [7] Send {'type': 'http.response.body', 'body': '<45 bytes>', 'more_body': True}
2026-03-30 10:02:53,076 [TRACE] uvicorn.asgi: ::1:50617 - ASGI [7] Send {'type': 'http.response.body', 'body': '<45 bytes>', 'more_body': True}
2026-03-30 10:03:08,078 [TRACE] uvicorn.asgi: ::1:50617 - ASGI [7] Send {'type': 'http.response.body', 'body': '<45 bytes>', 'more_body': True}
2026-03-30 10:03:23,080 [TRACE] uvicorn.asgi: ::1:50617 - ASGI [7] Send {'type': 'http.response.body', 'body': '<45 bytes>', 'more_body': True}
2026-03-30 10:03:38,082 [TRACE] uvicorn.asgi: ::1:50617 - ASGI [7] Send {'type': 'http.response.body', 'body': '<45 bytes>', 'more_body': True}
2026-03-30 10:03:53,083 [TRACE] uvicorn.asgi: ::1:50617 - ASGI [7] Send {'type': 'http.response.body', 'body': '<45 bytes>', 'more_body': True}
2026-03-30 10:04:08,085 [TRACE] uvicorn.asgi: ::1:50617 - ASGI [7] Send {'type': 'http.response.body', 'body': '<45 bytes>', 'more_body': True}
2026-03-30 10:04:23,087 [TRACE] uvicorn.asgi: ::1:50617 - ASGI [7] Send {'type': 'http.response.body', 'body': '<45 bytes>', 'more_body': True}
2026-03-30 10:04:38,089 [TRACE] uvicorn.asgi: ::1:50617 - ASGI [7] Send {'type': 'http.response.body', 'body': '<45 bytes>', 'more_body': True}
2026-03-30 10:04:53,091 [TRACE] uvicorn.asgi: ::1:50617 - ASGI [7] Send {'type': 'http.response.body', 'body': '<45 bytes>', 'more_body': True}
2026-03-30 10:05:08,093 [TRACE] uvicorn.asgi: ::1:50617 - ASGI [7] Send {'type': 'http.response.body', 'body': '<45 bytes>', 'more_body': True}
2026-03-30 10:05:23,095 [TRACE] uvicorn.asgi: ::1:50617 - ASGI [7] Send {'type': 'http.response.body', 'body': '<45 bytes>', 'more_body': True}
2026-03-30 10:05:38,096 [TRACE] uvicorn.asgi: ::1:50617 - ASGI [7] Send {'type': 'http.response.body', 'body': '<45 bytes>', 'more_body': True}
2026-03-30 10:05:53,099 [TRACE] uvicorn.asgi: ::1:50617 - ASGI [7] Send {'type': 'http.response.body', 'body': '<45 bytes>', 'more_body': True}
2026-03-30 10:06:08,101 [TRACE] uvicorn.asgi: ::1:50617 - ASGI [7] Send {'type': 'http.response.body', 'body': '<45 bytes>', 'more_body': True}
2026-03-30 10:06:23,103 [TRACE] uvicorn.asgi: ::1:50617 - ASGI [7] Send {'type': 'http.response.body', 'body': '<45 bytes>', 'more_body': True}
2026-03-30 10:06:38,104 [TRACE] uvicorn.asgi: ::1:50617 - ASGI [7] Send {'type': 'http.response.body', 'body': '<45 bytes>', 'more_body': True}
2026-03-30 10:06:53,107 [TRACE] uvicorn.asgi: ::1:50617 - ASGI [7] Send {'type': 'http.response.body', 'body': '<45 bytes>', 'more_body': True}
2026-03-30 10:07:08,109 [TRACE] uvicorn.asgi: ::1:50617 - ASGI [7] Send {'type': 'http.response.body', 'body': '<45 bytes>', 'more_body': True}
2026-03-30 10:07:23,111 [TRACE] uvicorn.asgi: ::1:50617 - ASGI [7] Send {'type': 'http.response.body', 'body': '<45 bytes>', 'more_body': True}
2026-03-30 10:07:38,113 [TRACE] uvicorn.asgi: ::1:50617 - ASGI [7] Send {'type': 'http.response.body', 'body': '<45 bytes>', 'more_body': True}
2026-03-30 10:07:53,115 [TRACE] uvicorn.asgi: ::1:50617 - ASGI [7] Send {'type': 'http.response.body', 'body': '<45 bytes>', 'more_body': True}
2026-03-30 10:08:08,117 [TRACE] uvicorn.asgi: ::1:50617 - ASGI [7] Send {'type': 'http.response.body', 'body': '<45 bytes>', 'more_body': True}
2026-03-30 10:08:23,119 [TRACE] uvicorn.asgi: ::1:50617 - ASGI [7] Send {'type': 'http.response.body', 'body': '<45 bytes>', 'more_body': True}
2026-03-30 10:08:38,122 [TRACE] uvicorn.asgi: ::1:50617 - ASGI [7] Send {'type': 'http.response.body', 'body': '<45 bytes>', 'more_body': True}
2026-03-30 10:08:53,128 [TRACE] uvicorn.asgi: ::1:50617 - ASGI [7] Send {'type': 'http.response.body', 'body': '<45 bytes>', 'more_body': True}
2026-03-30 10:09:08,144 [TRACE] uvicorn.asgi: ::1:50617 - ASGI [7] Send {'type': 'http.response.body', 'body': '<45 bytes>', 'more_body': True}
2026-03-30 10:09:23,150 [TRACE] uvicorn.asgi: ::1:50617 - ASGI [7] Send {'type': 'http.response.body', 'body': '<45 bytes>', 'more_body': True}
2026-03-30 10:09:38,155 [TRACE] uvicorn.asgi: ::1:50617 - ASGI [7] Send {'type': 'http.response.body', 'body': '<45 bytes>', 'more_body': True}
2026-03-30 10:09:53,158 [TRACE] uvicorn.asgi: ::1:50617 - ASGI [7] Send {'type': 'http.response.body', 'body': '<45 bytes>', 'more_body': True}
2026-03-30 10:10:08,161 [TRACE] uvicorn.asgi: ::1:50617 - ASGI [7] Send {'type': 'http.response.body', 'body': '<45 bytes>', 'more_body': True}
2026-03-30 10:10:23,164 [TRACE] uvicorn.asgi: ::1:50617 - ASGI [7] Send {'type': 'http.response.body', 'body': '<45 bytes>', 'more_body': True}
2026-03-30 10:10:38,166 [TRACE] uvicorn.asgi: ::1:50617 - ASGI [7] Send {'type': 'http.response.body', 'body': '<45 bytes>', 'more_body': True}
2026-03-30 10:10:53,168 [TRACE] uvicorn.asgi: ::1:50617 - ASGI [7] Send {'type': 'http.response.body', 'body': '<45 bytes>', 'more_body': True}
2026-03-30 10:11:08,170 [TRACE] uvicorn.asgi: ::1:50617 - ASGI [7] Send {'type': 'http.response.body', 'body': '<45 bytes>', 'more_body': True}
2026-03-30 10:11:23,172 [TRACE] uvicorn.asgi: ::1:50617 - ASGI [7] Send {'type': 'http.response.body', 'body': '<45 bytes>', 'more_body': True}
2026-03-30 10:11:38,174 [TRACE] uvicorn.asgi: ::1:50617 - ASGI [7] Send {'type': 'http.response.body', 'body': '<45 bytes>', 'more_body': True}
2026-03-30 10:11:53,177 [TRACE] uvicorn.asgi: ::1:50617 - ASGI [7] Send {'type': 'http.response.body', 'body': '<45 bytes>', 'more_body': True}
2026-03-30 10:12:08,178 [TRACE] uvicorn.asgi: ::1:50617 - ASGI [7] Send {'type': 'http.response.body', 'body': '<45 bytes>', 'more_body': True}
2026-03-30 10:12:23,180 [TRACE] uvicorn.asgi: ::1:50617 - ASGI [7] Send {'type': 'http.response.body', 'body': '<45 bytes>', 'more_body': True}
2026-03-30 10:12:38,182 [TRACE] uvicorn.asgi: ::1:50617 - ASGI [7] Send {'type': 'http.response.body', 'body': '<45 bytes>', 'more_body': True}
2026-03-30 10:12:53,184 [TRACE] uvicorn.asgi: ::1:50617 - ASGI [7] Send {'type': 'http.response.body', 'body': '<45 bytes>', 'more_body': True}
2026-03-30 10:13:08,187 [TRACE] uvicorn.asgi: ::1:50617 - ASGI [7] Send {'type': 'http.response.body', 'body': '<45 bytes>', 'more_body': True}
2026-03-30 10:13:23,189 [TRACE] uvicorn.asgi: ::1:50617 - ASGI [7] Send {'type': 'http.response.body', 'body': '<45 bytes>', 'more_body': True}
2026-03-30 10:13:38,191 [TRACE] uvicorn.asgi: ::1:50617 - ASGI [7] Send {'type': 'http.response.body', 'body': '<45 bytes>', 'more_body': True}
2026-03-30 10:13:53,193 [TRACE] uvicorn.asgi: ::1:50617 - ASGI [7] Send {'type': 'http.response.body', 'body': '<45 bytes>', 'more_body': True}
2026-03-30 10:14:08,196 [TRACE] uvicorn.asgi: ::1:50617 - ASGI [7] Send {'type': 'http.response.body', 'body': '<45 bytes>', 'more_body': True}
2026-03-30 10:14:23,197 [TRACE] uvicorn.asgi: ::1:50617 - ASGI [7] Send {'type': 'http.response.body', 'body': '<45 bytes>', 'more_body': True}
2026-03-30 10:14:38,199 [TRACE] uvicorn.asgi: ::1:50617 - ASGI [7] Send {'type': 'http.response.body', 'body': '<45 bytes>', 'more_body': True}
2026-03-30 10:14:53,202 [TRACE] uvicorn.asgi: ::1:50617 - ASGI [7] Send {'type': 'http.response.body', 'body': '<45 bytes>', 'more_body': True}
2026-03-30 10:15:08,204 [TRACE] uvicorn.asgi: ::1:50617 - ASGI [7] Send {'type': 'http.response.body', 'body': '<45 bytes>', 'more_body': True}
2026-03-30 10:15:23,206 [TRACE] uvicorn.asgi: ::1:50617 - ASGI [7] Send {'type': 'http.response.body', 'body': '<45 bytes>', 'more_body': True}
2026-03-30 10:15:38,208 [TRACE] uvicorn.asgi: ::1:50617 - ASGI [7] Send {'type': 'http.response.body', 'body': '<45 bytes>', 'more_body': True}
2026-03-30 10:15:53,210 [TRACE] uvicorn.asgi: ::1:50617 - ASGI [7] Send {'type': 'http.response.body', 'body': '<45 bytes>', 'more_body': True}
2026-03-30 10:16:08,212 [TRACE] uvicorn.asgi: ::1:50617 - ASGI [7] Send {'type': 'http.response.body', 'body': '<45 bytes>', 'more_body': True}
2026-03-30 10:16:23,214 [TRACE] uvicorn.asgi: ::1:50617 - ASGI [7] Send {'type': 'http.response.body', 'body': '<45 bytes>', 'more_body': True}
2026-03-30 10:16:38,216 [TRACE] uvicorn.asgi: ::1:50617 - ASGI [7] Send {'type': 'http.response.body', 'body': '<45 bytes>', 'more_body': True}
2026-03-30 10:16:53,218 [TRACE] uvicorn.asgi: ::1:50617 - ASGI [7] Send {'type': 'http.response.body', 'body': '<45 bytes>', 'more_body': True}
2026-03-30 10:17:08,220 [TRACE] uvicorn.asgi: ::1:50617 - ASGI [7] Send {'type': 'http.response.body', 'body': '<45 bytes>', 'more_body': True}
2026-03-30 10:17:23,222 [TRACE] uvicorn.asgi: ::1:50617 - ASGI [7] Send {'type': 'http.response.body', 'body': '<45 bytes>', 'more_body': True}
2026-03-30 10:17:38,225 [TRACE] uvicorn.asgi: ::1:50617 - ASGI [7] Send {'type': 'http.response.body', 'body': '<45 bytes>', 'more_body': True}
2026-03-30 10:17:53,227 [TRACE] uvicorn.asgi: ::1:50617 - ASGI [7] Send {'type': 'http.response.body', 'body': '<45 bytes>', 'more_body': True}
2026-03-30 10:18:08,229 [TRACE] uvicorn.asgi: ::1:50617 - ASGI [7] Send {'type': 'http.response.body', 'body': '<45 bytes>', 'more_body': True}
2026-03-30 10:18:23,232 [TRACE] uvicorn.asgi: ::1:50617 - ASGI [7] Send {'type': 'http.response.body', 'body': '<45 bytes>', 'more_body': True}
2026-03-30 10:18:38,234 [TRACE] uvicorn.asgi: ::1:50617 - ASGI [7] Send {'type': 'http.response.body', 'body': '<45 bytes>', 'more_body': True}
2026-03-30 10:18:53,237 [TRACE] uvicorn.asgi: ::1:50617 - ASGI [7] Send {'type': 'http.response.body', 'body': '<45 bytes>', 'more_body': True}
2026-03-30 10:19:08,239 [TRACE] uvicorn.asgi: ::1:50617 - ASGI [7] Send {'type': 'http.response.body', 'body': '<45 bytes>', 'more_body': True}
2026-03-30 10:19:23,241 [TRACE] uvicorn.asgi: ::1:50617 - ASGI [7] Send {'type': 'http.response.body', 'body': '<45 bytes>', 'more_body': True}
2026-03-30 10:19:38,243 [TRACE] uvicorn.asgi: ::1:50617 - ASGI [7] Send {'type': 'http.response.body', 'body': '<45 bytes>', 'more_body': True}
2026-03-30 10:19:53,246 [TRACE] uvicorn.asgi: ::1:50617 - ASGI [7] Send {'type': 'http.response.body', 'body': '<45 bytes>', 'more_body': True}
2026-03-30 10:20:08,248 [TRACE] uvicorn.asgi: ::1:50617 - ASGI [7] Send {'type': 'http.response.body', 'body': '<45 bytes>', 'more_body': True}
2026-03-30 10:20:23,250 [TRACE] uvicorn.asgi: ::1:50617 - ASGI [7] Send {'type': 'http.response.body', 'body': '<45 bytes>', 'more_body': True}
2026-03-30 10:20:38,252 [TRACE] uvicorn.asgi: ::1:50617 - ASGI [7] Send {'type': 'http.response.body', 'body': '<45 bytes>', 'more_body': True}
2026-03-30 10:20:53,254 [TRACE] uvicorn.asgi: ::1:50617 - ASGI [7] Send {'type': 'http.response.body', 'body': '<45 bytes>', 'more_body': True}
2026-03-30 10:21:08,256 [TRACE] uvicorn.asgi: ::1:50617 - ASGI [7] Send {'type': 'http.response.body', 'body': '<45 bytes>', 'more_body': True}
2026-03-30 10:21:23,258 [TRACE] uvicorn.asgi: ::1:50617 - ASGI [7] Send {'type': 'http.response.body', 'body': '<45 bytes>', 'more_body': True}
2026-03-30 10:21:38,261 [TRACE] uvicorn.asgi: ::1:50617 - ASGI [7] Send {'type': 'http.response.body', 'body': '<45 bytes>', 'more_body': True}
2026-03-30 10:21:53,263 [TRACE] uvicorn.asgi: ::1:50617 - ASGI [7] Send {'type': 'http.response.body', 'body': '<45 bytes>', 'more_body': True}
2026-03-30 10:22:08,265 [TRACE] uvicorn.asgi: ::1:50617 - ASGI [7] Send {'type': 'http.response.body', 'body': '<45 bytes>', 'more_body': True}
2026-03-30 10:22:23,267 [TRACE] uvicorn.asgi: ::1:50617 - ASGI [7] Send {'type': 'http.response.body', 'body': '<45 bytes>', 'more_body': True}
2026-03-30 10:22:38,269 [TRACE] uvicorn.asgi: ::1:50617 - ASGI [7] Send {'type': 'http.response.body', 'body': '<45 bytes>', 'more_body': True}
2026-03-30 10:22:53,271 [TRACE] uvicorn.asgi: ::1:50617 - ASGI [7] Send {'type': 'http.response.body', 'body': '<45 bytes>', 'more_body': True}
2026-03-30 10:23:08,273 [TRACE] uvicorn.asgi: ::1:50617 - ASGI [7] Send {'type': 'http.response.body', 'body': '<45 bytes>', 'more_body': True}
2026-03-30 10:23:23,276 [TRACE] uvicorn.asgi: ::1:50617 - ASGI [7] Send {'type': 'http.response.body', 'body': '<45 bytes>', 'more_body': True}
2026-03-30 10:23:38,278 [TRACE] uvicorn.asgi: ::1:50617 - ASGI [7] Send {'type': 'http.response.body', 'body': '<45 bytes>', 'more_body': True}
2026-03-30 10:23:53,280 [TRACE] uvicorn.asgi: ::1:50617 - ASGI [7] Send {'type': 'http.response.body', 'body': '<45 bytes>', 'more_body': True}
2026-03-30 10:24:08,283 [TRACE] uvicorn.asgi: ::1:50617 - ASGI [7] Send {'type': 'http.response.body', 'body': '<45 bytes>', 'more_body': True}
2026-03-30 10:24:23,284 [TRACE] uvicorn.asgi: ::1:50617 - ASGI [7] Send {'type': 'http.response.body', 'body': '<45 bytes>', 'more_body': True}
2026-03-30 10:24:38,286 [TRACE] uvicorn.asgi: ::1:50617 - ASGI [7] Send {'type': 'http.response.body', 'body': '<45 bytes>', 'more_body': True}
2026-03-30 10:24:53,282 [TRACE] uvicorn.asgi: ::1:50617 - ASGI [7] Send {'type': 'http.response.body', 'body': '<45 bytes>', 'more_body': True}
2026-03-30 10:25:08,274 [TRACE] uvicorn.asgi: ::1:50617 - ASGI [7] Send {'type': 'http.response.body', 'body': '<45 bytes>', 'more_body': True}
2026-03-30 10:25:23,273 [TRACE] uvicorn.asgi: ::1:50617 - ASGI [7] Send {'type': 'http.response.body', 'body': '<45 bytes>', 'more_body': True}
2026-03-30 10:25:38,274 [TRACE] uvicorn.asgi: ::1:50617 - ASGI [7] Send {'type': 'http.response.body', 'body': '<45 bytes>', 'more_body': True}
2026-03-30 10:25:53,275 [TRACE] uvicorn.asgi: ::1:50617 - ASGI [7] Send {'type': 'http.response.body', 'body': '<45 bytes>', 'more_body': True}
2026-03-30 10:26:08,278 [TRACE] uvicorn.asgi: ::1:50617 - ASGI [7] Send {'type': 'http.response.body', 'body': '<45 bytes>', 'more_body': True}
2026-03-30 10:26:23,279 [TRACE] uvicorn.asgi: ::1:50617 - ASGI [7] Send {'type': 'http.response.body', 'body': '<45 bytes>', 'more_body': True}
2026-03-30 10:26:38,281 [TRACE] uvicorn.asgi: ::1:50617 - ASGI [7] Send {'type': 'http.response.body', 'body': '<45 bytes>', 'more_body': True}
2026-03-30 10:26:53,283 [TRACE] uvicorn.asgi: ::1:50617 - ASGI [7] Send {'type': 'http.response.body', 'body': '<45 bytes>', 'more_body': True}
2026-03-30 10:27:08,285 [TRACE] uvicorn.asgi: ::1:50617 - ASGI [7] Send {'type': 'http.response.body', 'body': '<45 bytes>', 'more_body': True}
2026-03-30 10:27:23,288 [TRACE] uvicorn.asgi: ::1:50617 - ASGI [7] Send {'type': 'http.response.body', 'body': '<45 bytes>', 'more_body': True}
2026-03-30 10:27:38,290 [TRACE] uvicorn.asgi: ::1:50617 - ASGI [7] Send {'type': 'http.response.body', 'body': '<45 bytes>', 'more_body': True}
2026-03-30 10:27:53,292 [TRACE] uvicorn.asgi: ::1:50617 - ASGI [7] Send {'type': 'http.response.body', 'body': '<45 bytes>', 'more_body': True}
2026-03-30 10:28:08,294 [TRACE] uvicorn.asgi: ::1:50617 - ASGI [7] Send {'type': 'http.response.body', 'body': '<45 bytes>', 'more_body': True}
2026-03-30 10:28:23,296 [TRACE] uvicorn.asgi: ::1:50617 - ASGI [7] Send {'type': 'http.response.body', 'body': '<45 bytes>', 'more_body': True}
2026-03-30 10:28:38,298 [TRACE] uvicorn.asgi: ::1:50617 - ASGI [7] Send {'type': 'http.response.body', 'body': '<45 bytes>', 'more_body': True}
2026-03-30 10:28:53,300 [TRACE] uvicorn.asgi: ::1:50617 - ASGI [7] Send {'type': 'http.response.body', 'body': '<45 bytes>', 'more_body': True}
2026-03-30 10:29:08,303 [TRACE] uvicorn.asgi: ::1:50617 - ASGI [7] Send {'type': 'http.response.body', 'body': '<45 bytes>', 'more_body': True}
2026-03-30 10:29:23,305 [TRACE] uvicorn.asgi: ::1:50617 - ASGI [7] Send {'type': 'http.response.body', 'body': '<45 bytes>', 'more_body': True}
2026-03-30 10:29:38,307 [TRACE] uvicorn.asgi: ::1:50617 - ASGI [7] Send {'type': 'http.response.body', 'body': '<45 bytes>', 'more_body': True}
2026-03-30 10:29:53,309 [TRACE] uvicorn.asgi: ::1:50617 - ASGI [7] Send {'type': 'http.response.body', 'body': '<45 bytes>', 'more_body': True}
2026-03-30 10:30:08,311 [TRACE] uvicorn.asgi: ::1:50617 - ASGI [7] Send {'type': 'http.response.body', 'body': '<45 bytes>', 'more_body': True}
2026-03-30 10:30:23,312 [TRACE] uvicorn.asgi: ::1:50617 - ASGI [7] Send {'type': 'http.response.body', 'body': '<45 bytes>', 'more_body': True}
2026-03-30 10:30:38,315 [TRACE] uvicorn.asgi: ::1:50617 - ASGI [7] Send {'type': 'http.response.body', 'body': '<45 bytes>', 'more_body': True}
2026-03-30 10:30:53,317 [TRACE] uvicorn.asgi: ::1:50617 - ASGI [7] Send {'type': 'http.response.body', 'body': '<45 bytes>', 'more_body': True}
2026-03-30 10:31:08,319 [TRACE] uvicorn.asgi: ::1:50617 - ASGI [7] Send {'type': 'http.response.body', 'body': '<45 bytes>', 'more_body': True}
2026-03-30 10:31:23,321 [TRACE] uvicorn.asgi: ::1:50617 - ASGI [7] Send {'type': 'http.response.body', 'body': '<45 bytes>', 'more_body': True}
2026-03-30 10:31:38,323 [TRACE] uvicorn.asgi: ::1:50617 - ASGI [7] Send {'type': 'http.response.body', 'body': '<45 bytes>', 'more_body': True}
2026-03-30 10:31:53,325 [TRACE] uvicorn.asgi: ::1:50617 - ASGI [7] Send {'type': 'http.response.body', 'body': '<45 bytes>', 'more_body': True}
2026-03-30 10:32:08,327 [TRACE] uvicorn.asgi: ::1:50617 - ASGI [7] Send {'type': 'http.response.body', 'body': '<45 bytes>', 'more_body': True}
2026-03-30 10:32:23,330 [TRACE] uvicorn.asgi: ::1:50617 - ASGI [7] Send {'type': 'http.response.body', 'body': '<45 bytes>', 'more_body': True}
2026-03-30 10:32:38,332 [TRACE] uvicorn.asgi: ::1:50617 - ASGI [7] Send {'type': 'http.response.body', 'body': '<45 bytes>', 'more_body': True}
2026-03-30 10:32:53,333 [TRACE] uvicorn.asgi: ::1:50617 - ASGI [7] Send {'type': 'http.response.body', 'body': '<45 bytes>', 'more_body': True}
2026-03-30 10:33:08,335 [TRACE] uvicorn.asgi: ::1:50617 - ASGI [7] Send {'type': 'http.response.body', 'body': '<45 bytes>', 'more_body': True}
2026-03-30 10:33:23,337 [TRACE] uvicorn.asgi: ::1:50617 - ASGI [7] Send {'type': 'http.response.body', 'body': '<45 bytes>', 'more_body': True}
2026-03-30 10:33:38,340 [TRACE] uvicorn.asgi: ::1:50617 - ASGI [7] Send {'type': 'http.response.body', 'body': '<45 bytes>', 'more_body': True}
2026-03-30 10:33:53,342 [TRACE] uvicorn.asgi: ::1:50617 - ASGI [7] Send {'type': 'http.response.body', 'body': '<45 bytes>', 'more_body': True}
2026-03-30 10:34:08,343 [TRACE] uvicorn.asgi: ::1:50617 - ASGI [7] Send {'type': 'http.response.body', 'body': '<45 bytes>', 'more_body': True}
2026-03-30 10:34:23,346 [TRACE] uvicorn.asgi: ::1:50617 - ASGI [7] Send {'type': 'http.response.body', 'body': '<45 bytes>', 'more_body': True}
2026-03-30 10:34:38,348 [TRACE] uvicorn.asgi: ::1:50617 - ASGI [7] Send {'type': 'http.response.body', 'body': '<45 bytes>', 'more_body': True}
2026-03-30 10:34:53,349 [TRACE] uvicorn.asgi: ::1:50617 - ASGI [7] Send {'type': 'http.response.body', 'body': '<45 bytes>', 'more_body': True}
2026-03-30 10:35:08,351 [TRACE] uvicorn.asgi: ::1:50617 - ASGI [7] Send {'type': 'http.response.body', 'body': '<45 bytes>', 'more_body': True}
2026-03-30 10:35:23,353 [TRACE] uvicorn.asgi: ::1:50617 - ASGI [7] Send {'type': 'http.response.body', 'body': '<45 bytes>', 'more_body': True}
2026-03-30 10:35:38,356 [TRACE] uvicorn.asgi: ::1:50617 - ASGI [7] Send {'type': 'http.response.body', 'body': '<45 bytes>', 'more_body': True}
2026-03-30 10:35:53,358 [TRACE] uvicorn.asgi: ::1:50617 - ASGI [7] Send {'type': 'http.response.body', 'body': '<45 bytes>', 'more_body': True}
2026-03-30 10:36:08,360 [TRACE] uvicorn.asgi: ::1:50617 - ASGI [7] Send {'type': 'http.response.body', 'body': '<45 bytes>', 'more_body': True}
2026-03-30 10:36:23,362 [TRACE] uvicorn.asgi: ::1:50617 - ASGI [7] Send {'type': 'http.response.body', 'body': '<45 bytes>', 'more_body': True}
2026-03-30 10:36:38,365 [TRACE] uvicorn.asgi: ::1:50617 - ASGI [7] Send {'type': 'http.response.body', 'body': '<45 bytes>', 'more_body': True}
2026-03-30 10:36:53,366 [TRACE] uvicorn.asgi: ::1:50617 - ASGI [7] Send {'type': 'http.response.body', 'body': '<45 bytes>', 'more_body': True}
2026-03-30 10:37:08,368 [TRACE] uvicorn.asgi: ::1:50617 - ASGI [7] Send {'type': 'http.response.body', 'body': '<45 bytes>', 'more_body': True}
2026-03-30 10:37:23,370 [TRACE] uvicorn.asgi: ::1:50617 - ASGI [7] Send {'type': 'http.response.body', 'body': '<45 bytes>', 'more_body': True}
2026-03-30 10:37:38,373 [TRACE] uvicorn.asgi: ::1:50617 - ASGI [7] Send {'type': 'http.response.body', 'body': '<45 bytes>', 'more_body': True}
2026-03-30 10:37:53,375 [TRACE] uvicorn.asgi: ::1:50617 - ASGI [7] Send {'type': 'http.response.body', 'body': '<45 bytes>', 'more_body': True}
2026-03-30 10:38:08,376 [TRACE] uvicorn.asgi: ::1:50617 - ASGI [7] Send {'type': 'http.response.body', 'body': '<45 bytes>', 'more_body': True}
2026-03-30 10:38:23,378 [TRACE] uvicorn.asgi: ::1:50617 - ASGI [7] Send {'type': 'http.response.body', 'body': '<45 bytes>', 'more_body': True}
2026-03-30 10:38:38,380 [TRACE] uvicorn.asgi: ::1:50617 - ASGI [7] Send {'type': 'http.response.body', 'body': '<45 bytes>', 'more_body': True}
2026-03-30 10:38:53,382 [TRACE] uvicorn.asgi: ::1:50617 - ASGI [7] Send {'type': 'http.response.body', 'body': '<45 bytes>', 'more_body': True}
2026-03-30 10:39:08,384 [TRACE] uvicorn.asgi: ::1:50617 - ASGI [7] Send {'type': 'http.response.body', 'body': '<45 bytes>', 'more_body': True}
2026-03-30 10:39:23,387 [TRACE] uvicorn.asgi: ::1:50617 - ASGI [7] Send {'type': 'http.response.body', 'body': '<45 bytes>', 'more_body': True}
2026-03-30 10:39:38,388 [TRACE] uvicorn.asgi: ::1:50617 - ASGI [7] Send {'type': 'http.response.body', 'body': '<45 bytes>', 'more_body': True}
2026-03-30 10:39:53,389 [TRACE] uvicorn.asgi: ::1:50617 - ASGI [7] Send {'type': 'http.response.body', 'body': '<45 bytes>', 'more_body': True}
2026-03-30 10:40:08,391 [TRACE] uvicorn.asgi: ::1:50617 - ASGI [7] Send {'type': 'http.response.body', 'body': '<45 bytes>', 'more_body': True}
2026-03-30 10:40:23,393 [TRACE] uvicorn.asgi: ::1:50617 - ASGI [7] Send {'type': 'http.response.body', 'body': '<45 bytes>', 'more_body': True}
2026-03-30 10:40:38,394 [TRACE] uvicorn.asgi: ::1:50617 - ASGI [7] Send {'type': 'http.response.body', 'body': '<45 bytes>', 'more_body': True}
2026-03-30 10:40:53,397 [TRACE] uvicorn.asgi: ::1:50617 - ASGI [7] Send {'type': 'http.response.body', 'body': '<45 bytes>', 'more_body': True}
2026-03-30 10:41:08,399 [TRACE] uvicorn.asgi: ::1:50617 - ASGI [7] Send {'type': 'http.response.body', 'body': '<45 bytes>', 'more_body': True}
2026-03-30 10:41:23,401 [TRACE] uvicorn.asgi: ::1:50617 - ASGI [7] Send {'type': 'http.response.body', 'body': '<45 bytes>', 'more_body': True}
2026-03-30 10:41:38,403 [TRACE] uvicorn.asgi: ::1:50617 - ASGI [7] Send {'type': 'http.response.body', 'body': '<45 bytes>', 'more_body': True}
2026-03-30 10:41:53,404 [TRACE] uvicorn.asgi: ::1:50617 - ASGI [7] Send {'type': 'http.response.body', 'body': '<45 bytes>', 'more_body': True}
2026-03-30 10:42:08,407 [TRACE] uvicorn.asgi: ::1:50617 - ASGI [7] Send {'type': 'http.response.body', 'body': '<45 bytes>', 'more_body': True}
2026-03-30 10:42:23,409 [TRACE] uvicorn.asgi: ::1:50617 - ASGI [7] Send {'type': 'http.response.body', 'body': '<45 bytes>', 'more_body': True}
2026-03-30 10:42:38,412 [TRACE] uvicorn.asgi: ::1:50617 - ASGI [7] Send {'type': 'http.response.body', 'body': '<45 bytes>', 'more_body': True}
2026-03-30 10:42:53,414 [TRACE] uvicorn.asgi: ::1:50617 - ASGI [7] Send {'type': 'http.response.body', 'body': '<45 bytes>', 'more_body': True}
2026-03-30 10:43:08,415 [TRACE] uvicorn.asgi: ::1:50617 - ASGI [7] Send {'type': 'http.response.body', 'body': '<45 bytes>', 'more_body': True}
2026-03-30 10:43:23,417 [TRACE] uvicorn.asgi: ::1:50617 - ASGI [7] Send {'type': 'http.response.body', 'body': '<45 bytes>', 'more_body': True}
2026-03-30 10:43:38,419 [TRACE] uvicorn.asgi: ::1:50617 - ASGI [7] Send {'type': 'http.response.body', 'body': '<45 bytes>', 'more_body': True}
2026-03-30 10:43:53,422 [TRACE] uvicorn.asgi: ::1:50617 - ASGI [7] Send {'type': 'http.response.body', 'body': '<45 bytes>', 'more_body': True}
2026-03-30 10:44:08,424 [TRACE] uvicorn.asgi: ::1:50617 - ASGI [7] Send {'type': 'http.response.body', 'body': '<45 bytes>', 'more_body': True}
2026-03-30 10:44:23,426 [TRACE] uvicorn.asgi: ::1:50617 - ASGI [7] Send {'type': 'http.response.body', 'body': '<45 bytes>', 'more_body': True}
2026-03-30 10:44:38,427 [TRACE] uvicorn.asgi: ::1:50617 - ASGI [7] Send {'type': 'http.response.body', 'body': '<45 bytes>', 'more_body': True}
2026-03-30 10:44:53,430 [TRACE] uvicorn.asgi: ::1:50617 - ASGI [7] Send {'type': 'http.response.body', 'body': '<45 bytes>', 'more_body': True}
2026-03-30 10:45:08,432 [TRACE] uvicorn.asgi: ::1:50617 - ASGI [7] Send {'type': 'http.response.body', 'body': '<45 bytes>', 'more_body': True}
2026-03-30 10:45:23,433 [TRACE] uvicorn.asgi: ::1:50617 - ASGI [7] Send {'type': 'http.response.body', 'body': '<45 bytes>', 'more_body': True}
2026-03-30 10:45:38,436 [TRACE] uvicorn.asgi: ::1:50617 - ASGI [7] Send {'type': 'http.response.body', 'body': '<45 bytes>', 'more_body': True}
2026-03-30 10:45:53,438 [TRACE] uvicorn.asgi: ::1:50617 - ASGI [7] Send {'type': 'http.response.body', 'body': '<45 bytes>', 'more_body': True}
2026-03-30 10:46:08,440 [TRACE] uvicorn.asgi: ::1:50617 - ASGI [7] Send {'type': 'http.response.body', 'body': '<45 bytes>', 'more_body': True}
2026-03-30 10:46:23,442 [TRACE] uvicorn.asgi: ::1:50617 - ASGI [7] Send {'type': 'http.response.body', 'body': '<45 bytes>', 'more_body': True}
2026-03-30 10:46:38,443 [TRACE] uvicorn.asgi: ::1:50617 - ASGI [7] Send {'type': 'http.response.body', 'body': '<45 bytes>', 'more_body': True}
2026-03-30 10:46:53,446 [TRACE] uvicorn.asgi: ::1:50617 - ASGI [7] Send {'type': 'http.response.body', 'body': '<45 bytes>', 'more_body': True}
2026-03-30 10:47:08,448 [TRACE] uvicorn.asgi: ::1:50617 - ASGI [7] Send {'type': 'http.response.body', 'body': '<45 bytes>', 'more_body': True}
2026-03-30 10:47:23,450 [TRACE] uvicorn.asgi: ::1:50617 - ASGI [7] Send {'type': 'http.response.body', 'body': '<45 bytes>', 'more_body': True}
2026-03-30 10:47:38,452 [TRACE] uvicorn.asgi: ::1:50617 - ASGI [7] Send {'type': 'http.response.body', 'body': '<45 bytes>', 'more_body': True}
2026-03-30 10:47:53,454 [TRACE] uvicorn.asgi: ::1:50617 - ASGI [7] Send {'type': 'http.response.body', 'body': '<45 bytes>', 'more_body': True}
2026-03-30 10:48:08,456 [TRACE] uvicorn.asgi: ::1:50617 - ASGI [7] Send {'type': 'http.response.body', 'body': '<45 bytes>', 'more_body': True}
2026-03-30 10:48:23,458 [TRACE] uvicorn.asgi: ::1:50617 - ASGI [7] Send {'type': 'http.response.body', 'body': '<45 bytes>', 'more_body': True}
2026-03-30 10:48:38,460 [TRACE] uvicorn.asgi: ::1:50617 - ASGI [7] Send {'type': 'http.response.body', 'body': '<45 bytes>', 'more_body': True}
2026-03-30 10:48:53,463 [TRACE] uvicorn.asgi: ::1:50617 - ASGI [7] Send {'type': 'http.response.body', 'body': '<45 bytes>', 'more_body': True}
2026-03-30 10:49:08,465 [TRACE] uvicorn.asgi: ::1:50617 - ASGI [7] Send {'type': 'http.response.body', 'body': '<45 bytes>', 'more_body': True}
2026-03-30 10:49:23,467 [TRACE] uvicorn.asgi: ::1:50617 - ASGI [7] Send {'type': 'http.response.body', 'body': '<45 bytes>', 'more_body': True}
2026-03-30 10:49:38,469 [TRACE] uvicorn.asgi: ::1:50617 - ASGI [7] Send {'type': 'http.response.body', 'body': '<45 bytes>', 'more_body': True}
2026-03-30 10:49:53,471 [TRACE] uvicorn.asgi: ::1:50617 - ASGI [7] Send {'type': 'http.response.body', 'body': '<45 bytes>', 'more_body': True}
2026-03-30 10:50:08,473 [TRACE] uvicorn.asgi: ::1:50617 - ASGI [7] Send {'type': 'http.response.body', 'body': '<45 bytes>', 'more_body': True}
2026-03-30 10:50:23,475 [TRACE] uvicorn.asgi: ::1:50617 - ASGI [7] Send {'type': 'http.response.body', 'body': '<45 bytes>', 'more_body': True}
2026-03-30 10:50:38,477 [TRACE] uvicorn.asgi: ::1:50617 - ASGI [7] Send {'type': 'http.response.body', 'body': '<45 bytes>', 'more_body': True}
2026-03-30 10:50:53,479 [TRACE] uvicorn.asgi: ::1:50617 - ASGI [7] Send {'type': 'http.response.body', 'body': '<45 bytes>', 'more_body': True}
2026-03-30 10:51:08,481 [TRACE] uvicorn.asgi: ::1:50617 - ASGI [7] Send {'type': 'http.response.body', 'body': '<45 bytes>', 'more_body': True}
2026-03-30 10:51:23,483 [TRACE] uvicorn.asgi: ::1:50617 - ASGI [7] Send {'type': 'http.response.body', 'body': '<45 bytes>', 'more_body': True}
2026-03-30 10:51:35,134 [TRACE] uvicorn.error: ::1:49794 - HTTP connection made
2026-03-30 10:51:35,135 [TRACE] uvicorn.asgi: ::1:49794 - ASGI [12] Started scope={'type': 'http', 'asgi': {'version': '3.0', 'spec_version': '2.3'}, 'http_version': '1.1', 'server': ('::1', 8003), 'client': ('::1', 49794), 'scheme': 'http', 'method': 'POST', 'root_path': '', 'path': '/mcp', 'raw_path': b'/mcp', 'query_string': b'', 'headers': '<...>', 'state': {}}
2026-03-30 10:51:35,136 [TRACE] uvicorn.asgi: ::1:49794 - ASGI [12] Send {'type': 'http.response.start', 'status': 307, 'headers': '<...>'}
2026-03-30 10:51:35,136 [INFO] uvicorn.access: ::1:49794 - "POST /mcp HTTP/1.1" 307
2026-03-30 10:51:35,136 [TRACE] uvicorn.asgi: ::1:49794 - ASGI [12] Send {'type': 'http.response.body', 'body': '<0 bytes>'}
2026-03-30 10:51:35,136 [TRACE] uvicorn.asgi: ::1:49794 - ASGI [12] Completed
2026-03-30 10:51:35,137 [TRACE] uvicorn.error: ::1:49794 - HTTP connection lost
2026-03-30 10:51:35,138 [TRACE] uvicorn.error: ::1:49795 - HTTP connection made
2026-03-30 10:51:35,138 [TRACE] uvicorn.asgi: ::1:49795 - ASGI [13] Started scope={'type': 'http', 'asgi': {'version': '3.0', 'spec_version': '2.3'}, 'http_version': '1.1', 'server': ('::1', 8003), 'client': ('::1', 49795), 'scheme': 'http', 'method': 'POST', 'root_path': '', 'path': '/mcp/', 'raw_path': b'/mcp/', 'query_string': b'', 'headers': '<...>', 'state': {}}
2026-03-30 10:51:35,138 [TRACE] uvicorn.asgi: ::1:49795 - ASGI [13] Receive {'type': 'http.request', 'body': '<185 bytes>', 'more_body': False}
2026-03-30 10:51:35,139 [TRACE] uvicorn.asgi: ::1:49795 - ASGI [13] Send {'type': 'http.response.start', 'status': 200, 'headers': '<...>'}
2026-03-30 10:51:35,139 [INFO] uvicorn.access: ::1:49795 - "POST /mcp/ HTTP/1.1" 200
2026-03-30 10:51:35,140 [INFO] mcp.server.lowlevel.server: Processing request of type GetPromptRequest
2026-03-30 10:51:35,141 [TRACE] uvicorn.asgi: ::1:49795 - ASGI [13] Send {'type': 'http.response.body', 'body': '<500 bytes>', 'more_body': True}
2026-03-30 10:51:35,141 [TRACE] uvicorn.asgi: ::1:49795 - ASGI [13] Send {'type': 'http.response.body', 'body': '<0 bytes>', 'more_body': False}
2026-03-30 10:51:35,142 [TRACE] uvicorn.asgi: ::1:49795 - ASGI [13] Receive {'type': 'http.disconnect'}
2026-03-30 10:51:35,142 [TRACE] uvicorn.asgi: ::1:49795 - ASGI [13] Completed
2026-03-30 10:51:36,708 [TRACE] uvicorn.asgi: ::1:49795 - ASGI [14] Started scope={'type': 'http', 'asgi': {'version': '3.0', 'spec_version': '2.3'}, 'http_version': '1.1', 'server': ('::1', 8003), 'client': ('::1', 49795), 'scheme': 'http', 'method': 'POST', 'root_path': '', 'path': '/mcp', 'raw_path': b'/mcp', 'query_string': b'', 'headers': '<...>', 'state': {}}
2026-03-30 10:51:36,709 [TRACE] uvicorn.asgi: ::1:49795 - ASGI [14] Send {'type': 'http.response.start', 'status': 307, 'headers': '<...>'}
2026-03-30 10:51:36,709 [INFO] uvicorn.access: ::1:49795 - "POST /mcp HTTP/1.1" 307
2026-03-30 10:51:36,709 [TRACE] uvicorn.asgi: ::1:49795 - ASGI [14] Send {'type': 'http.response.body', 'body': '<0 bytes>'}
2026-03-30 10:51:36,709 [TRACE] uvicorn.asgi: ::1:49795 - ASGI [14] Completed
2026-03-30 10:51:36,710 [TRACE] uvicorn.error: ::1:49795 - HTTP connection lost
2026-03-30 10:51:36,711 [TRACE] uvicorn.error: ::1:49800 - HTTP connection made
2026-03-30 10:51:36,711 [TRACE] uvicorn.asgi: ::1:49800 - ASGI [15] Started scope={'type': 'http', 'asgi': {'version': '3.0', 'spec_version': '2.3'}, 'http_version': '1.1', 'server': ('::1', 8003), 'client': ('::1', 49800), 'scheme': 'http', 'method': 'POST', 'root_path': '', 'path': '/mcp/', 'raw_path': b'/mcp/', 'query_string': b'', 'headers': '<...>', 'state': {}}
2026-03-30 10:51:36,712 [TRACE] uvicorn.asgi: ::1:49800 - ASGI [15] Receive {'type': 'http.request', 'body': '<185 bytes>', 'more_body': False}
2026-03-30 10:51:36,712 [TRACE] uvicorn.asgi: ::1:49800 - ASGI [15] Send {'type': 'http.response.start', 'status': 200, 'headers': '<...>'}
2026-03-30 10:51:36,712 [INFO] uvicorn.access: ::1:49800 - "POST /mcp/ HTTP/1.1" 200
2026-03-30 10:51:36,713 [INFO] mcp.server.lowlevel.server: Processing request of type GetPromptRequest
2026-03-30 10:51:36,714 [TRACE] uvicorn.asgi: ::1:49800 - ASGI [15] Send {'type': 'http.response.body', 'body': '<500 bytes>', 'more_body': True}
2026-03-30 10:51:36,714 [TRACE] uvicorn.asgi: ::1:49800 - ASGI [15] Send {'type': 'http.response.body', 'body': '<0 bytes>', 'more_body': False}
2026-03-30 10:51:36,714 [TRACE] uvicorn.asgi: ::1:49800 - ASGI [15] Receive {'type': 'http.disconnect'}
2026-03-30 10:51:36,715 [TRACE] uvicorn.asgi: ::1:49800 - ASGI [15] Completed
2026-03-30 10:51:38,485 [TRACE] uvicorn.asgi: ::1:50617 - ASGI [7] Send {'type': 'http.response.body', 'body': '<45 bytes>', 'more_body': True}
2026-03-30 10:51:41,698 [TRACE] uvicorn.asgi: ::1:49800 - ASGI [16] Started scope={'type': 'http', 'asgi': {'version': '3.0', 'spec_version': '2.3'}, 'http_version': '1.1', 'server': ('::1', 8003), 'client': ('::1', 49800), 'scheme': 'http', 'method': 'DELETE', 'root_path': '', 'path': '/mcp', 'raw_path': b'/mcp', 'query_string': b'', 'headers': '<...>', 'state': {}}
2026-03-30 10:51:41,698 [TRACE] uvicorn.asgi: ::1:49800 - ASGI [16] Send {'type': 'http.response.start', 'status': 307, 'headers': '<...>'}
2026-03-30 10:51:41,699 [INFO] uvicorn.access: ::1:49800 - "DELETE /mcp HTTP/1.1" 307
2026-03-30 10:51:41,699 [TRACE] uvicorn.asgi: ::1:49800 - ASGI [16] Send {'type': 'http.response.body', 'body': '<0 bytes>'}
2026-03-30 10:51:41,699 [TRACE] uvicorn.asgi: ::1:49800 - ASGI [16] Completed
2026-03-30 10:51:41,700 [TRACE] uvicorn.error: ::1:49800 - HTTP connection lost
2026-03-30 10:51:41,703 [TRACE] uvicorn.error: ::1:49814 - HTTP connection made
2026-03-30 10:51:41,703 [TRACE] uvicorn.error: ::1:49815 - HTTP connection made
2026-03-30 10:51:41,704 [TRACE] uvicorn.asgi: ::1:49814 - ASGI [17] Started scope={'type': 'http', 'asgi': {'version': '3.0', 'spec_version': '2.3'}, 'http_version': '1.1', 'server': ('::1', 8003), 'client': ('::1', 49814), 'scheme': 'http', 'method': 'DELETE', 'root_path': '', 'path': '/mcp/', 'raw_path': b'/mcp/', 'query_string': b'', 'headers': '<...>', 'state': {}}
2026-03-30 10:51:41,704 [INFO] mcp.server.streamable_http: Terminating session: ada90514fac646d68b3a10b86ac43582
2026-03-30 10:51:41,704 [TRACE] uvicorn.asgi: ::1:49814 - ASGI [17] Send {'type': 'http.response.start', 'status': <HTTPStatus.OK: 200>, 'headers': '<...>'}
2026-03-30 10:51:41,704 [INFO] uvicorn.access: ::1:49814 - "DELETE /mcp/ HTTP/1.1" 200
2026-03-30 10:51:41,704 [TRACE] uvicorn.asgi: ::1:49814 - ASGI [17] Send {'type': 'http.response.body', 'body': '<0 bytes>'}
2026-03-30 10:51:41,704 [TRACE] uvicorn.asgi: ::1:49814 - ASGI [17] Completed
2026-03-30 10:51:41,704 [TRACE] uvicorn.asgi: ::1:49815 - ASGI [18] Started scope={'type': 'http', 'asgi': {'version': '3.0', 'spec_version': '2.3'}, 'http_version': '1.1', 'server': ('::1', 8003), 'client': ('::1', 49815), 'scheme': 'http', 'method': 'POST', 'root_path': '', 'path': '/mcp', 'raw_path': b'/mcp', 'query_string': b'', 'headers': '<...>', 'state': {}}
2026-03-30 10:51:41,704 [TRACE] uvicorn.asgi: ::1:49815 - ASGI [18] Send {'type': 'http.response.start', 'status': 307, 'headers': '<...>'}
2026-03-30 10:51:41,704 [INFO] uvicorn.access: ::1:49815 - "POST /mcp HTTP/1.1" 307
2026-03-30 10:51:41,705 [TRACE] uvicorn.asgi: ::1:49815 - ASGI [18] Send {'type': 'http.response.body', 'body': '<0 bytes>'}
2026-03-30 10:51:41,705 [TRACE] uvicorn.asgi: ::1:49815 - ASGI [18] Completed
2026-03-30 10:51:41,705 [TRACE] uvicorn.asgi: ::1:50617 - ASGI [7] Send {'type': 'http.response.body', 'body': '<0 bytes>', 'more_body': False}
2026-03-30 10:51:41,705 [TRACE] uvicorn.asgi: ::1:50617 - ASGI [7] Receive {'type': 'http.disconnect'}
2026-03-30 10:51:41,705 [TRACE] uvicorn.asgi: ::1:50617 - ASGI [7] Completed
2026-03-30 10:51:41,705 [TRACE] uvicorn.error: ::1:50617 - HTTP connection lost
2026-03-30 10:51:41,708 [TRACE] uvicorn.error: ::1:49815 - HTTP connection lost
2026-03-30 10:51:41,709 [TRACE] uvicorn.asgi: ::1:49814 - ASGI [19] Started scope={'type': 'http', 'asgi': {'version': '3.0', 'spec_version': '2.3'}, 'http_version': '1.1', 'server': ('::1', 8003), 'client': ('::1', 49814), 'scheme': 'http', 'method': 'POST', 'root_path': '', 'path': '/mcp/', 'raw_path': b'/mcp/', 'query_string': b'', 'headers': '<...>', 'state': {}}
2026-03-30 10:51:41,709 [INFO] mcp.server.streamable_http_manager: Created new transport with session ID: a706fc29178544e2a7ed3ae11e19c21f
2026-03-30 10:51:41,710 [TRACE] uvicorn.asgi: ::1:49814 - ASGI [19] Receive {'type': 'http.request', 'body': '<330 bytes>', 'more_body': False}
2026-03-30 10:51:41,711 [TRACE] uvicorn.asgi: ::1:49814 - ASGI [19] Send {'type': 'http.response.start', 'status': 200, 'headers': '<...>'}
2026-03-30 10:51:41,711 [INFO] uvicorn.access: ::1:49814 - "POST /mcp/ HTTP/1.1" 200
2026-03-30 10:51:41,711 [TRACE] uvicorn.asgi: ::1:49814 - ASGI [19] Send {'type': 'http.response.body', 'body': '<431 bytes>', 'more_body': True}
2026-03-30 10:51:41,712 [TRACE] uvicorn.asgi: ::1:49814 - ASGI [19] Send {'type': 'http.response.body', 'body': '<0 bytes>', 'more_body': False}
2026-03-30 10:51:41,712 [TRACE] uvicorn.asgi: ::1:49814 - ASGI [19] Receive {'type': 'http.disconnect'}
2026-03-30 10:51:41,712 [TRACE] uvicorn.asgi: ::1:49814 - ASGI [19] Completed
2026-03-30 10:51:41,715 [TRACE] uvicorn.asgi: ::1:49814 - ASGI [20] Started scope={'type': 'http', 'asgi': {'version': '3.0', 'spec_version': '2.3'}, 'http_version': '1.1', 'server': ('::1', 8003), 'client': ('::1', 49814), 'scheme': 'http', 'method': 'POST', 'root_path': '', 'path': '/mcp', 'raw_path': b'/mcp', 'query_string': b'', 'headers': '<...>', 'state': {}}
2026-03-30 10:51:41,715 [TRACE] uvicorn.asgi: ::1:49814 - ASGI [20] Send {'type': 'http.response.start', 'status': 307, 'headers': '<...>'}
2026-03-30 10:51:41,716 [INFO] uvicorn.access: ::1:49814 - "POST /mcp HTTP/1.1" 307
2026-03-30 10:51:41,716 [TRACE] uvicorn.asgi: ::1:49814 - ASGI [20] Send {'type': 'http.response.body', 'body': '<0 bytes>'}
2026-03-30 10:51:41,716 [TRACE] uvicorn.asgi: ::1:49814 - ASGI [20] Completed
2026-03-30 10:51:41,716 [TRACE] uvicorn.error: ::1:49814 - HTTP connection lost
2026-03-30 10:51:41,717 [TRACE] uvicorn.error: ::1:49816 - HTTP connection made
2026-03-30 10:51:41,717 [TRACE] uvicorn.asgi: ::1:49816 - ASGI [21] Started scope={'type': 'http', 'asgi': {'version': '3.0', 'spec_version': '2.3'}, 'http_version': '1.1', 'server': ('::1', 8003), 'client': ('::1', 49816), 'scheme': 'http', 'method': 'POST', 'root_path': '', 'path': '/mcp/', 'raw_path': b'/mcp/', 'query_string': b'', 'headers': '<...>', 'state': {}}
2026-03-30 10:51:41,717 [TRACE] uvicorn.asgi: ::1:49816 - ASGI [21] Receive {'type': 'http.request', 'body': '<54 bytes>', 'more_body': False}
2026-03-30 10:51:41,717 [TRACE] uvicorn.asgi: ::1:49816 - ASGI [21] Send {'type': 'http.response.start', 'status': <HTTPStatus.ACCEPTED: 202>, 'headers': '<...>'}
2026-03-30 10:51:41,717 [INFO] uvicorn.access: ::1:49816 - "POST /mcp/ HTTP/1.1" 202
2026-03-30 10:51:41,718 [TRACE] uvicorn.asgi: ::1:49816 - ASGI [21] Send {'type': 'http.response.body', 'body': '<0 bytes>'}
2026-03-30 10:51:41,718 [TRACE] uvicorn.asgi: ::1:49816 - ASGI [21] Completed
2026-03-30 10:51:41,718 [TRACE] uvicorn.asgi: ::1:49816 - ASGI [22] Started scope={'type': 'http', 'asgi': {'version': '3.0', 'spec_version': '2.3'}, 'http_version': '1.1', 'server': ('::1', 8003), 'client': ('::1', 49816), 'scheme': 'http', 'method': 'GET', 'root_path': '', 'path': '/mcp', 'raw_path': b'/mcp', 'query_string': b'', 'headers': '<...>', 'state': {}}
2026-03-30 10:51:41,718 [TRACE] uvicorn.asgi: ::1:49816 - ASGI [22] Send {'type': 'http.response.start', 'status': 307, 'headers': '<...>'}
2026-03-30 10:51:41,719 [INFO] uvicorn.access: ::1:49816 - "GET /mcp HTTP/1.1" 307
2026-03-30 10:51:41,719 [TRACE] uvicorn.asgi: ::1:49816 - ASGI [22] Send {'type': 'http.response.body', 'body': '<0 bytes>'}
2026-03-30 10:51:41,719 [TRACE] uvicorn.asgi: ::1:49816 - ASGI [22] Completed
2026-03-30 10:51:41,719 [TRACE] uvicorn.error: ::1:49816 - HTTP connection lost
2026-03-30 10:51:41,719 [TRACE] uvicorn.error: ::1:49817 - HTTP connection made
2026-03-30 10:51:41,720 [TRACE] uvicorn.asgi: ::1:49817 - ASGI [23] Started scope={'type': 'http', 'asgi': {'version': '3.0', 'spec_version': '2.3'}, 'http_version': '1.1', 'server': ('::1', 8003), 'client': ('::1', 49817), 'scheme': 'http', 'method': 'GET', 'root_path': '', 'path': '/mcp/', 'raw_path': b'/mcp/', 'query_string': b'', 'headers': '<...>', 'state': {}}
2026-03-30 10:51:41,720 [TRACE] uvicorn.asgi: ::1:49817 - ASGI [23] Send {'type': 'http.response.start', 'status': 200, 'headers': '<...>'}
2026-03-30 10:51:41,720 [INFO] uvicorn.access: ::1:49817 - "GET /mcp/ HTTP/1.1" 200
2026-03-30 10:51:41,720 [TRACE] uvicorn.asgi: ::1:49817 - ASGI [23] Receive {'type': 'http.request', 'body': '<0 bytes>', 'more_body': False}
2026-03-30 10:51:56,722 [TRACE] uvicorn.asgi: ::1:49817 - ASGI [23] Send {'type': 'http.response.body', 'body': '<45 bytes>', 'more_body': True}
2026-03-30 10:51:57,864 [TRACE] uvicorn.error: ::1:49820 - HTTP connection made
2026-03-30 10:51:57,865 [TRACE] uvicorn.asgi: ::1:49820 - ASGI [24] Started scope={'type': 'http', 'asgi': {'version': '3.0', 'spec_version': '2.3'}, 'http_version': '1.1', 'server': ('::1', 8003), 'client': ('::1', 49820), 'scheme': 'http', 'method': 'POST', 'root_path': '', 'path': '/mcp', 'raw_path': b'/mcp', 'query_string': b'', 'headers': '<...>', 'state': {}}
2026-03-30 10:51:57,865 [TRACE] uvicorn.asgi: ::1:49820 - ASGI [24] Send {'type': 'http.response.start', 'status': 307, 'headers': '<...>'}
2026-03-30 10:51:57,865 [INFO] uvicorn.access: ::1:49820 - "POST /mcp HTTP/1.1" 307
2026-03-30 10:51:57,865 [TRACE] uvicorn.asgi: ::1:49820 - ASGI [24] Send {'type': 'http.response.body', 'body': '<0 bytes>'}
2026-03-30 10:51:57,865 [TRACE] uvicorn.asgi: ::1:49820 - ASGI [24] Completed
2026-03-30 10:51:57,866 [TRACE] uvicorn.error: ::1:49820 - HTTP connection lost
2026-03-30 10:51:57,866 [TRACE] uvicorn.error: ::1:49821 - HTTP connection made
2026-03-30 10:51:57,866 [TRACE] uvicorn.asgi: ::1:49821 - ASGI [25] Started scope={'type': 'http', 'asgi': {'version': '3.0', 'spec_version': '2.3'}, 'http_version': '1.1', 'server': ('::1', 8003), 'client': ('::1', 49821), 'scheme': 'http', 'method': 'POST', 'root_path': '', 'path': '/mcp/', 'raw_path': b'/mcp/', 'query_string': b'', 'headers': '<...>', 'state': {}}
2026-03-30 10:51:57,866 [TRACE] uvicorn.asgi: ::1:49821 - ASGI [25] Receive {'type': 'http.request', 'body': '<189 bytes>', 'more_body': False}
2026-03-30 10:51:57,867 [TRACE] uvicorn.asgi: ::1:49821 - ASGI [25] Send {'type': 'http.response.start', 'status': 200, 'headers': '<...>'}
2026-03-30 10:51:57,867 [INFO] uvicorn.access: ::1:49821 - "POST /mcp/ HTTP/1.1" 200
2026-03-30 10:51:57,867 [INFO] mcp.server.lowlevel.server: Processing request of type GetPromptRequest
2026-03-30 10:51:57,868 [TRACE] uvicorn.asgi: ::1:49821 - ASGI [25] Send {'type': 'http.response.body', 'body': '<504 bytes>', 'more_body': True}
2026-03-30 10:51:57,868 [TRACE] uvicorn.asgi: ::1:49821 - ASGI [25] Send {'type': 'http.response.body', 'body': '<0 bytes>', 'more_body': False}
2026-03-30 10:51:57,869 [TRACE] uvicorn.asgi: ::1:49821 - ASGI [25] Receive {'type': 'http.disconnect'}
2026-03-30 10:51:57,869 [TRACE] uvicorn.asgi: ::1:49821 - ASGI [25] Completed
2026-03-30 10:52:02,869 [TRACE] uvicorn.error: ::1:49821 - HTTP connection lost
2026-03-30 10:52:11,724 [TRACE] uvicorn.asgi: ::1:49817 - ASGI [23] Send {'type': 'http.response.body', 'body': '<45 bytes>', 'more_body': True}
2026-03-30 10:52:26,725 [TRACE] uvicorn.asgi: ::1:49817 - ASGI [23] Send {'type': 'http.response.body', 'body': '<45 bytes>', 'more_body': True}
2026-03-30 10:52:41,727 [TRACE] uvicorn.asgi: ::1:49817 - ASGI [23] Send {'type': 'http.response.body', 'body': '<45 bytes>', 'more_body': True}
2026-03-30 10:52:56,729 [TRACE] uvicorn.asgi: ::1:49817 - ASGI [23] Send {'type': 'http.response.body', 'body': '<45 bytes>', 'more_body': True}
2026-03-30 10:53:11,732 [TRACE] uvicorn.asgi: ::1:49817 - ASGI [23] Send {'type': 'http.response.body', 'body': '<45 bytes>', 'more_body': True}
2026-03-30 10:53:26,734 [TRACE] uvicorn.asgi: ::1:49817 - ASGI [23] Send {'type': 'http.response.body', 'body': '<45 bytes>', 'more_body': True}
2026-03-30 10:53:41,736 [TRACE] uvicorn.asgi: ::1:49817 - ASGI [23] Send {'type': 'http.response.body', 'body': '<45 bytes>', 'more_body': True}
2026-03-30 10:53:56,738 [TRACE] uvicorn.asgi: ::1:49817 - ASGI [23] Send {'type': 'http.response.body', 'body': '<45 bytes>', 'more_body': True}
2026-03-30 10:54:11,739 [TRACE] uvicorn.asgi: ::1:49817 - ASGI [23] Send {'type': 'http.response.body', 'body': '<45 bytes>', 'more_body': True}
2026-03-30 10:54:26,742 [TRACE] uvicorn.asgi: ::1:49817 - ASGI [23] Send {'type': 'http.response.body', 'body': '<45 bytes>', 'more_body': True}
2026-03-30 10:54:41,744 [TRACE] uvicorn.asgi: ::1:49817 - ASGI [23] Send {'type': 'http.response.body', 'body': '<45 bytes>', 'more_body': True}
2026-03-30 10:54:56,746 [TRACE] uvicorn.asgi: ::1:49817 - ASGI [23] Send {'type': 'http.response.body', 'body': '<45 bytes>', 'more_body': True}
2026-03-30 10:55:11,748 [TRACE] uvicorn.asgi: ::1:49817 - ASGI [23] Send {'type': 'http.response.body', 'body': '<45 bytes>', 'more_body': True}
2026-03-30 10:55:26,750 [TRACE] uvicorn.asgi: ::1:49817 - ASGI [23] Send {'type': 'http.response.body', 'body': '<45 bytes>', 'more_body': True}
2026-03-30 10:55:41,752 [TRACE] uvicorn.asgi: ::1:49817 - ASGI [23] Send {'type': 'http.response.body', 'body': '<45 bytes>', 'more_body': True}
2026-03-30 10:55:56,756 [TRACE] uvicorn.asgi: ::1:49817 - ASGI [23] Send {'type': 'http.response.body', 'body': '<45 bytes>', 'more_body': True}
2026-03-30 10:56:11,759 [TRACE] uvicorn.asgi: ::1:49817 - ASGI [23] Send {'type': 'http.response.body', 'body': '<45 bytes>', 'more_body': True}
2026-03-30 10:56:26,762 [TRACE] uvicorn.asgi: ::1:49817 - ASGI [23] Send {'type': 'http.response.body', 'body': '<45 bytes>', 'more_body': True}
2026-03-30 10:56:41,764 [TRACE] uvicorn.asgi: ::1:49817 - ASGI [23] Send {'type': 'http.response.body', 'body': '<45 bytes>', 'more_body': True}
2026-03-30 10:56:56,766 [TRACE] uvicorn.asgi: ::1:49817 - ASGI [23] Send {'type': 'http.response.body', 'body': '<45 bytes>', 'more_body': True}
2026-03-30 10:57:11,769 [TRACE] uvicorn.asgi: ::1:49817 - ASGI [23] Send {'type': 'http.response.body', 'body': '<45 bytes>', 'more_body': True}
2026-03-30 10:57:26,771 [TRACE] uvicorn.asgi: ::1:49817 - ASGI [23] Send {'type': 'http.response.body', 'body': '<45 bytes>', 'more_body': True}
2026-03-30 10:57:41,773 [TRACE] uvicorn.asgi: ::1:49817 - ASGI [23] Send {'type': 'http.response.body', 'body': '<45 bytes>', 'more_body': True}
2026-03-30 10:57:56,775 [TRACE] uvicorn.asgi: ::1:49817 - ASGI [23] Send {'type': 'http.response.body', 'body': '<45 bytes>', 'more_body': True}
2026-03-30 10:58:11,777 [TRACE] uvicorn.asgi: ::1:49817 - ASGI [23] Send {'type': 'http.response.body', 'body': '<45 bytes>', 'more_body': True}
2026-03-30 10:58:26,779 [TRACE] uvicorn.asgi: ::1:49817 - ASGI [23] Send {'type': 'http.response.body', 'body': '<45 bytes>', 'more_body': True}
2026-03-30 10:58:41,781 [TRACE] uvicorn.asgi: ::1:49817 - ASGI [23] Send {'type': 'http.response.body', 'body': '<45 bytes>', 'more_body': True}
2026-03-30 10:58:56,784 [TRACE] uvicorn.asgi: ::1:49817 - ASGI [23] Send {'type': 'http.response.body', 'body': '<45 bytes>', 'more_body': True}
2026-03-30 10:59:11,785 [TRACE] uvicorn.asgi: ::1:49817 - ASGI [23] Send {'type': 'http.response.body', 'body': '<45 bytes>', 'more_body': True}
2026-03-30 10:59:26,787 [TRACE] uvicorn.asgi: ::1:49817 - ASGI [23] Send {'type': 'http.response.body', 'body': '<45 bytes>', 'more_body': True}
2026-03-30 10:59:41,788 [TRACE] uvicorn.asgi: ::1:49817 - ASGI [23] Send {'type': 'http.response.body', 'body': '<45 bytes>', 'more_body': True}
2026-03-30 10:59:56,791 [TRACE] uvicorn.asgi: ::1:49817 - ASGI [23] Send {'type': 'http.response.body', 'body': '<45 bytes>', 'more_body': True}
2026-03-30 11:00:11,792 [TRACE] uvicorn.asgi: ::1:49817 - ASGI [23] Send {'type': 'http.response.body', 'body': '<45 bytes>', 'more_body': True}
2026-03-30 11:00:26,794 [TRACE] uvicorn.asgi: ::1:49817 - ASGI [23] Send {'type': 'http.response.body', 'body': '<45 bytes>', 'more_body': True}
2026-03-30 11:00:41,797 [TRACE] uvicorn.asgi: ::1:49817 - ASGI [23] Send {'type': 'http.response.body', 'body': '<45 bytes>', 'more_body': True}
2026-03-30 11:00:56,799 [TRACE] uvicorn.asgi: ::1:49817 - ASGI [23] Send {'type': 'http.response.body', 'body': '<45 bytes>', 'more_body': True}
2026-03-30 11:01:11,801 [TRACE] uvicorn.asgi: ::1:49817 - ASGI [23] Send {'type': 'http.response.body', 'body': '<45 bytes>', 'more_body': True}
2026-03-30 11:01:26,803 [TRACE] uvicorn.asgi: ::1:49817 - ASGI [23] Send {'type': 'http.response.body', 'body': '<45 bytes>', 'more_body': True}
2026-03-30 11:01:41,805 [TRACE] uvicorn.asgi: ::1:49817 - ASGI [23] Send {'type': 'http.response.body', 'body': '<45 bytes>', 'more_body': True}
2026-03-30 11:01:56,807 [TRACE] uvicorn.asgi: ::1:49817 - ASGI [23] Send {'type': 'http.response.body', 'body': '<45 bytes>', 'more_body': True}
2026-03-30 11:02:11,809 [TRACE] uvicorn.asgi: ::1:49817 - ASGI [23] Send {'type': 'http.response.body', 'body': '<45 bytes>', 'more_body': True}
2026-03-30 11:02:26,811 [TRACE] uvicorn.asgi: ::1:49817 - ASGI [23] Send {'type': 'http.response.body', 'body': '<45 bytes>', 'more_body': True}
2026-03-30 11:02:41,813 [TRACE] uvicorn.asgi: ::1:49817 - ASGI [23] Send {'type': 'http.response.body', 'body': '<45 bytes>', 'more_body': True}
2026-03-30 11:02:56,815 [TRACE] uvicorn.asgi: ::1:49817 - ASGI [23] Send {'type': 'http.response.body', 'body': '<45 bytes>', 'more_body': True}
2026-03-30 11:03:11,817 [TRACE] uvicorn.asgi: ::1:49817 - ASGI [23] Send {'type': 'http.response.body', 'body': '<45 bytes>', 'more_body': True}
2026-03-30 11:03:26,818 [TRACE] uvicorn.asgi: ::1:49817 - ASGI [23] Send {'type': 'http.response.body', 'body': '<45 bytes>', 'more_body': True}
2026-03-30 11:03:41,820 [TRACE] uvicorn.asgi: ::1:49817 - ASGI [23] Send {'type': 'http.response.body', 'body': '<45 bytes>', 'more_body': True}
2026-03-30 11:03:56,822 [TRACE] uvicorn.asgi: ::1:49817 - ASGI [23] Send {'type': 'http.response.body', 'body': '<45 bytes>', 'more_body': True}
2026-03-30 11:04:11,825 [TRACE] uvicorn.asgi: ::1:49817 - ASGI [23] Send {'type': 'http.response.body', 'body': '<45 bytes>', 'more_body': True}
2026-03-30 11:04:26,827 [TRACE] uvicorn.asgi: ::1:49817 - ASGI [23] Send {'type': 'http.response.body', 'body': '<45 bytes>', 'more_body': True}
2026-03-30 11:04:41,828 [TRACE] uvicorn.asgi: ::1:49817 - ASGI [23] Send {'type': 'http.response.body', 'body': '<45 bytes>', 'more_body': True}
2026-03-30 11:04:56,830 [TRACE] uvicorn.asgi: ::1:49817 - ASGI [23] Send {'type': 'http.response.body', 'body': '<45 bytes>', 'more_body': True}
2026-03-30 11:05:11,832 [TRACE] uvicorn.asgi: ::1:49817 - ASGI [23] Send {'type': 'http.response.body', 'body': '<45 bytes>', 'more_body': True}
2026-03-30 11:05:26,834 [TRACE] uvicorn.asgi: ::1:49817 - ASGI [23] Send {'type': 'http.response.body', 'body': '<45 bytes>', 'more_body': True}
2026-03-30 11:05:41,836 [TRACE] uvicorn.asgi: ::1:49817 - ASGI [23] Send {'type': 'http.response.body', 'body': '<45 bytes>', 'more_body': True}
2026-03-30 11:05:56,837 [TRACE] uvicorn.asgi: ::1:49817 - ASGI [23] Send {'type': 'http.response.body', 'body': '<45 bytes>', 'more_body': True}
2026-03-30 11:06:11,839 [TRACE] uvicorn.asgi: ::1:49817 - ASGI [23] Send {'type': 'http.response.body', 'body': '<45 bytes>', 'more_body': True}
2026-03-30 11:06:26,842 [TRACE] uvicorn.asgi: ::1:49817 - ASGI [23] Send {'type': 'http.response.body', 'body': '<45 bytes>', 'more_body': True}
2026-03-30 11:06:41,844 [TRACE] uvicorn.asgi: ::1:49817 - ASGI [23] Send {'type': 'http.response.body', 'body': '<45 bytes>', 'more_body': True}
2026-03-30 11:06:56,846 [TRACE] uvicorn.asgi: ::1:49817 - ASGI [23] Send {'type': 'http.response.body', 'body': '<45 bytes>', 'more_body': True}
2026-03-30 11:07:11,848 [TRACE] uvicorn.asgi: ::1:49817 - ASGI [23] Send {'type': 'http.response.body', 'body': '<45 bytes>', 'more_body': True}
2026-03-30 11:07:26,850 [TRACE] uvicorn.asgi: ::1:49817 - ASGI [23] Send {'type': 'http.response.body', 'body': '<45 bytes>', 'more_body': True}
2026-03-30 11:07:41,853 [TRACE] uvicorn.asgi: ::1:49817 - ASGI [23] Send {'type': 'http.response.body', 'body': '<45 bytes>', 'more_body': True}
2026-03-30 11:07:56,854 [TRACE] uvicorn.asgi: ::1:49817 - ASGI [23] Send {'type': 'http.response.body', 'body': '<45 bytes>', 'more_body': True}
2026-03-30 11:08:11,856 [TRACE] uvicorn.asgi: ::1:49817 - ASGI [23] Send {'type': 'http.response.body', 'body': '<45 bytes>', 'more_body': True}
2026-03-30 11:08:26,858 [TRACE] uvicorn.asgi: ::1:49817 - ASGI [23] Send {'type': 'http.response.body', 'body': '<45 bytes>', 'more_body': True}
2026-03-30 11:08:41,859 [TRACE] uvicorn.asgi: ::1:49817 - ASGI [23] Send {'type': 'http.response.body', 'body': '<45 bytes>', 'more_body': True}
2026-03-30 11:08:56,862 [TRACE] uvicorn.asgi: ::1:49817 - ASGI [23] Send {'type': 'http.response.body', 'body': '<45 bytes>', 'more_body': True}
2026-03-30 11:09:11,864 [TRACE] uvicorn.asgi: ::1:49817 - ASGI [23] Send {'type': 'http.response.body', 'body': '<45 bytes>', 'more_body': True}
2026-03-30 11:09:26,866 [TRACE] uvicorn.asgi: ::1:49817 - ASGI [23] Send {'type': 'http.response.body', 'body': '<45 bytes>', 'more_body': True}
2026-03-30 11:09:41,869 [TRACE] uvicorn.asgi: ::1:49817 - ASGI [23] Send {'type': 'http.response.body', 'body': '<45 bytes>', 'more_body': True}
2026-03-30 11:09:56,870 [TRACE] uvicorn.asgi: ::1:49817 - ASGI [23] Send {'type': 'http.response.body', 'body': '<45 bytes>', 'more_body': True}
2026-03-30 11:10:11,872 [TRACE] uvicorn.asgi: ::1:49817 - ASGI [23] Send {'type': 'http.response.body', 'body': '<45 bytes>', 'more_body': True}
2026-03-30 11:10:26,874 [TRACE] uvicorn.asgi: ::1:49817 - ASGI [23] Send {'type': 'http.response.body', 'body': '<45 bytes>', 'more_body': True}
2026-03-30 11:10:41,876 [TRACE] uvicorn.asgi: ::1:49817 - ASGI [23] Send {'type': 'http.response.body', 'body': '<45 bytes>', 'more_body': True}
2026-03-30 11:10:56,878 [TRACE] uvicorn.asgi: ::1:49817 - ASGI [23] Send {'type': 'http.response.body', 'body': '<45 bytes>', 'more_body': True}
2026-03-30 11:11:11,879 [TRACE] uvicorn.asgi: ::1:49817 - ASGI [23] Send {'type': 'http.response.body', 'body': '<45 bytes>', 'more_body': True}
2026-03-30 11:11:26,880 [TRACE] uvicorn.asgi: ::1:49817 - ASGI [23] Send {'type': 'http.response.body', 'body': '<45 bytes>', 'more_body': True}
2026-03-30 11:11:41,882 [TRACE] uvicorn.asgi: ::1:49817 - ASGI [23] Send {'type': 'http.response.body', 'body': '<45 bytes>', 'more_body': True}
2026-03-30 11:11:56,883 [TRACE] uvicorn.asgi: ::1:49817 - ASGI [23] Send {'type': 'http.response.body', 'body': '<45 bytes>', 'more_body': True}
2026-03-30 11:12:11,886 [TRACE] uvicorn.asgi: ::1:49817 - ASGI [23] Send {'type': 'http.response.body', 'body': '<45 bytes>', 'more_body': True}
2026-03-30 11:12:26,887 [TRACE] uvicorn.asgi: ::1:49817 - ASGI [23] Send {'type': 'http.response.body', 'body': '<45 bytes>', 'more_body': True}
2026-03-30 11:12:41,889 [TRACE] uvicorn.asgi: ::1:49817 - ASGI [23] Send {'type': 'http.response.body', 'body': '<45 bytes>', 'more_body': True}
2026-03-30 11:12:56,891 [TRACE] uvicorn.asgi: ::1:49817 - ASGI [23] Send {'type': 'http.response.body', 'body': '<45 bytes>', 'more_body': True}
2026-03-30 11:13:11,893 [TRACE] uvicorn.asgi: ::1:49817 - ASGI [23] Send {'type': 'http.response.body', 'body': '<45 bytes>', 'more_body': True}
2026-03-30 11:13:26,895 [TRACE] uvicorn.asgi: ::1:49817 - ASGI [23] Send {'type': 'http.response.body', 'body': '<45 bytes>', 'more_body': True}
2026-03-30 11:13:41,897 [TRACE] uvicorn.asgi: ::1:49817 - ASGI [23] Send {'type': 'http.response.body', 'body': '<45 bytes>', 'more_body': True}
2026-03-30 11:13:56,900 [TRACE] uvicorn.asgi: ::1:49817 - ASGI [23] Send {'type': 'http.response.body', 'body': '<45 bytes>', 'more_body': True}
2026-03-30 11:14:11,902 [TRACE] uvicorn.asgi: ::1:49817 - ASGI [23] Send {'type': 'http.response.body', 'body': '<45 bytes>', 'more_body': True}
2026-03-30 11:14:26,904 [TRACE] uvicorn.asgi: ::1:49817 - ASGI [23] Send {'type': 'http.response.body', 'body': '<45 bytes>', 'more_body': True}
2026-03-30 11:14:41,906 [TRACE] uvicorn.asgi: ::1:49817 - ASGI [23] Send {'type': 'http.response.body', 'body': '<45 bytes>', 'more_body': True}
2026-03-30 11:14:56,908 [TRACE] uvicorn.asgi: ::1:49817 - ASGI [23] Send {'type': 'http.response.body', 'body': '<45 bytes>', 'more_body': True}
2026-03-30 11:15:11,910 [TRACE] uvicorn.asgi: ::1:49817 - ASGI [23] Send {'type': 'http.response.body', 'body': '<45 bytes>', 'more_body': True}
2026-03-30 11:15:26,912 [TRACE] uvicorn.asgi: ::1:49817 - ASGI [23] Send {'type': 'http.response.body', 'body': '<45 bytes>', 'more_body': True}
2026-03-30 11:15:41,913 [TRACE] uvicorn.asgi: ::1:49817 - ASGI [23] Send {'type': 'http.response.body', 'body': '<45 bytes>', 'more_body': True}
2026-03-30 11:15:56,915 [TRACE] uvicorn.asgi: ::1:49817 - ASGI [23] Send {'type': 'http.response.body', 'body': '<45 bytes>', 'more_body': True}
2026-03-30 11:16:11,917 [TRACE] uvicorn.asgi: ::1:49817 - ASGI [23] Send {'type': 'http.response.body', 'body': '<45 bytes>', 'more_body': True}
2026-03-30 11:16:26,919 [TRACE] uvicorn.asgi: ::1:49817 - ASGI [23] Send {'type': 'http.response.body', 'body': '<45 bytes>', 'more_body': True}
2026-03-30 11:16:41,921 [TRACE] uvicorn.asgi: ::1:49817 - ASGI [23] Send {'type': 'http.response.body', 'body': '<45 bytes>', 'more_body': True}
2026-03-30 11:16:56,923 [TRACE] uvicorn.asgi: ::1:49817 - ASGI [23] Send {'type': 'http.response.body', 'body': '<45 bytes>', 'more_body': True}
2026-03-30 11:17:11,925 [TRACE] uvicorn.asgi: ::1:49817 - ASGI [23] Send {'type': 'http.response.body', 'body': '<45 bytes>', 'more_body': True}
2026-03-30 11:17:26,927 [TRACE] uvicorn.asgi: ::1:49817 - ASGI [23] Send {'type': 'http.response.body', 'body': '<45 bytes>', 'more_body': True}
2026-03-30 11:17:41,930 [TRACE] uvicorn.asgi: ::1:49817 - ASGI [23] Send {'type': 'http.response.body', 'body': '<45 bytes>', 'more_body': True}
2026-03-30 11:17:56,931 [TRACE] uvicorn.asgi: ::1:49817 - ASGI [23] Send {'type': 'http.response.body', 'body': '<45 bytes>', 'more_body': True}
2026-03-30 11:18:11,933 [TRACE] uvicorn.asgi: ::1:49817 - ASGI [23] Send {'type': 'http.response.body', 'body': '<45 bytes>', 'more_body': True}
2026-03-30 11:18:26,936 [TRACE] uvicorn.asgi: ::1:49817 - ASGI [23] Send {'type': 'http.response.body', 'body': '<45 bytes>', 'more_body': True}
2026-03-30 11:18:41,937 [TRACE] uvicorn.asgi: ::1:49817 - ASGI [23] Send {'type': 'http.response.body', 'body': '<45 bytes>', 'more_body': True}
2026-03-30 11:18:56,940 [TRACE] uvicorn.asgi: ::1:49817 - ASGI [23] Send {'type': 'http.response.body', 'body': '<45 bytes>', 'more_body': True}
2026-03-30 11:19:11,942 [TRACE] uvicorn.asgi: ::1:49817 - ASGI [23] Send {'type': 'http.response.body', 'body': '<45 bytes>', 'more_body': True}
2026-03-30 11:19:26,944 [TRACE] uvicorn.asgi: ::1:49817 - ASGI [23] Send {'type': 'http.response.body', 'body': '<45 bytes>', 'more_body': True}
2026-03-30 11:19:41,947 [TRACE] uvicorn.asgi: ::1:49817 - ASGI [23] Send {'type': 'http.response.body', 'body': '<45 bytes>', 'more_body': True}
2026-03-30 11:19:56,949 [TRACE] uvicorn.asgi: ::1:49817 - ASGI [23] Send {'type': 'http.response.body', 'body': '<45 bytes>', 'more_body': True}
2026-03-30 11:20:11,952 [TRACE] uvicorn.asgi: ::1:49817 - ASGI [23] Send {'type': 'http.response.body', 'body': '<45 bytes>', 'more_body': True}
2026-03-30 11:20:26,955 [TRACE] uvicorn.asgi: ::1:49817 - ASGI [23] Send {'type': 'http.response.body', 'body': '<45 bytes>', 'more_body': True}
2026-03-30 11:20:41,958 [TRACE] uvicorn.asgi: ::1:49817 - ASGI [23] Send {'type': 'http.response.body', 'body': '<45 bytes>', 'more_body': True}
2026-03-30 11:20:56,961 [TRACE] uvicorn.asgi: ::1:49817 - ASGI [23] Send {'type': 'http.response.body', 'body': '<45 bytes>', 'more_body': True}
2026-03-30 11:21:11,963 [TRACE] uvicorn.asgi: ::1:49817 - ASGI [23] Send {'type': 'http.response.body', 'body': '<45 bytes>', 'more_body': True}
2026-03-30 11:21:26,964 [TRACE] uvicorn.asgi: ::1:49817 - ASGI [23] Send {'type': 'http.response.body', 'body': '<45 bytes>', 'more_body': True}
2026-03-30 11:21:41,967 [TRACE] uvicorn.asgi: ::1:49817 - ASGI [23] Send {'type': 'http.response.body', 'body': '<45 bytes>', 'more_body': True}
2026-03-30 11:21:56,969 [TRACE] uvicorn.asgi: ::1:49817 - ASGI [23] Send {'type': 'http.response.body', 'body': '<45 bytes>', 'more_body': True}
2026-03-30 11:22:11,971 [TRACE] uvicorn.asgi: ::1:49817 - ASGI [23] Send {'type': 'http.response.body', 'body': '<45 bytes>', 'more_body': True}
2026-03-30 11:22:26,973 [TRACE] uvicorn.asgi: ::1:49817 - ASGI [23] Send {'type': 'http.response.body', 'body': '<45 bytes>', 'more_body': True}
2026-03-30 11:22:41,976 [TRACE] uvicorn.asgi: ::1:49817 - ASGI [23] Send {'type': 'http.response.body', 'body': '<45 bytes>', 'more_body': True}
2026-03-30 11:22:56,978 [TRACE] uvicorn.asgi: ::1:49817 - ASGI [23] Send {'type': 'http.response.body', 'body': '<45 bytes>', 'more_body': True}
2026-03-30 11:23:11,980 [TRACE] uvicorn.asgi: ::1:49817 - ASGI [23] Send {'type': 'http.response.body', 'body': '<45 bytes>', 'more_body': True}
2026-03-30 11:23:26,982 [TRACE] uvicorn.asgi: ::1:49817 - ASGI [23] Send {'type': 'http.response.body', 'body': '<45 bytes>', 'more_body': True}
2026-03-30 11:23:41,983 [TRACE] uvicorn.asgi: ::1:49817 - ASGI [23] Send {'type': 'http.response.body', 'body': '<45 bytes>', 'more_body': True}
2026-03-30 11:23:56,984 [TRACE] uvicorn.asgi: ::1:49817 - ASGI [23] Send {'type': 'http.response.body', 'body': '<45 bytes>', 'more_body': True}
2026-03-30 11:24:11,986 [TRACE] uvicorn.asgi: ::1:49817 - ASGI [23] Send {'type': 'http.response.body', 'body': '<45 bytes>', 'more_body': True}
2026-03-30 11:24:26,988 [TRACE] uvicorn.asgi: ::1:49817 - ASGI [23] Send {'type': 'http.response.body', 'body': '<45 bytes>', 'more_body': True}
2026-03-30 11:24:41,989 [TRACE] uvicorn.asgi: ::1:49817 - ASGI [23] Send {'type': 'http.response.body', 'body': '<45 bytes>', 'more_body': True}
2026-03-30 11:24:56,991 [TRACE] uvicorn.asgi: ::1:49817 - ASGI [23] Send {'type': 'http.response.body', 'body': '<45 bytes>', 'more_body': True}
2026-03-30 11:25:11,994 [TRACE] uvicorn.asgi: ::1:49817 - ASGI [23] Send {'type': 'http.response.body', 'body': '<45 bytes>', 'more_body': True}
2026-03-30 11:25:26,996 [TRACE] uvicorn.asgi: ::1:49817 - ASGI [23] Send {'type': 'http.response.body', 'body': '<45 bytes>', 'more_body': True}
2026-03-30 11:25:41,998 [TRACE] uvicorn.asgi: ::1:49817 - ASGI [23] Send {'type': 'http.response.body', 'body': '<45 bytes>', 'more_body': True}
2026-03-30 11:25:57,000 [TRACE] uvicorn.asgi: ::1:49817 - ASGI [23] Send {'type': 'http.response.body', 'body': '<45 bytes>', 'more_body': True}
2026-03-30 11:26:12,002 [TRACE] uvicorn.asgi: ::1:49817 - ASGI [23] Send {'type': 'http.response.body', 'body': '<45 bytes>', 'more_body': True}
2026-03-30 11:26:26,989 [TRACE] uvicorn.asgi: ::1:49817 - ASGI [23] Send {'type': 'http.response.body', 'body': '<45 bytes>', 'more_body': True}
2026-03-30 11:26:41,983 [TRACE] uvicorn.asgi: ::1:49817 - ASGI [23] Send {'type': 'http.response.body', 'body': '<45 bytes>', 'more_body': True}
2026-03-30 11:26:56,982 [TRACE] uvicorn.asgi: ::1:49817 - ASGI [23] Send {'type': 'http.response.body', 'body': '<45 bytes>', 'more_body': True}
2026-03-30 11:27:11,983 [TRACE] uvicorn.asgi: ::1:49817 - ASGI [23] Send {'type': 'http.response.body', 'body': '<45 bytes>', 'more_body': True}
2026-03-30 11:27:26,985 [TRACE] uvicorn.asgi: ::1:49817 - ASGI [23] Send {'type': 'http.response.body', 'body': '<45 bytes>', 'more_body': True}
2026-03-30 11:27:41,987 [TRACE] uvicorn.asgi: ::1:49817 - ASGI [23] Send {'type': 'http.response.body', 'body': '<45 bytes>', 'more_body': True}
2026-03-30 11:27:56,989 [TRACE] uvicorn.asgi: ::1:49817 - ASGI [23] Send {'type': 'http.response.body', 'body': '<45 bytes>', 'more_body': True}
2026-03-30 11:28:11,992 [TRACE] uvicorn.asgi: ::1:49817 - ASGI [23] Send {'type': 'http.response.body', 'body': '<45 bytes>', 'more_body': True}
2026-03-30 11:28:26,994 [TRACE] uvicorn.asgi: ::1:49817 - ASGI [23] Send {'type': 'http.response.body', 'body': '<45 bytes>', 'more_body': True}
2026-03-30 11:28:41,997 [TRACE] uvicorn.asgi: ::1:49817 - ASGI [23] Send {'type': 'http.response.body', 'body': '<45 bytes>', 'more_body': True}
2026-03-30 11:28:56,999 [TRACE] uvicorn.asgi: ::1:49817 - ASGI [23] Send {'type': 'http.response.body', 'body': '<45 bytes>', 'more_body': True}
2026-03-30 11:29:12,002 [TRACE] uvicorn.asgi: ::1:49817 - ASGI [23] Send {'type': 'http.response.body', 'body': '<45 bytes>', 'more_body': True}
2026-03-30 11:29:27,004 [TRACE] uvicorn.asgi: ::1:49817 - ASGI [23] Send {'type': 'http.response.body', 'body': '<45 bytes>', 'more_body': True}
2026-03-30 11:29:42,006 [TRACE] uvicorn.asgi: ::1:49817 - ASGI [23] Send {'type': 'http.response.body', 'body': '<45 bytes>', 'more_body': True}
2026-03-30 11:29:57,009 [TRACE] uvicorn.asgi: ::1:49817 - ASGI [23] Send {'type': 'http.response.body', 'body': '<45 bytes>', 'more_body': True}
2026-03-30 11:30:12,011 [TRACE] uvicorn.asgi: ::1:49817 - ASGI [23] Send {'type': 'http.response.body', 'body': '<45 bytes>', 'more_body': True}
2026-03-30 11:30:27,014 [TRACE] uvicorn.asgi: ::1:49817 - ASGI [23] Send {'type': 'http.response.body', 'body': '<45 bytes>', 'more_body': True}
2026-03-30 11:30:42,017 [TRACE] uvicorn.asgi: ::1:49817 - ASGI [23] Send {'type': 'http.response.body', 'body': '<45 bytes>', 'more_body': True}
2026-03-30 11:30:57,018 [TRACE] uvicorn.asgi: ::1:49817 - ASGI [23] Send {'type': 'http.response.body', 'body': '<45 bytes>', 'more_body': True}
2026-03-30 11:31:12,021 [TRACE] uvicorn.asgi: ::1:49817 - ASGI [23] Send {'type': 'http.response.body', 'body': '<45 bytes>', 'more_body': True}
2026-03-30 11:31:27,024 [TRACE] uvicorn.asgi: ::1:49817 - ASGI [23] Send {'type': 'http.response.body', 'body': '<45 bytes>', 'more_body': True}
2026-03-30 11:31:42,026 [TRACE] uvicorn.asgi: ::1:49817 - ASGI [23] Send {'type': 'http.response.body', 'body': '<45 bytes>', 'more_body': True}
2026-03-30 11:31:57,028 [TRACE] uvicorn.asgi: ::1:49817 - ASGI [23] Send {'type': 'http.response.body', 'body': '<45 bytes>', 'more_body': True}
2026-03-30 11:32:12,030 [TRACE] uvicorn.asgi: ::1:49817 - ASGI [23] Send {'type': 'http.response.body', 'body': '<45 bytes>', 'more_body': True}
2026-03-30 11:32:27,032 [TRACE] uvicorn.asgi: ::1:49817 - ASGI [23] Send {'type': 'http.response.body', 'body': '<45 bytes>', 'more_body': True}
2026-03-30 11:32:42,034 [TRACE] uvicorn.asgi: ::1:49817 - ASGI [23] Send {'type': 'http.response.body', 'body': '<45 bytes>', 'more_body': True}
2026-03-30 11:32:57,036 [TRACE] uvicorn.asgi: ::1:49817 - ASGI [23] Send {'type': 'http.response.body', 'body': '<45 bytes>', 'more_body': True}
2026-03-30 11:33:12,038 [TRACE] uvicorn.asgi: ::1:49817 - ASGI [23] Send {'type': 'http.response.body', 'body': '<45 bytes>', 'more_body': True}
2026-03-30 11:33:27,040 [TRACE] uvicorn.asgi: ::1:49817 - ASGI [23] Send {'type': 'http.response.body', 'body': '<45 bytes>', 'more_body': True}
2026-03-30 11:33:42,043 [TRACE] uvicorn.asgi: ::1:49817 - ASGI [23] Send {'type': 'http.response.body', 'body': '<45 bytes>', 'more_body': True}
2026-03-30 11:33:57,045 [TRACE] uvicorn.asgi: ::1:49817 - ASGI [23] Send {'type': 'http.response.body', 'body': '<45 bytes>', 'more_body': True}
2026-03-30 11:34:12,047 [TRACE] uvicorn.asgi: ::1:49817 - ASGI [23] Send {'type': 'http.response.body', 'body': '<45 bytes>', 'more_body': True}
2026-03-30 11:34:27,049 [TRACE] uvicorn.asgi: ::1:49817 - ASGI [23] Send {'type': 'http.response.body', 'body': '<45 bytes>', 'more_body': True}
2026-03-30 11:34:42,051 [TRACE] uvicorn.asgi: ::1:49817 - ASGI [23] Send {'type': 'http.response.body', 'body': '<45 bytes>', 'more_body': True}
2026-03-30 11:34:57,053 [TRACE] uvicorn.asgi: ::1:49817 - ASGI [23] Send {'type': 'http.response.body', 'body': '<45 bytes>', 'more_body': True}
2026-03-30 11:35:12,055 [TRACE] uvicorn.asgi: ::1:49817 - ASGI [23] Send {'type': 'http.response.body', 'body': '<45 bytes>', 'more_body': True}
2026-03-30 11:35:27,057 [TRACE] uvicorn.asgi: ::1:49817 - ASGI [23] Send {'type': 'http.response.body', 'body': '<45 bytes>', 'more_body': True}
2026-03-30 11:35:42,060 [TRACE] uvicorn.asgi: ::1:49817 - ASGI [23] Send {'type': 'http.response.body', 'body': '<45 bytes>', 'more_body': True}
2026-03-30 11:35:57,062 [TRACE] uvicorn.asgi: ::1:49817 - ASGI [23] Send {'type': 'http.response.body', 'body': '<45 bytes>', 'more_body': True}
2026-03-30 11:36:12,064 [TRACE] uvicorn.asgi: ::1:49817 - ASGI [23] Send {'type': 'http.response.body', 'body': '<45 bytes>', 'more_body': True}
2026-03-30 11:36:27,066 [TRACE] uvicorn.asgi: ::1:49817 - ASGI [23] Send {'type': 'http.response.body', 'body': '<45 bytes>', 'more_body': True}
2026-03-30 11:36:42,068 [TRACE] uvicorn.asgi: ::1:49817 - ASGI [23] Send {'type': 'http.response.body', 'body': '<45 bytes>', 'more_body': True}
2026-03-30 11:36:57,069 [TRACE] uvicorn.asgi: ::1:49817 - ASGI [23] Send {'type': 'http.response.body', 'body': '<45 bytes>', 'more_body': True}
2026-03-30 11:37:12,072 [TRACE] uvicorn.asgi: ::1:49817 - ASGI [23] Send {'type': 'http.response.body', 'body': '<45 bytes>', 'more_body': True}
2026-03-30 11:37:27,074 [TRACE] uvicorn.asgi: ::1:49817 - ASGI [23] Send {'type': 'http.response.body', 'body': '<45 bytes>', 'more_body': True}
2026-03-30 11:37:42,075 [TRACE] uvicorn.asgi: ::1:49817 - ASGI [23] Send {'type': 'http.response.body', 'body': '<45 bytes>', 'more_body': True}
2026-03-30 11:37:57,077 [TRACE] uvicorn.asgi: ::1:49817 - ASGI [23] Send {'type': 'http.response.body', 'body': '<45 bytes>', 'more_body': True}
2026-03-30 11:38:12,080 [TRACE] uvicorn.asgi: ::1:49817 - ASGI [23] Send {'type': 'http.response.body', 'body': '<45 bytes>', 'more_body': True}
2026-03-30 11:38:27,082 [TRACE] uvicorn.asgi: ::1:49817 - ASGI [23] Send {'type': 'http.response.body', 'body': '<45 bytes>', 'more_body': True}
2026-03-30 11:38:42,083 [TRACE] uvicorn.asgi: ::1:49817 - ASGI [23] Send {'type': 'http.response.body', 'body': '<45 bytes>', 'more_body': True}
2026-03-30 11:38:57,085 [TRACE] uvicorn.asgi: ::1:49817 - ASGI [23] Send {'type': 'http.response.body', 'body': '<45 bytes>', 'more_body': True}
2026-03-30 11:39:12,088 [TRACE] uvicorn.asgi: ::1:49817 - ASGI [23] Send {'type': 'http.response.body', 'body': '<45 bytes>', 'more_body': True}
2026-03-30 11:39:27,090 [TRACE] uvicorn.asgi: ::1:49817 - ASGI [23] Send {'type': 'http.response.body', 'body': '<45 bytes>', 'more_body': True}
2026-03-30 11:39:42,092 [TRACE] uvicorn.asgi: ::1:49817 - ASGI [23] Send {'type': 'http.response.body', 'body': '<45 bytes>', 'more_body': True}
2026-03-30 11:39:57,094 [TRACE] uvicorn.asgi: ::1:49817 - ASGI [23] Send {'type': 'http.response.body', 'body': '<45 bytes>', 'more_body': True}
2026-03-30 11:40:12,096 [TRACE] uvicorn.asgi: ::1:49817 - ASGI [23] Send {'type': 'http.response.body', 'body': '<45 bytes>', 'more_body': True}
2026-03-30 11:40:27,097 [TRACE] uvicorn.asgi: ::1:49817 - ASGI [23] Send {'type': 'http.response.body', 'body': '<45 bytes>', 'more_body': True}
2026-03-30 11:40:42,098 [TRACE] uvicorn.asgi: ::1:49817 - ASGI [23] Send {'type': 'http.response.body', 'body': '<45 bytes>', 'more_body': True}
2026-03-30 11:40:57,100 [TRACE] uvicorn.asgi: ::1:49817 - ASGI [23] Send {'type': 'http.response.body', 'body': '<45 bytes>', 'more_body': True}
2026-03-30 11:41:12,103 [TRACE] uvicorn.asgi: ::1:49817 - ASGI [23] Send {'type': 'http.response.body', 'body': '<45 bytes>', 'more_body': True}
2026-03-30 11:41:27,107 [TRACE] uvicorn.asgi: ::1:49817 - ASGI [23] Send {'type': 'http.response.body', 'body': '<45 bytes>', 'more_body': True}
2026-03-30 11:41:42,113 [TRACE] uvicorn.asgi: ::1:49817 - ASGI [23] Send {'type': 'http.response.body', 'body': '<45 bytes>', 'more_body': True}
2026-03-30 11:41:57,116 [TRACE] uvicorn.asgi: ::1:49817 - ASGI [23] Send {'type': 'http.response.body', 'body': '<45 bytes>', 'more_body': True}
2026-03-30 11:42:12,119 [TRACE] uvicorn.asgi: ::1:49817 - ASGI [23] Send {'type': 'http.response.body', 'body': '<45 bytes>', 'more_body': True}
2026-03-30 11:42:27,121 [TRACE] uvicorn.asgi: ::1:49817 - ASGI [23] Send {'type': 'http.response.body', 'body': '<45 bytes>', 'more_body': True}
2026-03-30 11:42:42,124 [TRACE] uvicorn.asgi: ::1:49817 - ASGI [23] Send {'type': 'http.response.body', 'body': '<45 bytes>', 'more_body': True}
2026-03-30 11:42:57,126 [TRACE] uvicorn.asgi: ::1:49817 - ASGI [23] Send {'type': 'http.response.body', 'body': '<45 bytes>', 'more_body': True}
2026-03-30 11:43:12,128 [TRACE] uvicorn.asgi: ::1:49817 - ASGI [23] Send {'type': 'http.response.body', 'body': '<45 bytes>', 'more_body': True}
2026-03-30 11:43:27,130 [TRACE] uvicorn.asgi: ::1:49817 - ASGI [23] Send {'type': 'http.response.body', 'body': '<45 bytes>', 'more_body': True}
2026-03-30 11:43:42,132 [TRACE] uvicorn.asgi: ::1:49817 - ASGI [23] Send {'type': 'http.response.body', 'body': '<45 bytes>', 'more_body': True}
2026-03-30 11:43:57,133 [TRACE] uvicorn.asgi: ::1:49817 - ASGI [23] Send {'type': 'http.response.body', 'body': '<45 bytes>', 'more_body': True}
2026-03-30 11:44:12,136 [TRACE] uvicorn.asgi: ::1:49817 - ASGI [23] Send {'type': 'http.response.body', 'body': '<45 bytes>', 'more_body': True}
2026-03-30 11:44:27,138 [TRACE] uvicorn.asgi: ::1:49817 - ASGI [23] Send {'type': 'http.response.body', 'body': '<45 bytes>', 'more_body': True}
2026-03-30 11:44:42,139 [TRACE] uvicorn.asgi: ::1:49817 - ASGI [23] Send {'type': 'http.response.body', 'body': '<45 bytes>', 'more_body': True}
2026-03-30 11:44:57,140 [TRACE] uvicorn.asgi: ::1:49817 - ASGI [23] Send {'type': 'http.response.body', 'body': '<45 bytes>', 'more_body': True}
2026-03-30 11:45:12,142 [TRACE] uvicorn.asgi: ::1:49817 - ASGI [23] Send {'type': 'http.response.body', 'body': '<45 bytes>', 'more_body': True}
2026-03-30 11:45:27,144 [TRACE] uvicorn.asgi: ::1:49817 - ASGI [23] Send {'type': 'http.response.body', 'body': '<45 bytes>', 'more_body': True}
2026-03-30 11:45:42,146 [TRACE] uvicorn.asgi: ::1:49817 - ASGI [23] Send {'type': 'http.response.body', 'body': '<45 bytes>', 'more_body': True}
2026-03-30 11:45:57,149 [TRACE] uvicorn.asgi: ::1:49817 - ASGI [23] Send {'type': 'http.response.body', 'body': '<45 bytes>', 'more_body': True}
2026-03-30 11:46:12,152 [TRACE] uvicorn.asgi: ::1:49817 - ASGI [23] Send {'type': 'http.response.body', 'body': '<45 bytes>', 'more_body': True}
2026-03-30 11:46:27,153 [TRACE] uvicorn.asgi: ::1:49817 - ASGI [23] Send {'type': 'http.response.body', 'body': '<45 bytes>', 'more_body': True}
2026-03-30 11:46:42,155 [TRACE] uvicorn.asgi: ::1:49817 - ASGI [23] Send {'type': 'http.response.body', 'body': '<45 bytes>', 'more_body': True}
2026-03-30 11:46:57,158 [TRACE] uvicorn.asgi: ::1:49817 - ASGI [23] Send {'type': 'http.response.body', 'body': '<45 bytes>', 'more_body': True}
2026-03-30 11:47:12,160 [TRACE] uvicorn.asgi: ::1:49817 - ASGI [23] Send {'type': 'http.response.body', 'body': '<45 bytes>', 'more_body': True}
2026-03-30 11:47:27,162 [TRACE] uvicorn.asgi: ::1:49817 - ASGI [23] Send {'type': 'http.response.body', 'body': '<45 bytes>', 'more_body': True}
2026-03-30 11:47:42,164 [TRACE] uvicorn.asgi: ::1:49817 - ASGI [23] Send {'type': 'http.response.body', 'body': '<45 bytes>', 'more_body': True}
2026-03-30 11:47:57,167 [TRACE] uvicorn.asgi: ::1:49817 - ASGI [23] Send {'type': 'http.response.body', 'body': '<45 bytes>', 'more_body': True}
2026-03-30 11:48:12,169 [TRACE] uvicorn.asgi: ::1:49817 - ASGI [23] Send {'type': 'http.response.body', 'body': '<45 bytes>', 'more_body': True}
2026-03-30 11:48:27,171 [TRACE] uvicorn.asgi: ::1:49817 - ASGI [23] Send {'type': 'http.response.body', 'body': '<45 bytes>', 'more_body': True}
2026-03-30 11:48:42,173 [TRACE] uvicorn.asgi: ::1:49817 - ASGI [23] Send {'type': 'http.response.body', 'body': '<45 bytes>', 'more_body': True}
2026-03-30 11:48:57,175 [TRACE] uvicorn.asgi: ::1:49817 - ASGI [23] Send {'type': 'http.response.body', 'body': '<45 bytes>', 'more_body': True}
2026-03-30 11:49:12,177 [TRACE] uvicorn.asgi: ::1:49817 - ASGI [23] Send {'type': 'http.response.body', 'body': '<45 bytes>', 'more_body': True}
2026-03-30 11:49:27,179 [TRACE] uvicorn.asgi: ::1:49817 - ASGI [23] Send {'type': 'http.response.body', 'body': '<45 bytes>', 'more_body': True}
2026-03-30 11:49:42,182 [TRACE] uvicorn.asgi: ::1:49817 - ASGI [23] Send {'type': 'http.response.body', 'body': '<45 bytes>', 'more_body': True}
2026-03-30 11:49:57,184 [TRACE] uvicorn.asgi: ::1:49817 - ASGI [23] Send {'type': 'http.response.body', 'body': '<45 bytes>', 'more_body': True}
2026-03-30 11:50:12,186 [TRACE] uvicorn.asgi: ::1:49817 - ASGI [23] Send {'type': 'http.response.body', 'body': '<45 bytes>', 'more_body': True}
2026-03-30 11:50:27,188 [TRACE] uvicorn.asgi: ::1:49817 - ASGI [23] Send {'type': 'http.response.body', 'body': '<45 bytes>', 'more_body': True}
2026-03-30 11:50:42,190 [TRACE] uvicorn.asgi: ::1:49817 - ASGI [23] Send {'type': 'http.response.body', 'body': '<45 bytes>', 'more_body': True}
2026-03-30 11:50:57,192 [TRACE] uvicorn.asgi: ::1:49817 - ASGI [23] Send {'type': 'http.response.body', 'body': '<45 bytes>', 'more_body': True}
2026-03-30 11:51:12,195 [TRACE] uvicorn.asgi: ::1:49817 - ASGI [23] Send {'type': 'http.response.body', 'body': '<45 bytes>', 'more_body': True}
2026-03-30 11:51:27,197 [TRACE] uvicorn.asgi: ::1:49817 - ASGI [23] Send {'type': 'http.response.body', 'body': '<45 bytes>', 'more_body': True}
2026-03-30 11:51:42,199 [TRACE] uvicorn.asgi: ::1:49817 - ASGI [23] Send {'type': 'http.response.body', 'body': '<45 bytes>', 'more_body': True}
2026-03-30 11:51:57,200 [TRACE] uvicorn.asgi: ::1:49817 - ASGI [23] Send {'type': 'http.response.body', 'body': '<45 bytes>', 'more_body': True}
2026-03-30 11:52:12,202 [TRACE] uvicorn.asgi: ::1:49817 - ASGI [23] Send {'type': 'http.response.body', 'body': '<45 bytes>', 'more_body': True}
2026-03-30 11:52:27,204 [TRACE] uvicorn.asgi: ::1:49817 - ASGI [23] Send {'type': 'http.response.body', 'body': '<45 bytes>', 'more_body': True}
2026-03-30 11:52:42,207 [TRACE] uvicorn.asgi: ::1:49817 - ASGI [23] Send {'type': 'http.response.body', 'body': '<45 bytes>', 'more_body': True}
2026-03-30 11:52:57,210 [TRACE] uvicorn.asgi: ::1:49817 - ASGI [23] Send {'type': 'http.response.body', 'body': '<45 bytes>', 'more_body': True}
2026-03-30 11:53:12,213 [TRACE] uvicorn.asgi: ::1:49817 - ASGI [23] Send {'type': 'http.response.body', 'body': '<45 bytes>', 'more_body': True}
2026-03-30 11:53:27,216 [TRACE] uvicorn.asgi: ::1:49817 - ASGI [23] Send {'type': 'http.response.body', 'body': '<45 bytes>', 'more_body': True}
2026-03-30 11:53:42,219 [TRACE] uvicorn.asgi: ::1:49817 - ASGI [23] Send {'type': 'http.response.body', 'body': '<45 bytes>', 'more_body': True}
2026-03-30 11:53:57,222 [TRACE] uvicorn.asgi: ::1:49817 - ASGI [23] Send {'type': 'http.response.body', 'body': '<45 bytes>', 'more_body': True}
2026-03-30 11:54:12,225 [TRACE] uvicorn.asgi: ::1:49817 - ASGI [23] Send {'type': 'http.response.body', 'body': '<45 bytes>', 'more_body': True}
2026-03-30 11:54:27,227 [TRACE] uvicorn.asgi: ::1:49817 - ASGI [23] Send {'type': 'http.response.body', 'body': '<45 bytes>', 'more_body': True}
2026-03-30 11:54:42,231 [TRACE] uvicorn.asgi: ::1:49817 - ASGI [23] Send {'type': 'http.response.body', 'body': '<45 bytes>', 'more_body': True}
2026-03-30 11:54:57,234 [TRACE] uvicorn.asgi: ::1:49817 - ASGI [23] Send {'type': 'http.response.body', 'body': '<45 bytes>', 'more_body': True}
2026-03-30 11:55:12,237 [TRACE] uvicorn.asgi: ::1:49817 - ASGI [23] Send {'type': 'http.response.body', 'body': '<45 bytes>', 'more_body': True}
2026-03-30 11:55:27,241 [TRACE] uvicorn.asgi: ::1:49817 - ASGI [23] Send {'type': 'http.response.body', 'body': '<45 bytes>', 'more_body': True}
2026-03-30 11:55:42,244 [TRACE] uvicorn.asgi: ::1:49817 - ASGI [23] Send {'type': 'http.response.body', 'body': '<45 bytes>', 'more_body': True}
2026-03-30 11:55:57,248 [TRACE] uvicorn.asgi: ::1:49817 - ASGI [23] Send {'type': 'http.response.body', 'body': '<45 bytes>', 'more_body': True}
2026-03-30 11:56:12,251 [TRACE] uvicorn.asgi: ::1:49817 - ASGI [23] Send {'type': 'http.response.body', 'body': '<45 bytes>', 'more_body': True}
2026-03-30 11:56:27,255 [TRACE] uvicorn.asgi: ::1:49817 - ASGI [23] Send {'type': 'http.response.body', 'body': '<45 bytes>', 'more_body': True}
2026-03-30 11:56:42,275 [TRACE] uvicorn.asgi: ::1:49817 - ASGI [23] Send {'type': 'http.response.body', 'body': '<45 bytes>', 'more_body': True}
2026-03-30 11:56:57,286 [TRACE] uvicorn.asgi: ::1:49817 - ASGI [23] Send {'type': 'http.response.body', 'body': '<45 bytes>', 'more_body': True}
2026-03-30 11:57:12,293 [TRACE] uvicorn.asgi: ::1:49817 - ASGI [23] Send {'type': 'http.response.body', 'body': '<45 bytes>', 'more_body': True}
2026-03-30 11:57:27,297 [TRACE] uvicorn.asgi: ::1:49817 - ASGI [23] Send {'type': 'http.response.body', 'body': '<45 bytes>', 'more_body': True}
2026-03-30 11:57:42,302 [TRACE] uvicorn.asgi: ::1:49817 - ASGI [23] Send {'type': 'http.response.body', 'body': '<45 bytes>', 'more_body': True}
2026-03-30 11:59:04,715 [TRACE] uvicorn.asgi: ::1:49817 - ASGI [23] Send {'type': 'http.response.body', 'body': '<45 bytes>', 'more_body': True}
2026-03-30 11:59:19,722 [TRACE] uvicorn.asgi: ::1:49817 - ASGI [23] Send {'type': 'http.response.body', 'body': '<45 bytes>', 'more_body': True}
2026-03-30 11:59:34,725 [TRACE] uvicorn.asgi: ::1:49817 - ASGI [23] Send {'type': 'http.response.body', 'body': '<45 bytes>', 'more_body': True}
2026-03-30 11:59:49,728 [TRACE] uvicorn.asgi: ::1:49817 - ASGI [23] Send {'type': 'http.response.body', 'body': '<45 bytes>', 'more_body': True}
2026-03-30 12:00:04,730 [TRACE] uvicorn.asgi: ::1:49817 - ASGI [23] Send {'type': 'http.response.body', 'body': '<45 bytes>', 'more_body': True}
2026-03-30 12:00:19,732 [TRACE] uvicorn.asgi: ::1:49817 - ASGI [23] Send {'type': 'http.response.body', 'body': '<45 bytes>', 'more_body': True}
2026-03-30 12:00:34,734 [TRACE] uvicorn.asgi: ::1:49817 - ASGI [23] Send {'type': 'http.response.body', 'body': '<45 bytes>', 'more_body': True}
2026-03-30 12:00:49,736 [TRACE] uvicorn.asgi: ::1:49817 - ASGI [23] Send {'type': 'http.response.body', 'body': '<45 bytes>', 'more_body': True}
2026-03-30 12:01:04,739 [TRACE] uvicorn.asgi: ::1:49817 - ASGI [23] Send {'type': 'http.response.body', 'body': '<45 bytes>', 'more_body': True}
2026-03-30 12:01:19,741 [TRACE] uvicorn.asgi: ::1:49817 - ASGI [23] Send {'type': 'http.response.body', 'body': '<45 bytes>', 'more_body': True}
2026-03-30 12:01:34,743 [TRACE] uvicorn.asgi: ::1:49817 - ASGI [23] Send {'type': 'http.response.body', 'body': '<45 bytes>', 'more_body': True}
2026-03-30 12:01:49,746 [TRACE] uvicorn.asgi: ::1:49817 - ASGI [23] Send {'type': 'http.response.body', 'body': '<45 bytes>', 'more_body': True}
2026-03-30 12:02:04,748 [TRACE] uvicorn.asgi: ::1:49817 - ASGI [23] Send {'type': 'http.response.body', 'body': '<45 bytes>', 'more_body': True}
2026-03-30 12:02:19,750 [TRACE] uvicorn.asgi: ::1:49817 - ASGI [23] Send {'type': 'http.response.body', 'body': '<45 bytes>', 'more_body': True}
2026-03-30 12:02:34,752 [TRACE] uvicorn.asgi: ::1:49817 - ASGI [23] Send {'type': 'http.response.body', 'body': '<45 bytes>', 'more_body': True}
2026-03-30 12:02:49,755 [TRACE] uvicorn.asgi: ::1:49817 - ASGI [23] Send {'type': 'http.response.body', 'body': '<45 bytes>', 'more_body': True}
2026-03-30 12:03:04,757 [TRACE] uvicorn.asgi: ::1:49817 - ASGI [23] Send {'type': 'http.response.body', 'body': '<45 bytes>', 'more_body': True}
2026-03-30 12:03:19,759 [TRACE] uvicorn.asgi: ::1:49817 - ASGI [23] Send {'type': 'http.response.body', 'body': '<45 bytes>', 'more_body': True}
2026-03-30 12:03:34,761 [TRACE] uvicorn.asgi: ::1:49817 - ASGI [23] Send {'type': 'http.response.body', 'body': '<45 bytes>', 'more_body': True}
2026-03-30 12:03:49,764 [TRACE] uvicorn.asgi: ::1:49817 - ASGI [23] Send {'type': 'http.response.body', 'body': '<45 bytes>', 'more_body': True}
2026-03-30 12:04:04,766 [TRACE] uvicorn.asgi: ::1:49817 - ASGI [23] Send {'type': 'http.response.body', 'body': '<45 bytes>', 'more_body': True}
2026-03-30 12:04:19,768 [TRACE] uvicorn.asgi: ::1:49817 - ASGI [23] Send {'type': 'http.response.body', 'body': '<45 bytes>', 'more_body': True}
2026-03-30 12:04:34,770 [TRACE] uvicorn.asgi: ::1:49817 - ASGI [23] Send {'type': 'http.response.body', 'body': '<45 bytes>', 'more_body': True}
2026-03-30 12:04:49,773 [TRACE] uvicorn.asgi: ::1:49817 - ASGI [23] Send {'type': 'http.response.body', 'body': '<45 bytes>', 'more_body': True}
2026-03-30 12:05:04,775 [TRACE] uvicorn.asgi: ::1:49817 - ASGI [23] Send {'type': 'http.response.body', 'body': '<45 bytes>', 'more_body': True}
2026-03-30 12:05:19,777 [TRACE] uvicorn.asgi: ::1:49817 - ASGI [23] Send {'type': 'http.response.body', 'body': '<45 bytes>', 'more_body': True}
2026-03-30 12:05:34,779 [TRACE] uvicorn.asgi: ::1:49817 - ASGI [23] Send {'type': 'http.response.body', 'body': '<45 bytes>', 'more_body': True}
2026-03-30 12:05:49,781 [TRACE] uvicorn.asgi: ::1:49817 - ASGI [23] Send {'type': 'http.response.body', 'body': '<45 bytes>', 'more_body': True}
2026-03-30 12:06:04,783 [TRACE] uvicorn.asgi: ::1:49817 - ASGI [23] Send {'type': 'http.response.body', 'body': '<45 bytes>', 'more_body': True}
2026-03-30 12:06:19,786 [TRACE] uvicorn.asgi: ::1:49817 - ASGI [23] Send {'type': 'http.response.body', 'body': '<45 bytes>', 'more_body': True}
2026-03-30 12:06:34,788 [TRACE] uvicorn.asgi: ::1:49817 - ASGI [23] Send {'type': 'http.response.body', 'body': '<45 bytes>', 'more_body': True}
2026-03-30 12:06:49,790 [TRACE] uvicorn.asgi: ::1:49817 - ASGI [23] Send {'type': 'http.response.body', 'body': '<45 bytes>', 'more_body': True}
2026-03-30 12:07:04,791 [TRACE] uvicorn.asgi: ::1:49817 - ASGI [23] Send {'type': 'http.response.body', 'body': '<45 bytes>', 'more_body': True}
2026-03-30 12:07:19,794 [TRACE] uvicorn.asgi: ::1:49817 - ASGI [23] Send {'type': 'http.response.body', 'body': '<45 bytes>', 'more_body': True}
2026-03-30 12:07:34,794 [TRACE] uvicorn.asgi: ::1:49817 - ASGI [23] Send {'type': 'http.response.body', 'body': '<45 bytes>', 'more_body': True}
2026-04-01 08:33:55,947 [INFO] uvicorn.error: Started server process [7416]
2026-04-01 08:33:55,948 [INFO] uvicorn.error: Waiting for application startup.
2026-04-01 08:33:55,949 [TRACE] uvicorn.asgi: ASGI [1] Started scope={'type': 'lifespan', 'asgi': {'version': '3.0', 'spec_version': '2.0'}, 'state': {}}
2026-04-01 08:33:55,949 [TRACE] uvicorn.asgi: ASGI [1] Receive {'type': 'lifespan.startup'}
2026-04-01 08:33:55,952 [INFO] mcp.server.streamable_http_manager: StreamableHTTP session manager started
2026-04-01 08:33:55,952 [TRACE] uvicorn.asgi: ASGI [1] Send {'type': 'lifespan.startup.complete'}
2026-04-01 08:33:55,953 [INFO] uvicorn.error: Application startup complete.
2026-04-01 08:33:55,959 [INFO] uvicorn.error: Uvicorn running on http://localhost:8003 (Press CTRL+C to quit)
2026-04-01 08:34:02,601 [INFO] uvicorn.error: Shutting down
2026-04-01 08:34:02,701 [INFO] uvicorn.error: Waiting for application shutdown.
2026-04-01 08:34:02,701 [TRACE] uvicorn.asgi: ASGI [1] Receive {'type': 'lifespan.shutdown'}
2026-04-01 08:34:02,701 [INFO] mcp.server.streamable_http_manager: StreamableHTTP session manager shutting down
2026-04-01 08:34:02,701 [TRACE] uvicorn.asgi: ASGI [1] Send {'type': 'lifespan.shutdown.complete'}
2026-04-01 08:34:02,701 [TRACE] uvicorn.asgi: ASGI [1] Completed
2026-04-01 08:34:02,701 [INFO] uvicorn.error: Application shutdown complete.
2026-04-01 08:34:02,701 [INFO] uvicorn.error: Finished server process [7416]
2026-04-01 09:56:39,486 [INFO] uvicorn.error: Started server process [6196]
2026-04-01 09:56:39,486 [INFO] uvicorn.error: Waiting for application startup.
2026-04-01 09:56:39,486 [TRACE] uvicorn.asgi: ASGI [1] Started scope={'type': 'lifespan', 'asgi': {'version': '3.0', 'spec_version': '2.0'}, 'state': {}}
2026-04-01 09:56:39,487 [TRACE] uvicorn.asgi: ASGI [1] Receive {'type': 'lifespan.startup'}
2026-04-01 09:56:39,490 [INFO] mcp.server.streamable_http_manager: StreamableHTTP session manager started
2026-04-01 09:56:39,491 [TRACE] uvicorn.asgi: ASGI [1] Send {'type': 'lifespan.startup.complete'}
2026-04-01 09:56:39,491 [INFO] uvicorn.error: Application startup complete.
2026-04-01 09:56:39,498 [INFO] uvicorn.error: Uvicorn running on http://localhost:8003 (Press CTRL+C to quit)
2026-04-01 09:57:55,569 [TRACE] uvicorn.error: ::1:55969 - HTTP connection made
2026-04-01 09:57:55,570 [TRACE] uvicorn.asgi: ::1:55969 - ASGI [2] Started scope={'type': 'http', 'asgi': {'version': '3.0', 'spec_version': '2.3'}, 'http_version': '1.1', 'server': ('::1', 8003), 'client': ('::1', 55969), 'scheme': 'http', 'method': 'POST', 'root_path': '', 'path': '/mcp', 'raw_path': b'/mcp', 'query_string': b'', 'headers': '<...>', 'state': {}}
2026-04-01 09:57:55,570 [TRACE] uvicorn.asgi: ::1:55969 - ASGI [2] Send {'type': 'http.response.start', 'status': 307, 'headers': '<...>'}
2026-04-01 09:57:55,571 [INFO] uvicorn.access: ::1:55969 - "POST /mcp HTTP/1.1" 307
2026-04-01 09:57:55,571 [TRACE] uvicorn.asgi: ::1:55969 - ASGI [2] Send {'type': 'http.response.body', 'body': '<0 bytes>'}
2026-04-01 09:57:55,571 [TRACE] uvicorn.asgi: ::1:55969 - ASGI [2] Completed
2026-04-01 09:57:55,574 [TRACE] uvicorn.error: ::1:55969 - HTTP connection lost
2026-04-01 09:57:55,576 [TRACE] uvicorn.error: ::1:55970 - HTTP connection made
2026-04-01 09:57:55,576 [TRACE] uvicorn.asgi: ::1:55970 - ASGI [3] Started scope={'type': 'http', 'asgi': {'version': '3.0', 'spec_version': '2.3'}, 'http_version': '1.1', 'server': ('::1', 8003), 'client': ('::1', 55970), 'scheme': 'http', 'method': 'POST', 'root_path': '', 'path': '/mcp/', 'raw_path': b'/mcp/', 'query_string': b'', 'headers': '<...>', 'state': {}}
2026-04-01 09:57:55,576 [INFO] mcp.server.streamable_http_manager: Created new transport with session ID: 66d6badda3ba4701b498af0bf8bf72f0
2026-04-01 09:57:55,580 [TRACE] uvicorn.asgi: ::1:55970 - ASGI [3] Receive {'type': 'http.request', 'body': '<330 bytes>', 'more_body': False}
2026-04-01 09:57:55,581 [TRACE] uvicorn.asgi: ::1:55970 - ASGI [3] Send {'type': 'http.response.start', 'status': 200, 'headers': '<...>'}
2026-04-01 09:57:55,581 [INFO] uvicorn.access: ::1:55970 - "POST /mcp/ HTTP/1.1" 200
2026-04-01 09:57:55,582 [TRACE] uvicorn.asgi: ::1:55970 - ASGI [3] Send {'type': 'http.response.body', 'body': '<444 bytes>', 'more_body': True}
2026-04-01 09:57:55,583 [TRACE] uvicorn.asgi: ::1:55970 - ASGI [3] Send {'type': 'http.response.body', 'body': '<0 bytes>', 'more_body': False}
2026-04-01 09:57:55,583 [TRACE] uvicorn.asgi: ::1:55970 - ASGI [3] Receive {'type': 'http.disconnect'}
2026-04-01 09:57:55,583 [TRACE] uvicorn.asgi: ::1:55970 - ASGI [3] Completed
2026-04-01 09:57:55,603 [TRACE] uvicorn.asgi: ::1:55970 - ASGI [4] Started scope={'type': 'http', 'asgi': {'version': '3.0', 'spec_version': '2.3'}, 'http_version': '1.1', 'server': ('::1', 8003), 'client': ('::1', 55970), 'scheme': 'http', 'method': 'POST', 'root_path': '', 'path': '/mcp', 'raw_path': b'/mcp', 'query_string': b'', 'headers': '<...>', 'state': {}}
2026-04-01 09:57:55,603 [TRACE] uvicorn.asgi: ::1:55970 - ASGI [4] Send {'type': 'http.response.start', 'status': 307, 'headers': '<...>'}
2026-04-01 09:57:55,604 [INFO] uvicorn.access: ::1:55970 - "POST /mcp HTTP/1.1" 307
2026-04-01 09:57:55,604 [TRACE] uvicorn.asgi: ::1:55970 - ASGI [4] Send {'type': 'http.response.body', 'body': '<0 bytes>'}
2026-04-01 09:57:55,604 [TRACE] uvicorn.asgi: ::1:55970 - ASGI [4] Completed
2026-04-01 09:57:55,606 [TRACE] uvicorn.error: ::1:55970 - HTTP connection lost
2026-04-01 09:57:55,614 [TRACE] uvicorn.error: ::1:51220 - HTTP connection made
2026-04-01 09:57:55,615 [TRACE] uvicorn.error: ::1:51221 - HTTP connection made
2026-04-01 09:57:55,618 [TRACE] uvicorn.asgi: ::1:51220 - ASGI [5] Started scope={'type': 'http', 'asgi': {'version': '3.0', 'spec_version': '2.3'}, 'http_version': '1.1', 'server': ('::1', 8003), 'client': ('::1', 51220), 'scheme': 'http', 'method': 'POST', 'root_path': '', 'path': '/mcp/', 'raw_path': b'/mcp/', 'query_string': b'', 'headers': '<...>', 'state': {}}
2026-04-01 09:57:55,619 [TRACE] uvicorn.asgi: ::1:51220 - ASGI [5] Receive {'type': 'http.request', 'body': '<54 bytes>', 'more_body': False}
2026-04-01 09:57:55,619 [TRACE] uvicorn.asgi: ::1:51220 - ASGI [5] Send {'type': 'http.response.start', 'status': <HTTPStatus.ACCEPTED: 202>, 'headers': '<...>'}
2026-04-01 09:57:55,619 [INFO] uvicorn.access: ::1:51220 - "POST /mcp/ HTTP/1.1" 202
2026-04-01 09:57:55,620 [TRACE] uvicorn.asgi: ::1:51220 - ASGI [5] Send {'type': 'http.response.body', 'body': '<0 bytes>'}
2026-04-01 09:57:55,620 [TRACE] uvicorn.asgi: ::1:51220 - ASGI [5] Completed
2026-04-01 09:57:55,621 [TRACE] uvicorn.asgi: ::1:51221 - ASGI [6] Started scope={'type': 'http', 'asgi': {'version': '3.0', 'spec_version': '2.3'}, 'http_version': '1.1', 'server': ('::1', 8003), 'client': ('::1', 51221), 'scheme': 'http', 'method': 'POST', 'root_path': '', 'path': '/mcp', 'raw_path': b'/mcp', 'query_string': b'', 'headers': '<...>', 'state': {}}
2026-04-01 09:57:55,621 [TRACE] uvicorn.asgi: ::1:51221 - ASGI [6] Send {'type': 'http.response.start', 'status': 307, 'headers': '<...>'}
2026-04-01 09:57:55,621 [INFO] uvicorn.access: ::1:51221 - "POST /mcp HTTP/1.1" 307
2026-04-01 09:57:55,622 [TRACE] uvicorn.asgi: ::1:51221 - ASGI [6] Send {'type': 'http.response.body', 'body': '<0 bytes>'}
2026-04-01 09:57:55,622 [TRACE] uvicorn.asgi: ::1:51221 - ASGI [6] Completed
2026-04-01 09:57:55,624 [TRACE] uvicorn.asgi: ::1:51220 - ASGI [7] Started scope={'type': 'http', 'asgi': {'version': '3.0', 'spec_version': '2.3'}, 'http_version': '1.1', 'server': ('::1', 8003), 'client': ('::1', 51220), 'scheme': 'http', 'method': 'GET', 'root_path': '', 'path': '/mcp', 'raw_path': b'/mcp', 'query_string': b'', 'headers': '<...>', 'state': {}}
2026-04-01 09:57:55,624 [TRACE] uvicorn.asgi: ::1:51220 - ASGI [7] Send {'type': 'http.response.start', 'status': 307, 'headers': '<...>'}
2026-04-01 09:57:55,624 [INFO] uvicorn.access: ::1:51220 - "GET /mcp HTTP/1.1" 307
2026-04-01 09:57:55,625 [TRACE] uvicorn.asgi: ::1:51220 - ASGI [7] Send {'type': 'http.response.body', 'body': '<0 bytes>'}
2026-04-01 09:57:55,625 [TRACE] uvicorn.asgi: ::1:51220 - ASGI [7] Completed
2026-04-01 09:57:55,625 [TRACE] uvicorn.error: ::1:51221 - HTTP connection lost
2026-04-01 09:57:55,627 [TRACE] uvicorn.error: ::1:51220 - HTTP connection lost
2026-04-01 09:57:55,628 [TRACE] uvicorn.error: ::1:51222 - HTTP connection made
2026-04-01 09:57:55,629 [TRACE] uvicorn.asgi: ::1:51222 - ASGI [8] Started scope={'type': 'http', 'asgi': {'version': '3.0', 'spec_version': '2.3'}, 'http_version': '1.1', 'server': ('::1', 8003), 'client': ('::1', 51222), 'scheme': 'http', 'method': 'POST', 'root_path': '', 'path': '/mcp/', 'raw_path': b'/mcp/', 'query_string': b'', 'headers': '<...>', 'state': {}}
2026-04-01 09:57:55,629 [TRACE] uvicorn.asgi: ::1:51222 - ASGI [8] Receive {'type': 'http.request', 'body': '<79 bytes>', 'more_body': False}
2026-04-01 09:57:55,630 [TRACE] uvicorn.error: ::1:51223 - HTTP connection made
2026-04-01 09:57:55,630 [TRACE] uvicorn.asgi: ::1:51222 - ASGI [8] Send {'type': 'http.response.start', 'status': 200, 'headers': '<...>'}
2026-04-01 09:57:55,631 [INFO] uvicorn.access: ::1:51222 - "POST /mcp/ HTTP/1.1" 200
2026-04-01 09:57:55,631 [TRACE] uvicorn.asgi: ::1:51223 - ASGI [9] Started scope={'type': 'http', 'asgi': {'version': '3.0', 'spec_version': '2.3'}, 'http_version': '1.1', 'server': ('::1', 8003), 'client': ('::1', 51223), 'scheme': 'http', 'method': 'GET', 'root_path': '', 'path': '/mcp/', 'raw_path': b'/mcp/', 'query_string': b'', 'headers': '<...>', 'state': {}}
2026-04-01 09:57:55,632 [TRACE] uvicorn.asgi: ::1:51223 - ASGI [9] Send {'type': 'http.response.start', 'status': 200, 'headers': '<...>'}
2026-04-01 09:57:55,632 [INFO] uvicorn.access: ::1:51223 - "GET /mcp/ HTTP/1.1" 200
2026-04-01 09:57:55,633 [TRACE] uvicorn.asgi: ::1:51223 - ASGI [9] Receive {'type': 'http.request', 'body': '<0 bytes>', 'more_body': False}
2026-04-01 09:57:55,633 [INFO] mcp.server.lowlevel.server: Processing request of type SetLevelRequest
2026-04-01 09:57:55,633 [TRACE] uvicorn.asgi: ::1:51222 - ASGI [8] Send {'type': 'http.response.body', 'body': '<62 bytes>', 'more_body': True}
2026-04-01 09:57:55,634 [TRACE] uvicorn.asgi: ::1:51222 - ASGI [8] Send {'type': 'http.response.body', 'body': '<0 bytes>', 'more_body': False}
2026-04-01 09:57:55,634 [TRACE] uvicorn.asgi: ::1:51222 - ASGI [8] Receive {'type': 'http.disconnect'}
2026-04-01 09:57:55,635 [TRACE] uvicorn.asgi: ::1:51222 - ASGI [8] Completed
2026-04-01 09:57:59,086 [TRACE] uvicorn.asgi: ::1:51222 - ASGI [10] Started scope={'type': 'http', 'asgi': {'version': '3.0', 'spec_version': '2.3'}, 'http_version': '1.1', 'server': ('::1', 8003), 'client': ('::1', 51222), 'scheme': 'http', 'method': 'POST', 'root_path': '', 'path': '/mcp', 'raw_path': b'/mcp', 'query_string': b'', 'headers': '<...>', 'state': {}}
2026-04-01 09:57:59,086 [TRACE] uvicorn.asgi: ::1:51222 - ASGI [10] Send {'type': 'http.response.start', 'status': 307, 'headers': '<...>'}
2026-04-01 09:57:59,087 [INFO] uvicorn.access: ::1:51222 - "POST /mcp HTTP/1.1" 307
2026-04-01 09:57:59,087 [TRACE] uvicorn.asgi: ::1:51222 - ASGI [10] Send {'type': 'http.response.body', 'body': '<0 bytes>'}
2026-04-01 09:57:59,087 [TRACE] uvicorn.asgi: ::1:51222 - ASGI [10] Completed
2026-04-01 09:57:59,089 [TRACE] uvicorn.error: ::1:51222 - HTTP connection lost
2026-04-01 09:57:59,090 [TRACE] uvicorn.error: ::1:51224 - HTTP connection made
2026-04-01 09:57:59,091 [TRACE] uvicorn.asgi: ::1:51224 - ASGI [11] Started scope={'type': 'http', 'asgi': {'version': '3.0', 'spec_version': '2.3'}, 'http_version': '1.1', 'server': ('::1', 8003), 'client': ('::1', 51224), 'scheme': 'http', 'method': 'POST', 'root_path': '', 'path': '/mcp/', 'raw_path': b'/mcp/', 'query_string': b'', 'headers': '<...>', 'state': {}}
2026-04-01 09:57:59,091 [TRACE] uvicorn.asgi: ::1:51224 - ASGI [11] Receive {'type': 'http.request', 'body': '<87 bytes>', 'more_body': False}
2026-04-01 09:57:59,092 [TRACE] uvicorn.asgi: ::1:51224 - ASGI [11] Send {'type': 'http.response.start', 'status': 200, 'headers': '<...>'}
2026-04-01 09:57:59,092 [INFO] uvicorn.access: ::1:51224 - "POST /mcp/ HTTP/1.1" 200
2026-04-01 09:57:59,093 [INFO] mcp.server.lowlevel.server: Processing request of type ListPromptsRequest
2026-04-01 09:57:59,094 [TRACE] uvicorn.asgi: ::1:51224 - ASGI [11] Send {'type': 'http.response.body', 'body': '<502 bytes>', 'more_body': True}
2026-04-01 09:57:59,095 [TRACE] uvicorn.asgi: ::1:51224 - ASGI [11] Send {'type': 'http.response.body', 'body': '<0 bytes>', 'more_body': False}
2026-04-01 09:57:59,095 [TRACE] uvicorn.asgi: ::1:51224 - ASGI [11] Receive {'type': 'http.disconnect'}
2026-04-01 09:57:59,095 [TRACE] uvicorn.asgi: ::1:51224 - ASGI [11] Completed
2026-04-01 09:58:04,101 [TRACE] uvicorn.error: ::1:51224 - HTTP connection lost
2026-04-01 09:58:09,589 [TRACE] uvicorn.error: ::1:57022 - HTTP connection made
2026-04-01 09:58:09,589 [TRACE] uvicorn.asgi: ::1:57022 - ASGI [12] Started scope={'type': 'http', 'asgi': {'version': '3.0', 'spec_version': '2.3'}, 'http_version': '1.1', 'server': ('::1', 8003), 'client': ('::1', 57022), 'scheme': 'http', 'method': 'POST', 'root_path': '', 'path': '/mcp', 'raw_path': b'/mcp', 'query_string': b'', 'headers': '<...>', 'state': {}}
2026-04-01 09:58:09,589 [TRACE] uvicorn.asgi: ::1:57022 - ASGI [12] Send {'type': 'http.response.start', 'status': 307, 'headers': '<...>'}
2026-04-01 09:58:09,589 [INFO] uvicorn.access: ::1:57022 - "POST /mcp HTTP/1.1" 307
2026-04-01 09:58:09,589 [TRACE] uvicorn.asgi: ::1:57022 - ASGI [12] Send {'type': 'http.response.body', 'body': '<0 bytes>'}
2026-04-01 09:58:09,589 [TRACE] uvicorn.asgi: ::1:57022 - ASGI [12] Completed
2026-04-01 09:58:09,599 [TRACE] uvicorn.error: ::1:57022 - HTTP connection lost
2026-04-01 09:58:09,599 [TRACE] uvicorn.error: ::1:57023 - HTTP connection made
2026-04-01 09:58:09,599 [TRACE] uvicorn.asgi: ::1:57023 - ASGI [13] Started scope={'type': 'http', 'asgi': {'version': '3.0', 'spec_version': '2.3'}, 'http_version': '1.1', 'server': ('::1', 8003), 'client': ('::1', 57023), 'scheme': 'http', 'method': 'POST', 'root_path': '', 'path': '/mcp/', 'raw_path': b'/mcp/', 'query_string': b'', 'headers': '<...>', 'state': {}}
2026-04-01 09:58:09,599 [TRACE] uvicorn.asgi: ::1:57023 - ASGI [13] Receive {'type': 'http.request', 'body': '<185 bytes>', 'more_body': False}
2026-04-01 09:58:09,601 [TRACE] uvicorn.asgi: ::1:57023 - ASGI [13] Send {'type': 'http.response.start', 'status': 200, 'headers': '<...>'}
2026-04-01 09:58:09,606 [INFO] uvicorn.access: ::1:57023 - "POST /mcp/ HTTP/1.1" 200
2026-04-01 09:58:09,607 [INFO] mcp.server.lowlevel.server: Processing request of type GetPromptRequest
2026-04-01 09:58:09,611 [TRACE] uvicorn.asgi: ::1:57023 - ASGI [13] Send {'type': 'http.response.body', 'body': '<746 bytes>', 'more_body': True}
2026-04-01 09:58:09,611 [TRACE] uvicorn.asgi: ::1:57023 - ASGI [13] Send {'type': 'http.response.body', 'body': '<0 bytes>', 'more_body': False}
2026-04-01 09:58:09,617 [TRACE] uvicorn.asgi: ::1:57023 - ASGI [13] Receive {'type': 'http.disconnect'}
2026-04-01 09:58:09,617 [TRACE] uvicorn.asgi: ::1:57023 - ASGI [13] Completed
2026-04-01 09:58:10,635 [TRACE] uvicorn.asgi: ::1:51223 - ASGI [9] Send {'type': 'http.response.body', 'body': '<45 bytes>', 'more_body': True}
2026-04-01 09:58:14,595 [TRACE] uvicorn.error: ::1:57023 - HTTP connection lost
2026-04-01 09:58:20,902 [TRACE] uvicorn.error: ::1:50331 - HTTP connection made
2026-04-01 09:58:20,902 [TRACE] uvicorn.asgi: ::1:50331 - ASGI [14] Started scope={'type': 'http', 'asgi': {'version': '3.0', 'spec_version': '2.3'}, 'http_version': '1.1', 'server': ('::1', 8003), 'client': ('::1', 50331), 'scheme': 'http', 'method': 'POST', 'root_path': '', 'path': '/mcp', 'raw_path': b'/mcp', 'query_string': b'', 'headers': '<...>', 'state': {}}
2026-04-01 09:58:20,902 [TRACE] uvicorn.asgi: ::1:50331 - ASGI [14] Send {'type': 'http.response.start', 'status': 307, 'headers': '<...>'}
2026-04-01 09:58:20,917 [INFO] uvicorn.access: ::1:50331 - "POST /mcp HTTP/1.1" 307
2026-04-01 09:58:20,917 [TRACE] uvicorn.asgi: ::1:50331 - ASGI [14] Send {'type': 'http.response.body', 'body': '<0 bytes>'}
2026-04-01 09:58:20,917 [TRACE] uvicorn.asgi: ::1:50331 - ASGI [14] Completed
2026-04-01 09:58:20,918 [TRACE] uvicorn.error: ::1:50331 - HTTP connection lost
2026-04-01 09:58:20,919 [TRACE] uvicorn.error: ::1:50332 - HTTP connection made
2026-04-01 09:58:20,920 [TRACE] uvicorn.asgi: ::1:50332 - ASGI [15] Started scope={'type': 'http', 'asgi': {'version': '3.0', 'spec_version': '2.3'}, 'http_version': '1.1', 'server': ('::1', 8003), 'client': ('::1', 50332), 'scheme': 'http', 'method': 'POST', 'root_path': '', 'path': '/mcp/', 'raw_path': b'/mcp/', 'query_string': b'', 'headers': '<...>', 'state': {}}
2026-04-01 09:58:20,921 [TRACE] uvicorn.asgi: ::1:50332 - ASGI [15] Receive {'type': 'http.request', 'body': '<141 bytes>', 'more_body': False}
2026-04-01 09:58:20,922 [TRACE] uvicorn.asgi: ::1:50332 - ASGI [15] Send {'type': 'http.response.start', 'status': 200, 'headers': '<...>'}
2026-04-01 09:58:20,922 [INFO] uvicorn.access: ::1:50332 - "POST /mcp/ HTTP/1.1" 200
2026-04-01 09:58:20,922 [INFO] mcp.server.lowlevel.server: Processing request of type GetPromptRequest
2026-04-01 09:58:20,922 [TRACE] uvicorn.asgi: ::1:50332 - ASGI [15] Send {'type': 'http.response.body', 'body': '<635 bytes>', 'more_body': True}
2026-04-01 09:58:20,922 [TRACE] uvicorn.asgi: ::1:50332 - ASGI [15] Send {'type': 'http.response.body', 'body': '<0 bytes>', 'more_body': False}
2026-04-01 09:58:20,922 [TRACE] uvicorn.asgi: ::1:50332 - ASGI [15] Receive {'type': 'http.disconnect'}
2026-04-01 09:58:20,926 [TRACE] uvicorn.asgi: ::1:50332 - ASGI [15] Completed
2026-04-01 09:58:25,626 [TRACE] uvicorn.asgi: ::1:51223 - ASGI [9] Send {'type': 'http.response.body', 'body': '<45 bytes>', 'more_body': True}
2026-04-01 09:58:25,935 [TRACE] uvicorn.error: ::1:50332 - HTTP connection lost
2026-04-01 09:58:31,742 [TRACE] uvicorn.error: ::1:49779 - HTTP connection made
2026-04-01 09:58:31,743 [TRACE] uvicorn.asgi: ::1:49779 - ASGI [16] Started scope={'type': 'http', 'asgi': {'version': '3.0', 'spec_version': '2.3'}, 'http_version': '1.1', 'server': ('::1', 8003), 'client': ('::1', 49779), 'scheme': 'http', 'method': 'DELETE', 'root_path': '', 'path': '/mcp', 'raw_path': b'/mcp', 'query_string': b'', 'headers': '<...>', 'state': {}}
2026-04-01 09:58:31,744 [TRACE] uvicorn.asgi: ::1:49779 - ASGI [16] Send {'type': 'http.response.start', 'status': 307, 'headers': '<...>'}
2026-04-01 09:58:31,744 [INFO] uvicorn.access: ::1:49779 - "DELETE /mcp HTTP/1.1" 307
2026-04-01 09:58:31,744 [TRACE] uvicorn.asgi: ::1:49779 - ASGI [16] Send {'type': 'http.response.body', 'body': '<0 bytes>'}
2026-04-01 09:58:31,744 [TRACE] uvicorn.asgi: ::1:49779 - ASGI [16] Completed
2026-04-01 09:58:31,745 [TRACE] uvicorn.error: ::1:49779 - HTTP connection lost
2026-04-01 09:58:31,746 [TRACE] uvicorn.error: ::1:49780 - HTTP connection made
2026-04-01 09:58:31,746 [TRACE] uvicorn.asgi: ::1:49780 - ASGI [17] Started scope={'type': 'http', 'asgi': {'version': '3.0', 'spec_version': '2.3'}, 'http_version': '1.1', 'server': ('::1', 8003), 'client': ('::1', 49780), 'scheme': 'http', 'method': 'DELETE', 'root_path': '', 'path': '/mcp/', 'raw_path': b'/mcp/', 'query_string': b'', 'headers': '<...>', 'state': {}}
2026-04-01 09:58:31,746 [INFO] mcp.server.streamable_http: Terminating session: 66d6badda3ba4701b498af0bf8bf72f0
2026-04-01 09:58:31,747 [TRACE] uvicorn.asgi: ::1:49780 - ASGI [17] Send {'type': 'http.response.start', 'status': <HTTPStatus.OK: 200>, 'headers': '<...>'}
2026-04-01 09:58:31,747 [INFO] uvicorn.access: ::1:49780 - "DELETE /mcp/ HTTP/1.1" 200
2026-04-01 09:58:31,747 [TRACE] uvicorn.asgi: ::1:49780 - ASGI [17] Send {'type': 'http.response.body', 'body': '<0 bytes>'}
2026-04-01 09:58:31,747 [TRACE] uvicorn.asgi: ::1:49780 - ASGI [17] Completed
2026-04-01 09:58:31,748 [TRACE] uvicorn.asgi: ::1:51223 - ASGI [9] Send {'type': 'http.response.body', 'body': '<0 bytes>', 'more_body': False}
2026-04-01 09:58:31,748 [TRACE] uvicorn.asgi: ::1:51223 - ASGI [9] Receive {'type': 'http.disconnect'}
2026-04-01 09:58:31,749 [TRACE] uvicorn.asgi: ::1:51223 - ASGI [9] Completed
2026-04-01 09:58:31,749 [TRACE] uvicorn.error: ::1:51223 - HTTP connection lost
2026-04-01 09:58:36,751 [TRACE] uvicorn.error: ::1:49780 - HTTP connection lost
